<?xml version="1.0" encoding="ISO-8859-1"?>
<SpoonerPlacements>
	<Note />
	<AudioFile volume="400" />
	<ClearDatabase>false</ClearDatabase>
	<ClearWorld>0</ClearWorld>
	<ClearMarkers>false</ClearMarkers>
	<IPLsToLoad load_mp_maps="false" load_sp_maps="false" />
	<IPLsToRemove />
	<InteriorsToEnable />
	<InteriorsToCap />
	<WeatherToSet></WeatherToSet>
	<TimecycleModifier strength="1"></TimecycleModifier>
	<StartTaskSequencesOnLoad>true</StartTaskSequencesOnLoad>
	<ReferenceCoords>
		<X>-127.52681</X>
		<Y>-634.486023</Y>
		<Z>168.820496</Z>
	</ReferenceCoords>
	<Placement>
		<ModelHash>0xb5cf80e4</ModelHash>
		<Type>1</Type>
		<Dynamic>false</Dynamic>
		<FrozenPos>true</FrozenPos>
		<HashName>Fat Cult Female</HashName>
		<InitialHandle>139781</InitialHandle>
		<PedProperties>
			<IsStill>true</IsStill>
			<CanRagdoll>false</CanRagdoll>
			<HasShortHeight>false</HasShortHeight>
			<Armour>0</Armour>
			<CurrentWeapon>0xa2719263</CurrentWeapon>
			<PedProps>
				<_0>-1,-1</_0>
				<_1>-1,-1</_1>
				<_2>-1,-1</_2>
				<_3>-1,-1</_3>
				<_4>-1,-1</_4>
				<_5>-1,-1</_5>
				<_6>-1,-1</_6>
				<_7>-1,-1</_7>
				<_8>-1,-1</_8>
				<_9>-1,-1</_9>
			</PedProps>
			<PedComps>
				<_0>1,2</_0>
				<_1>0,0</_1>
				<_2>1,1</_2>
				<_3>0,2</_3>
				<_4>0,2</_4>
				<_5>0,0</_5>
				<_6>0,0</_6>
				<_7>0,0</_7>
				<_8>1,0</_8>
				<_9>0,0</_9>
				<_10>0,0</_10>
				<_11>0,0</_11>
			</PedComps>
			<RelationshipGroupAltered>false</RelationshipGroupAltered>
			<RelationshipGroup>0xfade4843</RelationshipGroup>
			<ScenarioActive>false</ScenarioActive>
			<AnimActive>true</AnimActive>
			<AnimDict>rcmpaparazzo_2</AnimDict>
			<AnimName>shag_loop_poppy</AnimName>
		</PedProperties>
		<OpacityLevel>255</OpacityLevel>
		<LodDistance>16960</LodDistance>
		<IsVisible>true</IsVisible>
		<MaxHealth>99999</MaxHealth>
		<Health>99999</Health>
		<HasGravity>true</HasGravity>
		<IsOnFire>false</IsOnFire>
		<IsInvincible>true</IsInvincible>
		<IsBulletProof>false</IsBulletProof>
		<IsCollisionProof>false</IsCollisionProof>
		<IsExplosionProof>true</IsExplosionProof>
		<IsFireProof>true</IsFireProof>
		<IsMeleeProof>true</IsMeleeProof>
		<IsOnlyDamagedByPlayer>false</IsOnlyDamagedByPlayer>
		<PositionRotation>
			<X>-125.990158</X>
			<Y>-634.803162</Y>
			<Z>168.745499</Z>
			<Pitch>-5.33603917e-08</Pitch>
			<Roll>-0</Roll>
			<Yaw>2.53129339</Yaw>
		</PositionRotation>
		<Attachment isAttached="false" />
	</Placement>
	<Placement>
		<ModelHash>0x4b652906</ModelHash>
		<Type>1</Type>
		<Dynamic>false</Dynamic>
		<FrozenPos>true</FrozenPos>
		<HashName>Beach Muscle Male</HashName>
		<InitialHandle>714507</InitialHandle>
		<PedProperties>
			<IsStill>true</IsStill>
			<CanRagdoll>false</CanRagdoll>
			<HasShortHeight>false</HasShortHeight>
			<Armour>0</Armour>
			<CurrentWeapon>0xa2719263</CurrentWeapon>
			<PedProps>
				<_0>-1,-1</_0>
				<_1>-1,-1</_1>
				<_2>-1,-1</_2>
				<_3>-1,-1</_3>
				<_4>-1,-1</_4>
				<_5>-1,-1</_5>
				<_6>-1,-1</_6>
				<_7>-1,-1</_7>
				<_8>-1,-1</_8>
				<_9>-1,-1</_9>
			</PedProps>
			<PedComps>
				<_0>1,2</_0>
				<_1>0,0</_1>
				<_2>0,0</_2>
				<_3>1,2</_3>
				<_4>0,3</_4>
				<_5>0,0</_5>
				<_6>0,0</_6>
				<_7>0,0</_7>
				<_8>0,0</_8>
				<_9>0,0</_9>
				<_10>0,0</_10>
				<_11>0,0</_11>
			</PedComps>
			<RelationshipGroupAltered>false</RelationshipGroupAltered>
			<RelationshipGroup>0xfade4843</RelationshipGroup>
			<ScenarioActive>false</ScenarioActive>
			<AnimActive>true</AnimActive>
			<AnimDict>rcmpaparazzo_2</AnimDict>
			<AnimName>shag_loop_a</AnimName>
		</PedProperties>
		<OpacityLevel>255</OpacityLevel>
		<LodDistance>16960</LodDistance>
		<IsVisible>true</IsVisible>
		<MaxHealth>99999</MaxHealth>
		<Health>99999</Health>
		<HasGravity>true</HasGravity>
		<IsOnFire>false</IsOnFire>
		<IsInvincible>true</IsInvincible>
		<IsBulletProof>false</IsBulletProof>
		<IsCollisionProof>false</IsCollisionProof>
		<IsExplosionProof>true</IsExplosionProof>
		<IsFireProof>true</IsFireProof>
		<IsMeleeProof>true</IsMeleeProof>
		<IsOnlyDamagedByPlayer>false</IsOnlyDamagedByPlayer>
		<PositionRotation>
			<X>-125.963936</X>
			<Y>-635.115417</Y>
			<Z>168.814667</Z>
			<Pitch>0</Pitch>
			<Roll>0</Roll>
			<Yaw>1.17223728</Yaw>
		</PositionRotation>
		<Attachment isAttached="false" />
	</Placement>
</SpoonerPlacements>
