<?xml version="1.0" encoding="ISO-8859-1"?>
<SpoonerPlacements>
	<Note />
	<AudioFile volume="400" />
	<ClearDatabase>false</ClearDatabase>
	<ClearWorld>0</ClearWorld>
	<ClearMarkers>false</ClearMarkers>
	<IPLsToLoad load_mp_maps="false" load_sp_maps="false" />
	<IPLsToRemove />
	<InteriorsToEnable />
	<InteriorsToCap />
	<WeatherToSet></WeatherToSet>
	<TimecycleModifier strength="1"></TimecycleModifier>
	<StartTaskSequencesOnLoad>true</StartTaskSequencesOnLoad>
	<ReferenceCoords>
		<X>1127.10901</X>
		<Y>-660.561584</Y>
		<Z>56.6939774</Z>
	</ReferenceCoords>
	<Placement>
		<ModelHash>0x53f1a5a6</ModelHash>
		<Type>3</Type>
		<Dynamic>false</Dynamic>
		<FrozenPos>true</FrozenPos>
		<HashName>prop_water_ramp_01</HashName>
		<InitialHandle>268090</InitialHandle>
		<ObjectProperties>
			<TextureVariation>0</TextureVariation>
		</ObjectProperties>
		<OpacityLevel>255</OpacityLevel>
		<LodDistance>16960</LodDistance>
		<IsVisible>true</IsVisible>
		<MaxHealth>1000</MaxHealth>
		<Health>1000</Health>
		<HasGravity>true</HasGravity>
		<IsOnFire>false</IsOnFire>
		<IsInvincible>true</IsInvincible>
		<IsBulletProof>false</IsBulletProof>
		<IsCollisionProof>false</IsCollisionProof>
		<IsExplosionProof>true</IsExplosionProof>
		<IsFireProof>false</IsFireProof>
		<IsMeleeProof>true</IsMeleeProof>
		<IsOnlyDamagedByPlayer>false</IsOnlyDamagedByPlayer>
		<PositionRotation>
			<X>1102.49341</X>
			<Y>-669.497803</Y>
			<Z>55.9020538</Z>
			<Pitch>0</Pitch>
			<Roll>-0</Roll>
			<Yaw>-136.548126</Yaw>
		</PositionRotation>
		<Attachment isAttached="false" />
	</Placement>
	<Placement>
		<ModelHash>0x53f1a5a6</ModelHash>
		<Type>3</Type>
		<Dynamic>false</Dynamic>
		<FrozenPos>true</FrozenPos>
		<HashName>prop_water_ramp_01</HashName>
		<InitialHandle>269687</InitialHandle>
		<ObjectProperties>
			<TextureVariation>0</TextureVariation>
		</ObjectProperties>
		<OpacityLevel>255</OpacityLevel>
		<LodDistance>16960</LodDistance>
		<IsVisible>true</IsVisible>
		<MaxHealth>1000</MaxHealth>
		<Health>1000</Health>
		<HasGravity>true</HasGravity>
		<IsOnFire>false</IsOnFire>
		<IsInvincible>true</IsInvincible>
		<IsBulletProof>false</IsBulletProof>
		<IsCollisionProof>false</IsCollisionProof>
		<IsExplosionProof>true</IsExplosionProof>
		<IsFireProof>false</IsFireProof>
		<IsMeleeProof>true</IsMeleeProof>
		<IsOnlyDamagedByPlayer>false</IsOnlyDamagedByPlayer>
		<PositionRotation>
			<X>1082.80383</X>
			<Y>-661.901184</Y>
			<Z>56.0525055</Z>
			<Pitch>0</Pitch>
			<Roll>-0</Roll>
			<Yaw>179.203308</Yaw>
		</PositionRotation>
		<Attachment isAttached="false" />
	</Placement>
	<Placement>
		<ModelHash>0x53f1a5a6</ModelHash>
		<Type>3</Type>
		<Dynamic>false</Dynamic>
		<FrozenPos>true</FrozenPos>
		<HashName>prop_water_ramp_01</HashName>
		<InitialHandle>589639</InitialHandle>
		<ObjectProperties>
			<TextureVariation>0</TextureVariation>
		</ObjectProperties>
		<OpacityLevel>255</OpacityLevel>
		<LodDistance>16960</LodDistance>
		<IsVisible>true</IsVisible>
		<MaxHealth>1000</MaxHealth>
		<Health>1000</Health>
		<HasGravity>true</HasGravity>
		<IsOnFire>false</IsOnFire>
		<IsInvincible>true</IsInvincible>
		<IsBulletProof>false</IsBulletProof>
		<IsCollisionProof>false</IsCollisionProof>
		<IsExplosionProof>true</IsExplosionProof>
		<IsFireProof>false</IsFireProof>
		<IsMeleeProof>true</IsMeleeProof>
		<IsOnlyDamagedByPlayer>false</IsOnlyDamagedByPlayer>
		<PositionRotation>
			<X>1095.85718</X>
			<Y>-599.110168</Y>
			<Z>55.9069939</Z>
			<Pitch>0</Pitch>
			<Roll>0</Roll>
			<Yaw>-50.0076675</Yaw>
		</PositionRotation>
		<Attachment isAttached="false" />
	</Placement>
	<Placement>
		<ModelHash>0x774d6c5d</ModelHash>
		<Type>3</Type>
		<Dynamic>false</Dynamic>
		<FrozenPos>true</FrozenPos>
		<HashName>prop_water_ramp_03</HashName>
		<InitialHandle>722187</InitialHandle>
		<ObjectProperties>
			<TextureVariation>0</TextureVariation>
		</ObjectProperties>
		<OpacityLevel>255</OpacityLevel>
		<LodDistance>16960</LodDistance>
		<IsVisible>true</IsVisible>
		<MaxHealth>1000</MaxHealth>
		<Health>1000</Health>
		<HasGravity>true</HasGravity>
		<IsOnFire>false</IsOnFire>
		<IsInvincible>true</IsInvincible>
		<IsBulletProof>false</IsBulletProof>
		<IsCollisionProof>false</IsCollisionProof>
		<IsExplosionProof>true</IsExplosionProof>
		<IsFireProof>false</IsFireProof>
		<IsMeleeProof>true</IsMeleeProof>
		<IsOnlyDamagedByPlayer>false</IsOnlyDamagedByPlayer>
		<PositionRotation>
			<X>1114.44165</X>
			<Y>-709.948547</Y>
			<Z>55.4637833</Z>
			<Pitch>0</Pitch>
			<Roll>0</Roll>
			<Yaw>21.3901424</Yaw>
		</PositionRotation>
		<Attachment isAttached="false" />
	</Placement>
	<Placement>
		<ModelHash>0x774d6c5d</ModelHash>
		<Type>3</Type>
		<Dynamic>false</Dynamic>
		<FrozenPos>true</FrozenPos>
		<HashName>prop_water_ramp_03</HashName>
		<InitialHandle>555382</InitialHandle>
		<ObjectProperties>
			<TextureVariation>0</TextureVariation>
		</ObjectProperties>
		<OpacityLevel>255</OpacityLevel>
		<LodDistance>16960</LodDistance>
		<IsVisible>true</IsVisible>
		<MaxHealth>1000</MaxHealth>
		<Health>1000</Health>
		<HasGravity>true</HasGravity>
		<IsOnFire>false</IsOnFire>
		<IsInvincible>true</IsInvincible>
		<IsBulletProof>false</IsBulletProof>
		<IsCollisionProof>false</IsCollisionProof>
		<IsExplosionProof>true</IsExplosionProof>
		<IsFireProof>false</IsFireProof>
		<IsMeleeProof>true</IsMeleeProof>
		<IsOnlyDamagedByPlayer>false</IsOnlyDamagedByPlayer>
		<PositionRotation>
			<X>1067.23279</X>
			<Y>-637.089294</Y>
			<Z>55.5141525</Z>
			<Pitch>0</Pitch>
			<Roll>0</Roll>
			<Yaw>-48.4762459</Yaw>
		</PositionRotation>
		<Attachment isAttached="false" />
	</Placement>
	<Placement>
		<ModelHash>0x50182e54</ModelHash>
		<Type>3</Type>
		<Dynamic>false</Dynamic>
		<FrozenPos>true</FrozenPos>
		<HashName>prop_watertower02</HashName>
		<InitialHandle>352562</InitialHandle>
		<ObjectProperties>
			<TextureVariation>0</TextureVariation>
		</ObjectProperties>
		<OpacityLevel>255</OpacityLevel>
		<LodDistance>16960</LodDistance>
		<IsVisible>true</IsVisible>
		<MaxHealth>1000</MaxHealth>
		<Health>1000</Health>
		<HasGravity>true</HasGravity>
		<IsOnFire>false</IsOnFire>
		<IsInvincible>true</IsInvincible>
		<IsBulletProof>false</IsBulletProof>
		<IsCollisionProof>false</IsCollisionProof>
		<IsExplosionProof>true</IsExplosionProof>
		<IsFireProof>false</IsFireProof>
		<IsMeleeProof>true</IsMeleeProof>
		<IsOnlyDamagedByPlayer>false</IsOnlyDamagedByPlayer>
		<PositionRotation>
			<X>1121.43372</X>
			<Y>-707.677063</Y>
			<Z>53.6611977</Z>
			<Pitch>0</Pitch>
			<Roll>-0</Roll>
			<Yaw>162.880981</Yaw>
		</PositionRotation>
		<Attachment isAttached="false" />
	</Placement>
	<Placement>
		<ModelHash>0x50182e54</ModelHash>
		<Type>3</Type>
		<Dynamic>false</Dynamic>
		<FrozenPos>true</FrozenPos>
		<HashName>prop_watertower02</HashName>
		<InitialHandle>361818</InitialHandle>
		<ObjectProperties>
			<TextureVariation>0</TextureVariation>
		</ObjectProperties>
		<OpacityLevel>255</OpacityLevel>
		<LodDistance>16960</LodDistance>
		<IsVisible>true</IsVisible>
		<MaxHealth>1000</MaxHealth>
		<Health>1000</Health>
		<HasGravity>true</HasGravity>
		<IsOnFire>false</IsOnFire>
		<IsInvincible>true</IsInvincible>
		<IsBulletProof>false</IsBulletProof>
		<IsCollisionProof>false</IsCollisionProof>
		<IsExplosionProof>true</IsExplosionProof>
		<IsFireProof>false</IsFireProof>
		<IsMeleeProof>true</IsMeleeProof>
		<IsOnlyDamagedByPlayer>false</IsOnlyDamagedByPlayer>
		<PositionRotation>
			<X>1080.27246</X>
			<Y>-650.364258</Y>
			<Z>53.3613892</Z>
			<Pitch>0</Pitch>
			<Roll>-0</Roll>
			<Yaw>94.8677673</Yaw>
		</PositionRotation>
		<Attachment isAttached="false" />
	</Placement>
	<Placement>
		<ModelHash>0x50182e54</ModelHash>
		<Type>3</Type>
		<Dynamic>false</Dynamic>
		<FrozenPos>true</FrozenPos>
		<HashName>prop_watertower02</HashName>
		<InitialHandle>189054</InitialHandle>
		<ObjectProperties>
			<TextureVariation>0</TextureVariation>
		</ObjectProperties>
		<OpacityLevel>255</OpacityLevel>
		<LodDistance>16960</LodDistance>
		<IsVisible>true</IsVisible>
		<MaxHealth>1000</MaxHealth>
		<Health>1000</Health>
		<HasGravity>true</HasGravity>
		<IsOnFire>false</IsOnFire>
		<IsInvincible>true</IsInvincible>
		<IsBulletProof>false</IsBulletProof>
		<IsCollisionProof>false</IsCollisionProof>
		<IsExplosionProof>true</IsExplosionProof>
		<IsFireProof>false</IsFireProof>
		<IsMeleeProof>true</IsMeleeProof>
		<IsOnlyDamagedByPlayer>false</IsOnlyDamagedByPlayer>
		<PositionRotation>
			<X>1103.57227</X>
			<Y>-580.224243</Y>
			<Z>53.9104347</Z>
			<Pitch>0</Pitch>
			<Roll>0</Roll>
			<Yaw>7.4627862</Yaw>
		</PositionRotation>
		<Attachment isAttached="false" />
	</Placement>
	<Placement>
		<ModelHash>0x5b7e4520</ModelHash>
		<Type>3</Type>
		<Dynamic>false</Dynamic>
		<FrozenPos>true</FrozenPos>
		<HashName>prop_watertower03</HashName>
		<InitialHandle>631561</InitialHandle>
		<ObjectProperties>
			<TextureVariation>0</TextureVariation>
		</ObjectProperties>
		<OpacityLevel>255</OpacityLevel>
		<LodDistance>16960</LodDistance>
		<IsVisible>true</IsVisible>
		<MaxHealth>1000</MaxHealth>
		<Health>1000</Health>
		<HasGravity>true</HasGravity>
		<IsOnFire>false</IsOnFire>
		<IsInvincible>true</IsInvincible>
		<IsBulletProof>false</IsBulletProof>
		<IsCollisionProof>false</IsCollisionProof>
		<IsExplosionProof>true</IsExplosionProof>
		<IsFireProof>false</IsFireProof>
		<IsMeleeProof>true</IsMeleeProof>
		<IsOnlyDamagedByPlayer>false</IsOnlyDamagedByPlayer>
		<PositionRotation>
			<X>1095.01074</X>
			<Y>-617.866577</Y>
			<Z>53.7783546</Z>
			<Pitch>0</Pitch>
			<Roll>0</Roll>
			<Yaw>36.5857849</Yaw>
		</PositionRotation>
		<Attachment isAttached="false" />
	</Placement>
	<Placement>
		<ModelHash>0x41bc119c</ModelHash>
		<Type>3</Type>
		<Dynamic>false</Dynamic>
		<FrozenPos>true</FrozenPos>
		<HashName>prop_watertower01</HashName>
		<InitialHandle>422007</InitialHandle>
		<ObjectProperties>
			<TextureVariation>0</TextureVariation>
		</ObjectProperties>
		<OpacityLevel>255</OpacityLevel>
		<LodDistance>16960</LodDistance>
		<IsVisible>true</IsVisible>
		<MaxHealth>1000</MaxHealth>
		<Health>1000</Health>
		<HasGravity>true</HasGravity>
		<IsOnFire>false</IsOnFire>
		<IsInvincible>true</IsInvincible>
		<IsBulletProof>false</IsBulletProof>
		<IsCollisionProof>false</IsCollisionProof>
		<IsExplosionProof>true</IsExplosionProof>
		<IsFireProof>false</IsFireProof>
		<IsMeleeProof>true</IsMeleeProof>
		<IsOnlyDamagedByPlayer>false</IsOnlyDamagedByPlayer>
		<PositionRotation>
			<X>1052.11511</X>
			<Y>-663.846924</Y>
			<Z>53.6725426</Z>
			<Pitch>0</Pitch>
			<Roll>-0</Roll>
			<Yaw>110.958115</Yaw>
		</PositionRotation>
		<Attachment isAttached="false" />
	</Placement>
	<Placement>
		<ModelHash>0xec0725c8</ModelHash>
		<Type>3</Type>
		<Dynamic>false</Dynamic>
		<FrozenPos>true</FrozenPos>
		<HashName>ar_prop_ar_jetski_ramp_01_dev</HashName>
		<InitialHandle>705618</InitialHandle>
		<ObjectProperties>
			<TextureVariation>0</TextureVariation>
		</ObjectProperties>
		<OpacityLevel>255</OpacityLevel>
		<LodDistance>16960</LodDistance>
		<IsVisible>true</IsVisible>
		<MaxHealth>1000</MaxHealth>
		<Health>1000</Health>
		<HasGravity>true</HasGravity>
		<IsOnFire>false</IsOnFire>
		<IsInvincible>true</IsInvincible>
		<IsBulletProof>false</IsBulletProof>
		<IsCollisionProof>false</IsCollisionProof>
		<IsExplosionProof>true</IsExplosionProof>
		<IsFireProof>false</IsFireProof>
		<IsMeleeProof>true</IsMeleeProof>
		<IsOnlyDamagedByPlayer>false</IsOnlyDamagedByPlayer>
		<PositionRotation>
			<X>1081.18396</X>
			<Y>-714.060974</Y>
			<Z>56.2701073</Z>
			<Pitch>0</Pitch>
			<Roll>0</Roll>
			<Yaw>45.4315033</Yaw>
		</PositionRotation>
		<Attachment isAttached="false" />
	</Placement>
	<Placement>
		<ModelHash>0xec0725c8</ModelHash>
		<Type>3</Type>
		<Dynamic>false</Dynamic>
		<FrozenPos>true</FrozenPos>
		<HashName>ar_prop_ar_jetski_ramp_01_dev</HashName>
		<InitialHandle>3393</InitialHandle>
		<ObjectProperties>
			<TextureVariation>0</TextureVariation>
		</ObjectProperties>
		<OpacityLevel>255</OpacityLevel>
		<LodDistance>16960</LodDistance>
		<IsVisible>true</IsVisible>
		<MaxHealth>1000</MaxHealth>
		<Health>1000</Health>
		<HasGravity>true</HasGravity>
		<IsOnFire>false</IsOnFire>
		<IsInvincible>true</IsInvincible>
		<IsBulletProof>false</IsBulletProof>
		<IsCollisionProof>false</IsCollisionProof>
		<IsExplosionProof>true</IsExplosionProof>
		<IsFireProof>false</IsFireProof>
		<IsMeleeProof>true</IsMeleeProof>
		<IsOnlyDamagedByPlayer>false</IsOnlyDamagedByPlayer>
		<PositionRotation>
			<X>1063.39453</X>
			<Y>-711.014893</Y>
			<Z>56.2701073</Z>
			<Pitch>0</Pitch>
			<Roll>-0</Roll>
			<Yaw>-133.848236</Yaw>
		</PositionRotation>
		<Attachment isAttached="false" />
	</Placement>
	<Placement>
		<ModelHash>0x33581161</ModelHash>
		<Type>2</Type>
		<Dynamic>true</Dynamic>
		<FrozenPos>false</FrozenPos>
		<HashName>Jetmax</HashName>
		<InitialHandle>438539</InitialHandle>
		<VehicleProperties>
			<Colours>
				<Primary>0</Primary>
				<Secondary>111</Secondary>
				<Pearl>0</Pearl>
				<Rim>156</Rim>
				<Mod1_a>0</Mod1_a>
				<Mod1_b>0</Mod1_b>
				<Mod1_c>508</Mod1_c>
				<Mod2_a>0</Mod2_a>
				<Mod2_b>0</Mod2_b>
				<IsPrimaryColourCustom>false</IsPrimaryColourCustom>
				<IsSecondaryColourCustom>false</IsSecondaryColourCustom>
				<tyreSmoke_R>255</tyreSmoke_R>
				<tyreSmoke_G>255</tyreSmoke_G>
				<tyreSmoke_B>255</tyreSmoke_B>
				<LrInterior>0</LrInterior>
				<LrDashboard>0</LrDashboard>
				<LrXenonHeadlights>255</LrXenonHeadlights>
			</Colours>
			<Livery>-1</Livery>
			<NumberPlateText>24OHN638</NumberPlateText>
			<NumberPlateIndex>4</NumberPlateIndex>
			<WheelType>0</WheelType>
			<WheelsInvisible>false</WheelsInvisible>
			<EngineSoundName></EngineSoundName>
			<WindowTint>-1</WindowTint>
			<BulletProofTyres>false</BulletProofTyres>
			<DirtLevel>0</DirtLevel>
			<PaintFade>0.298039228</PaintFade>
			<RoofState>0</RoofState>
			<SirenActive>false</SirenActive>
			<EngineOn>true</EngineOn>
			<EngineHealth>1000</EngineHealth>
			<LightsOn>false</LightsOn>
			<IsRadioLoud>0</IsRadioLoud>
			<LockStatus>1</LockStatus>
			<Neons>
				<Left>false</Left>
				<Right>false</Right>
				<Front>false</Front>
				<Back>false</Back>
				<R>255</R>
				<G>0</G>
				<B>255</B>
			</Neons>
			<DoorsOpen>
				<BackLeftDoor>false</BackLeftDoor>
				<BackRightDoor>false</BackRightDoor>
				<FrontLeftDoor>false</FrontLeftDoor>
				<FrontRightDoor>false</FrontRightDoor>
				<Hood>false</Hood>
				<Trunk>false</Trunk>
				<Trunk2>false</Trunk2>
			</DoorsOpen>
			<DoorsBroken>
				<BackLeftDoor>false</BackLeftDoor>
				<BackRightDoor>false</BackRightDoor>
				<FrontLeftDoor>false</FrontLeftDoor>
				<FrontRightDoor>false</FrontRightDoor>
				<Hood>false</Hood>
				<Trunk>false</Trunk>
				<Trunk2>false</Trunk2>
			</DoorsBroken>
			<TyresBursted>
				<FrontLeft>false</FrontLeft>
				<FrontRight>false</FrontRight>
				<_2>false</_2>
				<_3>false</_3>
				<BackLeft>false</BackLeft>
				<BackRight>false</BackRight>
				<_6>false</_6>
				<_7>false</_7>
				<_8>false</_8>
			</TyresBursted>
			<ModExtras />
			<Mods>
				<_0>-1,0</_0>
				<_1>-1,0</_1>
				<_2>-1,0</_2>
				<_3>-1,0</_3>
				<_4>-1,0</_4>
				<_5>-1,0</_5>
				<_6>-1,0</_6>
				<_7>-1,0</_7>
				<_8>-1,0</_8>
				<_9>-1,0</_9>
				<_10>-1,0</_10>
				<_11>-1,0</_11>
				<_12>-1,0</_12>
				<_13>-1,0</_13>
				<_14>-1,0</_14>
				<_15>-1,0</_15>
				<_16>-1,0</_16>
				<_17>false</_17>
				<_18>false</_18>
				<_19>false</_19>
				<_20>false</_20>
				<_21>false</_21>
				<_22>false</_22>
				<_23>-1,0</_23>
				<_24>-1,0</_24>
				<_25>-1,0</_25>
				<_26>-1,0</_26>
				<_27>-1,0</_27>
				<_28>-1,0</_28>
				<_29>-1,0</_29>
				<_30>-1,0</_30>
				<_31>-1,0</_31>
				<_32>-1,0</_32>
				<_33>-1,0</_33>
				<_34>-1,0</_34>
				<_35>-1,0</_35>
				<_36>-1,0</_36>
				<_37>-1,0</_37>
				<_38>-1,0</_38>
				<_39>-1,0</_39>
				<_40>-1,0</_40>
				<_41>-1,0</_41>
				<_42>-1,0</_42>
				<_43>-1,0</_43>
				<_44>-1,0</_44>
				<_45>-1,0</_45>
				<_46>-1,0</_46>
				<_47>-1,0</_47>
				<_48>-1,0</_48>
			</Mods>
		</VehicleProperties>
		<OpacityLevel>255</OpacityLevel>
		<LodDistance>16960</LodDistance>
		<IsVisible>true</IsVisible>
		<MaxHealth>1000</MaxHealth>
		<Health>1000</Health>
		<HasGravity>true</HasGravity>
		<IsOnFire>false</IsOnFire>
		<IsInvincible>true</IsInvincible>
		<IsBulletProof>false</IsBulletProof>
		<IsCollisionProof>false</IsCollisionProof>
		<IsExplosionProof>true</IsExplosionProof>
		<IsFireProof>false</IsFireProof>
		<IsMeleeProof>true</IsMeleeProof>
		<IsOnlyDamagedByPlayer>false</IsOnlyDamagedByPlayer>
		<PositionRotation>
			<X>1117.53784</X>
			<Y>-663.491943</Y>
			<Z>55.6100197</Z>
			<Pitch>-1.21712506</Pitch>
			<Roll>-0.544608772</Roll>
			<Yaw>-170.564331</Yaw>
		</PositionRotation>
		<Attachment isAttached="false" />
	</Placement>
	<Placement>
		<ModelHash>0x1a144f2a</ModelHash>
		<Type>2</Type>
		<Dynamic>true</Dynamic>
		<FrozenPos>false</FrozenPos>
		<HashName>Speeder</HashName>
		<InitialHandle>170062</InitialHandle>
		<VehicleProperties>
			<Colours>
				<Primary>0</Primary>
				<Secondary>12</Secondary>
				<Pearl>7</Pearl>
				<Rim>28</Rim>
				<Mod1_a>0</Mod1_a>
				<Mod1_b>0</Mod1_b>
				<Mod1_c>508</Mod1_c>
				<Mod2_a>0</Mod2_a>
				<Mod2_b>0</Mod2_b>
				<IsPrimaryColourCustom>false</IsPrimaryColourCustom>
				<IsSecondaryColourCustom>false</IsSecondaryColourCustom>
				<tyreSmoke_R>255</tyreSmoke_R>
				<tyreSmoke_G>255</tyreSmoke_G>
				<tyreSmoke_B>255</tyreSmoke_B>
				<LrInterior>88</LrInterior>
				<LrDashboard>55</LrDashboard>
				<LrXenonHeadlights>255</LrXenonHeadlights>
			</Colours>
			<Livery>-1</Livery>
			<NumberPlateText>89YRJ505</NumberPlateText>
			<NumberPlateIndex>4</NumberPlateIndex>
			<WheelType>0</WheelType>
			<WheelsInvisible>false</WheelsInvisible>
			<EngineSoundName></EngineSoundName>
			<WindowTint>-1</WindowTint>
			<BulletProofTyres>false</BulletProofTyres>
			<DirtLevel>0</DirtLevel>
			<PaintFade>0.298039228</PaintFade>
			<RoofState>0</RoofState>
			<SirenActive>false</SirenActive>
			<EngineOn>true</EngineOn>
			<EngineHealth>1000</EngineHealth>
			<LightsOn>false</LightsOn>
			<IsRadioLoud>0</IsRadioLoud>
			<LockStatus>1</LockStatus>
			<Neons>
				<Left>false</Left>
				<Right>false</Right>
				<Front>false</Front>
				<Back>false</Back>
				<R>255</R>
				<G>0</G>
				<B>255</B>
			</Neons>
			<DoorsOpen>
				<BackLeftDoor>false</BackLeftDoor>
				<BackRightDoor>false</BackRightDoor>
				<FrontLeftDoor>false</FrontLeftDoor>
				<FrontRightDoor>false</FrontRightDoor>
				<Hood>false</Hood>
				<Trunk>false</Trunk>
				<Trunk2>false</Trunk2>
			</DoorsOpen>
			<DoorsBroken>
				<BackLeftDoor>false</BackLeftDoor>
				<BackRightDoor>false</BackRightDoor>
				<FrontLeftDoor>false</FrontLeftDoor>
				<FrontRightDoor>false</FrontRightDoor>
				<Hood>false</Hood>
				<Trunk>false</Trunk>
				<Trunk2>false</Trunk2>
			</DoorsBroken>
			<TyresBursted>
				<FrontLeft>false</FrontLeft>
				<FrontRight>false</FrontRight>
				<_2>false</_2>
				<_3>false</_3>
				<BackLeft>false</BackLeft>
				<BackRight>false</BackRight>
				<_6>false</_6>
				<_7>false</_7>
				<_8>false</_8>
			</TyresBursted>
			<ModExtras />
			<Mods>
				<_0>-1,0</_0>
				<_1>-1,0</_1>
				<_2>-1,0</_2>
				<_3>-1,0</_3>
				<_4>-1,0</_4>
				<_5>-1,0</_5>
				<_6>-1,0</_6>
				<_7>-1,0</_7>
				<_8>-1,0</_8>
				<_9>-1,0</_9>
				<_10>-1,0</_10>
				<_11>-1,0</_11>
				<_12>-1,0</_12>
				<_13>-1,0</_13>
				<_14>-1,0</_14>
				<_15>-1,0</_15>
				<_16>-1,0</_16>
				<_17>false</_17>
				<_18>false</_18>
				<_19>false</_19>
				<_20>false</_20>
				<_21>false</_21>
				<_22>false</_22>
				<_23>-1,0</_23>
				<_24>-1,0</_24>
				<_25>-1,0</_25>
				<_26>-1,0</_26>
				<_27>-1,0</_27>
				<_28>-1,0</_28>
				<_29>-1,0</_29>
				<_30>-1,0</_30>
				<_31>-1,0</_31>
				<_32>-1,0</_32>
				<_33>-1,0</_33>
				<_34>-1,0</_34>
				<_35>-1,0</_35>
				<_36>-1,0</_36>
				<_37>-1,0</_37>
				<_38>-1,0</_38>
				<_39>-1,0</_39>
				<_40>-1,0</_40>
				<_41>-1,0</_41>
				<_42>-1,0</_42>
				<_43>-1,0</_43>
				<_44>-1,0</_44>
				<_45>-1,0</_45>
				<_46>-1,0</_46>
				<_47>-1,0</_47>
				<_48>-1,0</_48>
			</Mods>
		</VehicleProperties>
		<OpacityLevel>255</OpacityLevel>
		<LodDistance>16960</LodDistance>
		<IsVisible>true</IsVisible>
		<MaxHealth>1000</MaxHealth>
		<Health>1000</Health>
		<HasGravity>true</HasGravity>
		<IsOnFire>false</IsOnFire>
		<IsInvincible>true</IsInvincible>
		<IsBulletProof>false</IsBulletProof>
		<IsCollisionProof>false</IsCollisionProof>
		<IsExplosionProof>true</IsExplosionProof>
		<IsFireProof>false</IsFireProof>
		<IsMeleeProof>true</IsMeleeProof>
		<IsOnlyDamagedByPlayer>false</IsOnlyDamagedByPlayer>
		<PositionRotation>
			<X>1120.33472</X>
			<Y>-662.713745</Y>
			<Z>55.4828453</Z>
			<Pitch>0.520869255</Pitch>
			<Roll>-0.190256819</Roll>
			<Yaw>-164.766327</Yaw>
		</PositionRotation>
		<Attachment isAttached="false" />
	</Placement>
	<Placement>
		<ModelHash>0xc2974024</ModelHash>
		<Type>2</Type>
		<Dynamic>true</Dynamic>
		<FrozenPos>false</FrozenPos>
		<HashName>Seashark</HashName>
		<InitialHandle>665631</InitialHandle>
		<VehicleProperties>
			<Colours>
				<Primary>67</Primary>
				<Secondary>0</Secondary>
				<Pearl>111</Pearl>
				<Rim>156</Rim>
				<Mod1_a>0</Mod1_a>
				<Mod1_b>0</Mod1_b>
				<Mod1_c>508</Mod1_c>
				<Mod2_a>0</Mod2_a>
				<Mod2_b>0</Mod2_b>
				<IsPrimaryColourCustom>false</IsPrimaryColourCustom>
				<IsSecondaryColourCustom>false</IsSecondaryColourCustom>
				<tyreSmoke_R>255</tyreSmoke_R>
				<tyreSmoke_G>255</tyreSmoke_G>
				<tyreSmoke_B>255</tyreSmoke_B>
				<LrInterior>0</LrInterior>
				<LrDashboard>0</LrDashboard>
				<LrXenonHeadlights>255</LrXenonHeadlights>
			</Colours>
			<Livery>-1</Livery>
			<NumberPlateText>41AJP450</NumberPlateText>
			<NumberPlateIndex>4</NumberPlateIndex>
			<WheelType>0</WheelType>
			<WheelsInvisible>false</WheelsInvisible>
			<EngineSoundName></EngineSoundName>
			<WindowTint>-1</WindowTint>
			<BulletProofTyres>false</BulletProofTyres>
			<DirtLevel>0</DirtLevel>
			<PaintFade>0.298039228</PaintFade>
			<RoofState>0</RoofState>
			<SirenActive>false</SirenActive>
			<EngineOn>true</EngineOn>
			<EngineHealth>1000</EngineHealth>
			<LightsOn>false</LightsOn>
			<IsRadioLoud>0</IsRadioLoud>
			<LockStatus>1</LockStatus>
			<Neons>
				<Left>false</Left>
				<Right>false</Right>
				<Front>false</Front>
				<Back>false</Back>
				<R>255</R>
				<G>0</G>
				<B>255</B>
			</Neons>
			<DoorsOpen>
				<BackLeftDoor>false</BackLeftDoor>
				<BackRightDoor>false</BackRightDoor>
				<FrontLeftDoor>false</FrontLeftDoor>
				<FrontRightDoor>false</FrontRightDoor>
				<Hood>false</Hood>
				<Trunk>false</Trunk>
				<Trunk2>false</Trunk2>
			</DoorsOpen>
			<DoorsBroken>
				<BackLeftDoor>false</BackLeftDoor>
				<BackRightDoor>false</BackRightDoor>
				<FrontLeftDoor>false</FrontLeftDoor>
				<FrontRightDoor>false</FrontRightDoor>
				<Hood>false</Hood>
				<Trunk>false</Trunk>
				<Trunk2>false</Trunk2>
			</DoorsBroken>
			<TyresBursted>
				<FrontLeft>false</FrontLeft>
				<FrontRight>false</FrontRight>
				<_2>false</_2>
				<_3>false</_3>
				<BackLeft>false</BackLeft>
				<BackRight>false</BackRight>
				<_6>false</_6>
				<_7>false</_7>
				<_8>false</_8>
			</TyresBursted>
			<ModExtras />
			<Mods>
				<_0>-1,0</_0>
				<_1>-1,0</_1>
				<_2>-1,0</_2>
				<_3>-1,0</_3>
				<_4>-1,0</_4>
				<_5>-1,0</_5>
				<_6>-1,0</_6>
				<_7>-1,0</_7>
				<_8>-1,0</_8>
				<_9>-1,0</_9>
				<_10>-1,0</_10>
				<_11>-1,0</_11>
				<_12>-1,0</_12>
				<_13>-1,0</_13>
				<_14>-1,0</_14>
				<_15>-1,0</_15>
				<_16>-1,0</_16>
				<_17>false</_17>
				<_18>false</_18>
				<_19>false</_19>
				<_20>false</_20>
				<_21>false</_21>
				<_22>false</_22>
				<_23>-1,0</_23>
				<_24>-1,0</_24>
				<_25>-1,0</_25>
				<_26>-1,0</_26>
				<_27>-1,0</_27>
				<_28>-1,0</_28>
				<_29>-1,0</_29>
				<_30>-1,0</_30>
				<_31>-1,0</_31>
				<_32>-1,0</_32>
				<_33>-1,0</_33>
				<_34>-1,0</_34>
				<_35>-1,0</_35>
				<_36>-1,0</_36>
				<_37>-1,0</_37>
				<_38>-1,0</_38>
				<_39>-1,0</_39>
				<_40>-1,0</_40>
				<_41>-1,0</_41>
				<_42>-1,0</_42>
				<_43>-1,0</_43>
				<_44>-1,0</_44>
				<_45>-1,0</_45>
				<_46>-1,0</_46>
				<_47>-1,0</_47>
				<_48>-1,0</_48>
			</Mods>
		</VehicleProperties>
		<OpacityLevel>255</OpacityLevel>
		<LodDistance>16960</LodDistance>
		<IsVisible>true</IsVisible>
		<MaxHealth>1000</MaxHealth>
		<Health>1000</Health>
		<HasGravity>true</HasGravity>
		<IsOnFire>false</IsOnFire>
		<IsInvincible>true</IsInvincible>
		<IsBulletProof>false</IsBulletProof>
		<IsCollisionProof>false</IsCollisionProof>
		<IsExplosionProof>true</IsExplosionProof>
		<IsFireProof>false</IsFireProof>
		<IsMeleeProof>true</IsMeleeProof>
		<IsOnlyDamagedByPlayer>false</IsOnlyDamagedByPlayer>
		<PositionRotation>
			<X>1110.49524</X>
			<Y>-654.86145</Y>
			<Z>55.2145309</Z>
			<Pitch>5.69284678</Pitch>
			<Roll>-0.0197426006</Roll>
			<Yaw>99.4830933</Yaw>
		</PositionRotation>
		<Attachment isAttached="false" />
	</Placement>
	<Placement>
		<ModelHash>0xc2974024</ModelHash>
		<Type>2</Type>
		<Dynamic>true</Dynamic>
		<FrozenPos>false</FrozenPos>
		<HashName>Seashark</HashName>
		<InitialHandle>746277</InitialHandle>
		<VehicleProperties>
			<Colours>
				<Primary>92</Primary>
				<Secondary>0</Secondary>
				<Pearl>89</Pearl>
				<Rim>156</Rim>
				<Mod1_a>0</Mod1_a>
				<Mod1_b>0</Mod1_b>
				<Mod1_c>508</Mod1_c>
				<Mod2_a>0</Mod2_a>
				<Mod2_b>0</Mod2_b>
				<IsPrimaryColourCustom>false</IsPrimaryColourCustom>
				<IsSecondaryColourCustom>false</IsSecondaryColourCustom>
				<tyreSmoke_R>255</tyreSmoke_R>
				<tyreSmoke_G>255</tyreSmoke_G>
				<tyreSmoke_B>255</tyreSmoke_B>
				<LrInterior>0</LrInterior>
				<LrDashboard>0</LrDashboard>
				<LrXenonHeadlights>255</LrXenonHeadlights>
			</Colours>
			<Livery>-1</Livery>
			<NumberPlateText>05FIZ287</NumberPlateText>
			<NumberPlateIndex>4</NumberPlateIndex>
			<WheelType>0</WheelType>
			<WheelsInvisible>false</WheelsInvisible>
			<EngineSoundName></EngineSoundName>
			<WindowTint>-1</WindowTint>
			<BulletProofTyres>false</BulletProofTyres>
			<DirtLevel>0</DirtLevel>
			<PaintFade>0.298039228</PaintFade>
			<RoofState>0</RoofState>
			<SirenActive>false</SirenActive>
			<EngineOn>true</EngineOn>
			<EngineHealth>1000</EngineHealth>
			<LightsOn>false</LightsOn>
			<IsRadioLoud>0</IsRadioLoud>
			<LockStatus>1</LockStatus>
			<Neons>
				<Left>false</Left>
				<Right>false</Right>
				<Front>false</Front>
				<Back>false</Back>
				<R>255</R>
				<G>0</G>
				<B>255</B>
			</Neons>
			<DoorsOpen>
				<BackLeftDoor>false</BackLeftDoor>
				<BackRightDoor>false</BackRightDoor>
				<FrontLeftDoor>false</FrontLeftDoor>
				<FrontRightDoor>false</FrontRightDoor>
				<Hood>false</Hood>
				<Trunk>false</Trunk>
				<Trunk2>false</Trunk2>
			</DoorsOpen>
			<DoorsBroken>
				<BackLeftDoor>false</BackLeftDoor>
				<BackRightDoor>false</BackRightDoor>
				<FrontLeftDoor>false</FrontLeftDoor>
				<FrontRightDoor>false</FrontRightDoor>
				<Hood>false</Hood>
				<Trunk>false</Trunk>
				<Trunk2>false</Trunk2>
			</DoorsBroken>
			<TyresBursted>
				<FrontLeft>false</FrontLeft>
				<FrontRight>false</FrontRight>
				<_2>false</_2>
				<_3>false</_3>
				<BackLeft>false</BackLeft>
				<BackRight>false</BackRight>
				<_6>false</_6>
				<_7>false</_7>
				<_8>false</_8>
			</TyresBursted>
			<ModExtras />
			<Mods>
				<_0>-1,0</_0>
				<_1>-1,0</_1>
				<_2>-1,0</_2>
				<_3>-1,0</_3>
				<_4>-1,0</_4>
				<_5>-1,0</_5>
				<_6>-1,0</_6>
				<_7>-1,0</_7>
				<_8>-1,0</_8>
				<_9>-1,0</_9>
				<_10>-1,0</_10>
				<_11>-1,0</_11>
				<_12>-1,0</_12>
				<_13>-1,0</_13>
				<_14>-1,0</_14>
				<_15>-1,0</_15>
				<_16>-1,0</_16>
				<_17>false</_17>
				<_18>false</_18>
				<_19>false</_19>
				<_20>false</_20>
				<_21>false</_21>
				<_22>false</_22>
				<_23>-1,0</_23>
				<_24>-1,0</_24>
				<_25>-1,0</_25>
				<_26>-1,0</_26>
				<_27>-1,0</_27>
				<_28>-1,0</_28>
				<_29>-1,0</_29>
				<_30>-1,0</_30>
				<_31>-1,0</_31>
				<_32>-1,0</_32>
				<_33>-1,0</_33>
				<_34>-1,0</_34>
				<_35>-1,0</_35>
				<_36>-1,0</_36>
				<_37>-1,0</_37>
				<_38>-1,0</_38>
				<_39>-1,0</_39>
				<_40>-1,0</_40>
				<_41>-1,0</_41>
				<_42>-1,0</_42>
				<_43>-1,0</_43>
				<_44>-1,0</_44>
				<_45>-1,0</_45>
				<_46>-1,0</_46>
				<_47>-1,0</_47>
				<_48>-1,0</_48>
			</Mods>
		</VehicleProperties>
		<OpacityLevel>255</OpacityLevel>
		<LodDistance>16960</LodDistance>
		<IsVisible>true</IsVisible>
		<MaxHealth>1000</MaxHealth>
		<Health>1000</Health>
		<HasGravity>true</HasGravity>
		<IsOnFire>false</IsOnFire>
		<IsInvincible>true</IsInvincible>
		<IsBulletProof>false</IsBulletProof>
		<IsCollisionProof>false</IsCollisionProof>
		<IsExplosionProof>true</IsExplosionProof>
		<IsFireProof>false</IsFireProof>
		<IsMeleeProof>true</IsMeleeProof>
		<IsOnlyDamagedByPlayer>false</IsOnlyDamagedByPlayer>
		<PositionRotation>
			<X>1109.67212</X>
			<Y>-650.650574</Y>
			<Z>55.2147369</Z>
			<Pitch>5.70555449</Pitch>
			<Roll>0.0691237375</Roll>
			<Yaw>53.5189133</Yaw>
		</PositionRotation>
		<Attachment isAttached="false" />
	</Placement>
	<Placement>
		<ModelHash>0xc2974024</ModelHash>
		<Type>2</Type>
		<Dynamic>true</Dynamic>
		<FrozenPos>false</FrozenPos>
		<HashName>Seashark</HashName>
		<InitialHandle>695934</InitialHandle>
		<VehicleProperties>
			<Colours>
				<Primary>13</Primary>
				<Secondary>0</Secondary>
				<Pearl>62</Pearl>
				<Rim>156</Rim>
				<Mod1_a>0</Mod1_a>
				<Mod1_b>0</Mod1_b>
				<Mod1_c>508</Mod1_c>
				<Mod2_a>0</Mod2_a>
				<Mod2_b>0</Mod2_b>
				<IsPrimaryColourCustom>false</IsPrimaryColourCustom>
				<IsSecondaryColourCustom>false</IsSecondaryColourCustom>
				<tyreSmoke_R>255</tyreSmoke_R>
				<tyreSmoke_G>255</tyreSmoke_G>
				<tyreSmoke_B>255</tyreSmoke_B>
				<LrInterior>0</LrInterior>
				<LrDashboard>0</LrDashboard>
				<LrXenonHeadlights>255</LrXenonHeadlights>
			</Colours>
			<Livery>-1</Livery>
			<NumberPlateText>07IOO665</NumberPlateText>
			<NumberPlateIndex>4</NumberPlateIndex>
			<WheelType>0</WheelType>
			<WheelsInvisible>false</WheelsInvisible>
			<EngineSoundName></EngineSoundName>
			<WindowTint>-1</WindowTint>
			<BulletProofTyres>false</BulletProofTyres>
			<DirtLevel>0</DirtLevel>
			<PaintFade>0.298039228</PaintFade>
			<RoofState>0</RoofState>
			<SirenActive>false</SirenActive>
			<EngineOn>true</EngineOn>
			<EngineHealth>1000</EngineHealth>
			<LightsOn>false</LightsOn>
			<IsRadioLoud>0</IsRadioLoud>
			<LockStatus>1</LockStatus>
			<Neons>
				<Left>false</Left>
				<Right>false</Right>
				<Front>false</Front>
				<Back>false</Back>
				<R>255</R>
				<G>0</G>
				<B>255</B>
			</Neons>
			<DoorsOpen>
				<BackLeftDoor>false</BackLeftDoor>
				<BackRightDoor>false</BackRightDoor>
				<FrontLeftDoor>false</FrontLeftDoor>
				<FrontRightDoor>false</FrontRightDoor>
				<Hood>false</Hood>
				<Trunk>false</Trunk>
				<Trunk2>false</Trunk2>
			</DoorsOpen>
			<DoorsBroken>
				<BackLeftDoor>false</BackLeftDoor>
				<BackRightDoor>false</BackRightDoor>
				<FrontLeftDoor>false</FrontLeftDoor>
				<FrontRightDoor>false</FrontRightDoor>
				<Hood>false</Hood>
				<Trunk>false</Trunk>
				<Trunk2>false</Trunk2>
			</DoorsBroken>
			<TyresBursted>
				<FrontLeft>false</FrontLeft>
				<FrontRight>false</FrontRight>
				<_2>false</_2>
				<_3>false</_3>
				<BackLeft>false</BackLeft>
				<BackRight>false</BackRight>
				<_6>false</_6>
				<_7>false</_7>
				<_8>false</_8>
			</TyresBursted>
			<ModExtras />
			<Mods>
				<_0>-1,0</_0>
				<_1>-1,0</_1>
				<_2>-1,0</_2>
				<_3>-1,0</_3>
				<_4>-1,0</_4>
				<_5>-1,0</_5>
				<_6>-1,0</_6>
				<_7>-1,0</_7>
				<_8>-1,0</_8>
				<_9>-1,0</_9>
				<_10>-1,0</_10>
				<_11>-1,0</_11>
				<_12>-1,0</_12>
				<_13>-1,0</_13>
				<_14>-1,0</_14>
				<_15>-1,0</_15>
				<_16>-1,0</_16>
				<_17>false</_17>
				<_18>false</_18>
				<_19>false</_19>
				<_20>false</_20>
				<_21>false</_21>
				<_22>false</_22>
				<_23>-1,0</_23>
				<_24>-1,0</_24>
				<_25>-1,0</_25>
				<_26>-1,0</_26>
				<_27>-1,0</_27>
				<_28>-1,0</_28>
				<_29>-1,0</_29>
				<_30>-1,0</_30>
				<_31>-1,0</_31>
				<_32>-1,0</_32>
				<_33>-1,0</_33>
				<_34>-1,0</_34>
				<_35>-1,0</_35>
				<_36>-1,0</_36>
				<_37>-1,0</_37>
				<_38>-1,0</_38>
				<_39>-1,0</_39>
				<_40>-1,0</_40>
				<_41>-1,0</_41>
				<_42>-1,0</_42>
				<_43>-1,0</_43>
				<_44>-1,0</_44>
				<_45>-1,0</_45>
				<_46>-1,0</_46>
				<_47>-1,0</_47>
				<_48>-1,0</_48>
			</Mods>
		</VehicleProperties>
		<OpacityLevel>255</OpacityLevel>
		<LodDistance>16960</LodDistance>
		<IsVisible>true</IsVisible>
		<MaxHealth>1000</MaxHealth>
		<Health>1000</Health>
		<HasGravity>true</HasGravity>
		<IsOnFire>false</IsOnFire>
		<IsInvincible>true</IsInvincible>
		<IsBulletProof>false</IsBulletProof>
		<IsCollisionProof>false</IsCollisionProof>
		<IsExplosionProof>true</IsExplosionProof>
		<IsFireProof>false</IsFireProof>
		<IsMeleeProof>true</IsMeleeProof>
		<IsOnlyDamagedByPlayer>false</IsOnlyDamagedByPlayer>
		<PositionRotation>
			<X>1108.76306</X>
			<Y>-646.944519</Y>
			<Z>55.2147369</Z>
			<Pitch>5.70623732</Pitch>
			<Roll>-0.0167112201</Roll>
			<Yaw>99.7077026</Yaw>
		</PositionRotation>
		<Attachment isAttached="false" />
	</Placement>
	<Placement>
		<ModelHash>0xdb4388e4</ModelHash>
		<Type>2</Type>
		<Dynamic>true</Dynamic>
		<FrozenPos>false</FrozenPos>
		<HashName>Seashark</HashName>
		<InitialHandle>736381</InitialHandle>
		<VehicleProperties>
			<Colours>
				<Primary>111</Primary>
				<Secondary>132</Secondary>
				<Pearl>0</Pearl>
				<Rim>156</Rim>
				<Mod1_a>0</Mod1_a>
				<Mod1_b>0</Mod1_b>
				<Mod1_c>508</Mod1_c>
				<Mod2_a>0</Mod2_a>
				<Mod2_b>0</Mod2_b>
				<IsPrimaryColourCustom>false</IsPrimaryColourCustom>
				<IsSecondaryColourCustom>false</IsSecondaryColourCustom>
				<tyreSmoke_R>255</tyreSmoke_R>
				<tyreSmoke_G>255</tyreSmoke_G>
				<tyreSmoke_B>255</tyreSmoke_B>
				<LrInterior>0</LrInterior>
				<LrDashboard>0</LrDashboard>
				<LrXenonHeadlights>255</LrXenonHeadlights>
			</Colours>
			<Livery>-1</Livery>
			<NumberPlateText>86UPA978</NumberPlateText>
			<NumberPlateIndex>4</NumberPlateIndex>
			<WheelType>0</WheelType>
			<WheelsInvisible>false</WheelsInvisible>
			<EngineSoundName></EngineSoundName>
			<WindowTint>-1</WindowTint>
			<BulletProofTyres>false</BulletProofTyres>
			<DirtLevel>0</DirtLevel>
			<PaintFade>0.298039228</PaintFade>
			<RoofState>0</RoofState>
			<SirenActive>false</SirenActive>
			<EngineOn>true</EngineOn>
			<EngineHealth>1000</EngineHealth>
			<LightsOn>false</LightsOn>
			<IsRadioLoud>0</IsRadioLoud>
			<LockStatus>1</LockStatus>
			<Neons>
				<Left>false</Left>
				<Right>false</Right>
				<Front>false</Front>
				<Back>false</Back>
				<R>255</R>
				<G>0</G>
				<B>255</B>
			</Neons>
			<DoorsOpen>
				<BackLeftDoor>false</BackLeftDoor>
				<BackRightDoor>false</BackRightDoor>
				<FrontLeftDoor>false</FrontLeftDoor>
				<FrontRightDoor>false</FrontRightDoor>
				<Hood>false</Hood>
				<Trunk>false</Trunk>
				<Trunk2>false</Trunk2>
			</DoorsOpen>
			<DoorsBroken>
				<BackLeftDoor>false</BackLeftDoor>
				<BackRightDoor>false</BackRightDoor>
				<FrontLeftDoor>false</FrontLeftDoor>
				<FrontRightDoor>false</FrontRightDoor>
				<Hood>false</Hood>
				<Trunk>false</Trunk>
				<Trunk2>false</Trunk2>
			</DoorsBroken>
			<TyresBursted>
				<FrontLeft>false</FrontLeft>
				<FrontRight>false</FrontRight>
				<_2>false</_2>
				<_3>false</_3>
				<BackLeft>false</BackLeft>
				<BackRight>false</BackRight>
				<_6>false</_6>
				<_7>false</_7>
				<_8>false</_8>
			</TyresBursted>
			<ModExtras />
			<Mods>
				<_0>-1,0</_0>
				<_1>-1,0</_1>
				<_2>-1,0</_2>
				<_3>-1,0</_3>
				<_4>-1,0</_4>
				<_5>-1,0</_5>
				<_6>-1,0</_6>
				<_7>-1,0</_7>
				<_8>-1,0</_8>
				<_9>-1,0</_9>
				<_10>-1,0</_10>
				<_11>-1,0</_11>
				<_12>-1,0</_12>
				<_13>-1,0</_13>
				<_14>-1,0</_14>
				<_15>-1,0</_15>
				<_16>-1,0</_16>
				<_17>false</_17>
				<_18>false</_18>
				<_19>false</_19>
				<_20>false</_20>
				<_21>false</_21>
				<_22>false</_22>
				<_23>-1,0</_23>
				<_24>-1,0</_24>
				<_25>-1,0</_25>
				<_26>-1,0</_26>
				<_27>-1,0</_27>
				<_28>-1,0</_28>
				<_29>-1,0</_29>
				<_30>-1,0</_30>
				<_31>-1,0</_31>
				<_32>-1,0</_32>
				<_33>-1,0</_33>
				<_34>-1,0</_34>
				<_35>-1,0</_35>
				<_36>-1,0</_36>
				<_37>-1,0</_37>
				<_38>-1,0</_38>
				<_39>-1,0</_39>
				<_40>-1,0</_40>
				<_41>-1,0</_41>
				<_42>-1,0</_42>
				<_43>-1,0</_43>
				<_44>-1,0</_44>
				<_45>-1,0</_45>
				<_46>-1,0</_46>
				<_47>-1,0</_47>
				<_48>-1,0</_48>
			</Mods>
		</VehicleProperties>
		<OpacityLevel>255</OpacityLevel>
		<LodDistance>16960</LodDistance>
		<IsVisible>true</IsVisible>
		<MaxHealth>1000</MaxHealth>
		<Health>1000</Health>
		<HasGravity>true</HasGravity>
		<IsOnFire>false</IsOnFire>
		<IsInvincible>true</IsInvincible>
		<IsBulletProof>false</IsBulletProof>
		<IsCollisionProof>false</IsCollisionProof>
		<IsExplosionProof>true</IsExplosionProof>
		<IsFireProof>false</IsFireProof>
		<IsMeleeProof>true</IsMeleeProof>
		<IsOnlyDamagedByPlayer>false</IsOnlyDamagedByPlayer>
		<PositionRotation>
			<X>1108.01563</X>
			<Y>-643.08905</Y>
			<Z>55.2149429</Z>
			<Pitch>5.71192312</Pitch>
			<Roll>-0.0128931357</Roll>
			<Yaw>102.002876</Yaw>
		</PositionRotation>
		<Attachment isAttached="false" />
	</Placement>
	<Placement>
		<ModelHash>0x33b47f96</ModelHash>
		<Type>2</Type>
		<Dynamic>true</Dynamic>
		<FrozenPos>false</FrozenPos>
		<HashName>Dinghy</HashName>
		<InitialHandle>601111</InitialHandle>
		<VehicleProperties>
			<Colours>
				<Primary>0</Primary>
				<Secondary>0</Secondary>
				<Pearl>8</Pearl>
				<Rim>156</Rim>
				<Mod1_a>0</Mod1_a>
				<Mod1_b>0</Mod1_b>
				<Mod1_c>508</Mod1_c>
				<Mod2_a>0</Mod2_a>
				<Mod2_b>0</Mod2_b>
				<IsPrimaryColourCustom>false</IsPrimaryColourCustom>
				<IsSecondaryColourCustom>false</IsSecondaryColourCustom>
				<tyreSmoke_R>255</tyreSmoke_R>
				<tyreSmoke_G>255</tyreSmoke_G>
				<tyreSmoke_B>255</tyreSmoke_B>
				<LrInterior>0</LrInterior>
				<LrDashboard>0</LrDashboard>
				<LrXenonHeadlights>255</LrXenonHeadlights>
			</Colours>
			<Livery>-1</Livery>
			<NumberPlateText>27YCA164</NumberPlateText>
			<NumberPlateIndex>4</NumberPlateIndex>
			<WheelType>0</WheelType>
			<WheelsInvisible>false</WheelsInvisible>
			<EngineSoundName></EngineSoundName>
			<WindowTint>-1</WindowTint>
			<BulletProofTyres>false</BulletProofTyres>
			<DirtLevel>0</DirtLevel>
			<PaintFade>0.298039228</PaintFade>
			<RoofState>0</RoofState>
			<SirenActive>false</SirenActive>
			<EngineOn>true</EngineOn>
			<EngineHealth>1000</EngineHealth>
			<LightsOn>false</LightsOn>
			<IsRadioLoud>0</IsRadioLoud>
			<LockStatus>1</LockStatus>
			<Neons>
				<Left>false</Left>
				<Right>false</Right>
				<Front>false</Front>
				<Back>false</Back>
				<R>255</R>
				<G>0</G>
				<B>255</B>
			</Neons>
			<DoorsOpen>
				<BackLeftDoor>false</BackLeftDoor>
				<BackRightDoor>false</BackRightDoor>
				<FrontLeftDoor>false</FrontLeftDoor>
				<FrontRightDoor>false</FrontRightDoor>
				<Hood>false</Hood>
				<Trunk>false</Trunk>
				<Trunk2>false</Trunk2>
			</DoorsOpen>
			<DoorsBroken>
				<BackLeftDoor>false</BackLeftDoor>
				<BackRightDoor>false</BackRightDoor>
				<FrontLeftDoor>false</FrontLeftDoor>
				<FrontRightDoor>false</FrontRightDoor>
				<Hood>false</Hood>
				<Trunk>false</Trunk>
				<Trunk2>false</Trunk2>
			</DoorsBroken>
			<TyresBursted>
				<FrontLeft>false</FrontLeft>
				<FrontRight>false</FrontRight>
				<_2>false</_2>
				<_3>false</_3>
				<BackLeft>false</BackLeft>
				<BackRight>false</BackRight>
				<_6>false</_6>
				<_7>false</_7>
				<_8>false</_8>
			</TyresBursted>
			<ModExtras>
				<_2>false</_2>
				<_3>true</_3>
			</ModExtras>
			<Mods>
				<_0>-1,0</_0>
				<_1>-1,0</_1>
				<_2>-1,0</_2>
				<_3>-1,0</_3>
				<_4>-1,0</_4>
				<_5>-1,0</_5>
				<_6>-1,0</_6>
				<_7>-1,0</_7>
				<_8>-1,0</_8>
				<_9>-1,0</_9>
				<_10>-1,0</_10>
				<_11>-1,0</_11>
				<_12>-1,0</_12>
				<_13>-1,0</_13>
				<_14>-1,0</_14>
				<_15>-1,0</_15>
				<_16>-1,0</_16>
				<_17>false</_17>
				<_18>false</_18>
				<_19>false</_19>
				<_20>false</_20>
				<_21>false</_21>
				<_22>false</_22>
				<_23>-1,0</_23>
				<_24>-1,0</_24>
				<_25>-1,0</_25>
				<_26>-1,0</_26>
				<_27>-1,0</_27>
				<_28>-1,0</_28>
				<_29>-1,0</_29>
				<_30>-1,0</_30>
				<_31>-1,0</_31>
				<_32>-1,0</_32>
				<_33>-1,0</_33>
				<_34>-1,0</_34>
				<_35>-1,0</_35>
				<_36>-1,0</_36>
				<_37>-1,0</_37>
				<_38>-1,0</_38>
				<_39>-1,0</_39>
				<_40>-1,0</_40>
				<_41>-1,0</_41>
				<_42>-1,0</_42>
				<_43>-1,0</_43>
				<_44>-1,0</_44>
				<_45>-1,0</_45>
				<_46>-1,0</_46>
				<_47>-1,0</_47>
				<_48>-1,0</_48>
			</Mods>
		</VehicleProperties>
		<OpacityLevel>255</OpacityLevel>
		<LodDistance>16960</LodDistance>
		<IsVisible>true</IsVisible>
		<MaxHealth>1000</MaxHealth>
		<Health>1000</Health>
		<HasGravity>true</HasGravity>
		<IsOnFire>false</IsOnFire>
		<IsInvincible>true</IsInvincible>
		<IsBulletProof>false</IsBulletProof>
		<IsCollisionProof>false</IsCollisionProof>
		<IsExplosionProof>true</IsExplosionProof>
		<IsFireProof>false</IsFireProof>
		<IsMeleeProof>true</IsMeleeProof>
		<IsOnlyDamagedByPlayer>false</IsOnlyDamagedByPlayer>
		<PositionRotation>
			<X>1111.85107</X>
			<Y>-628.916504</Y>
			<Z>55.4210205</Z>
			<Pitch>2.65840507</Pitch>
			<Roll>-0.000298822153</Roll>
			<Yaw>14.9112482</Yaw>
		</PositionRotation>
		<Attachment isAttached="false" />
	</Placement>
</SpoonerPlacements>
