<?xml version="1.0" encoding="ISO-8859-1"?>
<SpoonerPlacements>
	<Note />
	<AudioFile volume="400" />
	<ClearDatabase>false</ClearDatabase>
	<ClearWorld>0</ClearWorld>
	<ClearMarkers>false</ClearMarkers>
	<IPLsToLoad load_mp_maps="false" load_sp_maps="false" />
	<IPLsToRemove />
	<InteriorsToEnable />
	<InteriorsToCap />
	<WeatherToSet></WeatherToSet>
	<TimecycleModifier strength="1"></TimecycleModifier>
	<StartTaskSequencesOnLoad>true</StartTaskSequencesOnLoad>
	<ReferenceCoords>
		<X>-1348.59985</X>
		<Y>-3037.99658</Y>
		<Z>15.9760122</Z>
	</ReferenceCoords>
	<Placement>
		<ModelHash>0xbdbd6259</ModelHash>
		<Type>3</Type>
		<Dynamic>false</Dynamic>
		<FrozenPos>true</FrozenPos>
		<HashName>bkr_prop_biker_bblock_cor_02</HashName>
		<InitialHandle>72974</InitialHandle>
		<ObjectProperties>
			<TextureVariation>0</TextureVariation>
		</ObjectProperties>
		<OpacityLevel>255</OpacityLevel>
		<LodDistance>16960</LodDistance>
		<IsVisible>true</IsVisible>
		<MaxHealth>1000</MaxHealth>
		<Health>1000</Health>
		<HasGravity>true</HasGravity>
		<IsOnFire>false</IsOnFire>
		<IsInvincible>true</IsInvincible>
		<IsBulletProof>false</IsBulletProof>
		<IsCollisionProof>false</IsCollisionProof>
		<IsExplosionProof>true</IsExplosionProof>
		<IsFireProof>false</IsFireProof>
		<IsMeleeProof>true</IsMeleeProof>
		<IsOnlyDamagedByPlayer>false</IsOnlyDamagedByPlayer>
		<PositionRotation>
			<X>-1355.62769</X>
			<Y>-2979.37231</Y>
			<Z>40.7969894</Z>
			<Pitch>0</Pitch>
			<Roll>0</Roll>
			<Yaw>54.9694748</Yaw>
		</PositionRotation>
		<Attachment isAttached="false" />
	</Placement>
	<Placement>
		<ModelHash>0xbdbd6259</ModelHash>
		<Type>3</Type>
		<Dynamic>false</Dynamic>
		<FrozenPos>true</FrozenPos>
		<HashName>bkr_prop_biker_bblock_cor_02</HashName>
		<InitialHandle>110095</InitialHandle>
		<ObjectProperties>
			<TextureVariation>0</TextureVariation>
		</ObjectProperties>
		<OpacityLevel>255</OpacityLevel>
		<LodDistance>16960</LodDistance>
		<IsVisible>true</IsVisible>
		<MaxHealth>1000</MaxHealth>
		<Health>1000</Health>
		<HasGravity>true</HasGravity>
		<IsOnFire>false</IsOnFire>
		<IsInvincible>true</IsInvincible>
		<IsBulletProof>false</IsBulletProof>
		<IsCollisionProof>false</IsCollisionProof>
		<IsExplosionProof>true</IsExplosionProof>
		<IsFireProof>false</IsFireProof>
		<IsMeleeProof>true</IsMeleeProof>
		<IsOnlyDamagedByPlayer>false</IsOnlyDamagedByPlayer>
		<PositionRotation>
			<X>-1393.51257</X>
			<Y>-3033.41626</Y>
			<Z>40.7969894</Z>
			<Pitch>0</Pitch>
			<Roll>-0</Roll>
			<Yaw>144.969452</Yaw>
		</PositionRotation>
		<Attachment isAttached="false" />
	</Placement>
	<Placement>
		<ModelHash>0xbdbd6259</ModelHash>
		<Type>3</Type>
		<Dynamic>false</Dynamic>
		<FrozenPos>true</FrozenPos>
		<HashName>bkr_prop_biker_bblock_cor_02</HashName>
		<InitialHandle>154638</InitialHandle>
		<ObjectProperties>
			<TextureVariation>0</TextureVariation>
		</ObjectProperties>
		<OpacityLevel>255</OpacityLevel>
		<LodDistance>16960</LodDistance>
		<IsVisible>true</IsVisible>
		<MaxHealth>1000</MaxHealth>
		<Health>1000</Health>
		<HasGravity>true</HasGravity>
		<IsOnFire>false</IsOnFire>
		<IsInvincible>true</IsInvincible>
		<IsBulletProof>false</IsBulletProof>
		<IsCollisionProof>false</IsCollisionProof>
		<IsExplosionProof>true</IsExplosionProof>
		<IsFireProof>false</IsFireProof>
		<IsMeleeProof>true</IsMeleeProof>
		<IsOnlyDamagedByPlayer>false</IsOnlyDamagedByPlayer>
		<PositionRotation>
			<X>-1301.58386</X>
			<Y>-3017.25708</Y>
			<Z>40.7969894</Z>
			<Pitch>-0</Pitch>
			<Roll>-0</Roll>
			<Yaw>-35.0305061</Yaw>
		</PositionRotation>
		<Attachment isAttached="false" />
	</Placement>
	<Placement>
		<ModelHash>0xbdbd6259</ModelHash>
		<Type>3</Type>
		<Dynamic>false</Dynamic>
		<FrozenPos>true</FrozenPos>
		<HashName>bkr_prop_biker_bblock_cor_02</HashName>
		<InitialHandle>13328</InitialHandle>
		<ObjectProperties>
			<TextureVariation>0</TextureVariation>
		</ObjectProperties>
		<OpacityLevel>255</OpacityLevel>
		<LodDistance>16960</LodDistance>
		<IsVisible>true</IsVisible>
		<MaxHealth>1000</MaxHealth>
		<Health>1000</Health>
		<HasGravity>true</HasGravity>
		<IsOnFire>false</IsOnFire>
		<IsInvincible>true</IsInvincible>
		<IsBulletProof>false</IsBulletProof>
		<IsCollisionProof>false</IsCollisionProof>
		<IsExplosionProof>true</IsExplosionProof>
		<IsFireProof>false</IsFireProof>
		<IsMeleeProof>true</IsMeleeProof>
		<IsOnlyDamagedByPlayer>false</IsOnlyDamagedByPlayer>
		<PositionRotation>
			<X>-1339.46863</X>
			<Y>-3071.30103</Y>
			<Z>40.7969894</Z>
			<Pitch>0</Pitch>
			<Roll>-0</Roll>
			<Yaw>-125.03054</Yaw>
		</PositionRotation>
		<Attachment isAttached="false" />
	</Placement>
	<Placement>
		<ModelHash>0xbdbd6259</ModelHash>
		<Type>3</Type>
		<Dynamic>false</Dynamic>
		<FrozenPos>true</FrozenPos>
		<HashName>bkr_prop_biker_bblock_cor_02</HashName>
		<InitialHandle>118803</InitialHandle>
		<ObjectProperties>
			<TextureVariation>0</TextureVariation>
		</ObjectProperties>
		<OpacityLevel>255</OpacityLevel>
		<LodDistance>16960</LodDistance>
		<IsVisible>true</IsVisible>
		<MaxHealth>1000</MaxHealth>
		<Health>1000</Health>
		<HasGravity>true</HasGravity>
		<IsOnFire>false</IsOnFire>
		<IsInvincible>true</IsInvincible>
		<IsBulletProof>false</IsBulletProof>
		<IsCollisionProof>false</IsCollisionProof>
		<IsExplosionProof>true</IsExplosionProof>
		<IsFireProof>false</IsFireProof>
		<IsMeleeProof>true</IsMeleeProof>
		<IsOnlyDamagedByPlayer>false</IsOnlyDamagedByPlayer>
		<PositionRotation>
			<X>-1355.47607</X>
			<Y>-2979.29541</Y>
			<Z>96.3969727</Z>
			<Pitch>-2.23117986e-05</Pitch>
			<Roll>-179.999985</Roll>
			<Yaw>-35.0305595</Yaw>
		</PositionRotation>
		<Attachment isAttached="false" />
	</Placement>
	<Placement>
		<ModelHash>0xbdbd6259</ModelHash>
		<Type>3</Type>
		<Dynamic>false</Dynamic>
		<FrozenPos>true</FrozenPos>
		<HashName>bkr_prop_biker_bblock_cor_02</HashName>
		<InitialHandle>167729</InitialHandle>
		<ObjectProperties>
			<TextureVariation>0</TextureVariation>
		</ObjectProperties>
		<OpacityLevel>255</OpacityLevel>
		<LodDistance>16960</LodDistance>
		<IsVisible>true</IsVisible>
		<MaxHealth>1000</MaxHealth>
		<Health>1000</Health>
		<HasGravity>true</HasGravity>
		<IsOnFire>false</IsOnFire>
		<IsInvincible>true</IsInvincible>
		<IsBulletProof>false</IsBulletProof>
		<IsCollisionProof>false</IsCollisionProof>
		<IsExplosionProof>true</IsExplosionProof>
		<IsFireProof>false</IsFireProof>
		<IsMeleeProof>true</IsMeleeProof>
		<IsOnlyDamagedByPlayer>false</IsOnlyDamagedByPlayer>
		<PositionRotation>
			<X>-1301.547</X>
			<Y>-3017.34399</Y>
			<Z>96.3969727</Z>
			<Pitch>-2.23118022e-05</Pitch>
			<Roll>-179.999985</Roll>
			<Yaw>-125.030556</Yaw>
		</PositionRotation>
		<Attachment isAttached="false" />
	</Placement>
	<Placement>
		<ModelHash>0xd7ab5edb</ModelHash>
		<Type>3</Type>
		<Dynamic>false</Dynamic>
		<FrozenPos>true</FrozenPos>
		<HashName>stt_prop_track_start_02</HashName>
		<InitialHandle>107867</InitialHandle>
		<ObjectProperties>
			<TextureVariation>0</TextureVariation>
		</ObjectProperties>
		<OpacityLevel>255</OpacityLevel>
		<LodDistance>16960</LodDistance>
		<IsVisible>true</IsVisible>
		<MaxHealth>1000</MaxHealth>
		<Health>1000</Health>
		<HasGravity>true</HasGravity>
		<IsOnFire>false</IsOnFire>
		<IsInvincible>true</IsInvincible>
		<IsBulletProof>false</IsBulletProof>
		<IsCollisionProof>false</IsCollisionProof>
		<IsExplosionProof>true</IsExplosionProof>
		<IsFireProof>false</IsFireProof>
		<IsMeleeProof>true</IsMeleeProof>
		<IsOnlyDamagedByPlayer>false</IsOnlyDamagedByPlayer>
		<PositionRotation>
			<X>-1263.72949</X>
			<Y>-3156.15161</Y>
			<Z>39.1342697</Z>
			<Pitch>0</Pitch>
			<Roll>18.9999428</Roll>
			<Yaw>-53.8950844</Yaw>
		</PositionRotation>
		<Attachment isAttached="false" />
	</Placement>
	<Placement>
		<ModelHash>0x29c189d0</ModelHash>
		<Type>3</Type>
		<Dynamic>false</Dynamic>
		<FrozenPos>true</FrozenPos>
		<HashName>xs_propint2_building_03</HashName>
		<InitialHandle>136820</InitialHandle>
		<ObjectProperties>
			<TextureVariation>0</TextureVariation>
		</ObjectProperties>
		<OpacityLevel>255</OpacityLevel>
		<LodDistance>16960</LodDistance>
		<IsVisible>true</IsVisible>
		<MaxHealth>1000</MaxHealth>
		<Health>1000</Health>
		<HasGravity>true</HasGravity>
		<IsOnFire>false</IsOnFire>
		<IsInvincible>true</IsInvincible>
		<IsBulletProof>false</IsBulletProof>
		<IsCollisionProof>false</IsCollisionProof>
		<IsExplosionProof>true</IsExplosionProof>
		<IsFireProof>false</IsFireProof>
		<IsMeleeProof>true</IsMeleeProof>
		<IsOnlyDamagedByPlayer>false</IsOnlyDamagedByPlayer>
		<PositionRotation>
			<X>-1347.1438</X>
			<Y>-3025.18677</Y>
			<Z>15.5795002</Z>
			<Pitch>0</Pitch>
			<Roll>0</Roll>
			<Yaw>-75.9192047</Yaw>
		</PositionRotation>
		<Attachment isAttached="false" />
	</Placement>
	<Placement>
		<ModelHash>0xd99002f2</ModelHash>
		<Type>3</Type>
		<Dynamic>false</Dynamic>
		<FrozenPos>true</FrozenPos>
		<HashName>stt_prop_flagpole_1b</HashName>
		<InitialHandle>122749</InitialHandle>
		<ObjectProperties>
			<TextureVariation>0</TextureVariation>
		</ObjectProperties>
		<OpacityLevel>255</OpacityLevel>
		<LodDistance>16960</LodDistance>
		<IsVisible>true</IsVisible>
		<MaxHealth>1000</MaxHealth>
		<Health>1000</Health>
		<HasGravity>true</HasGravity>
		<IsOnFire>false</IsOnFire>
		<IsInvincible>true</IsInvincible>
		<IsBulletProof>false</IsBulletProof>
		<IsCollisionProof>false</IsCollisionProof>
		<IsExplosionProof>true</IsExplosionProof>
		<IsFireProof>false</IsFireProof>
		<IsMeleeProof>true</IsMeleeProof>
		<IsOnlyDamagedByPlayer>false</IsOnlyDamagedByPlayer>
		<PositionRotation>
			<X>-1347.95435</X>
			<Y>-3025.66455</Y>
			<Z>31.8583946</Z>
			<Pitch>0</Pitch>
			<Roll>0</Roll>
			<Yaw>-48.684021</Yaw>
		</PositionRotation>
		<Attachment isAttached="false" />
	</Placement>
	<Placement>
		<ModelHash>0x0993d6e0</ModelHash>
		<Type>3</Type>
		<Dynamic>false</Dynamic>
		<FrozenPos>true</FrozenPos>
		<HashName>xs_propintarena_lamps_01c</HashName>
		<InitialHandle>61202</InitialHandle>
		<ObjectProperties>
			<TextureVariation>0</TextureVariation>
		</ObjectProperties>
		<OpacityLevel>255</OpacityLevel>
		<LodDistance>16960</LodDistance>
		<IsVisible>true</IsVisible>
		<MaxHealth>1000</MaxHealth>
		<Health>1000</Health>
		<HasGravity>true</HasGravity>
		<IsOnFire>false</IsOnFire>
		<IsInvincible>true</IsInvincible>
		<IsBulletProof>false</IsBulletProof>
		<IsCollisionProof>false</IsCollisionProof>
		<IsExplosionProof>true</IsExplosionProof>
		<IsFireProof>false</IsFireProof>
		<IsMeleeProof>true</IsMeleeProof>
		<IsOnlyDamagedByPlayer>false</IsOnlyDamagedByPlayer>
		<PositionRotation>
			<X>-1302.10461</X>
			<Y>-3057.63086</Y>
			<Z>117.701759</Z>
			<Pitch>0</Pitch>
			<Roll>0</Roll>
			<Yaw>-35.0195465</Yaw>
		</PositionRotation>
		<Attachment isAttached="false" />
	</Placement>
	<Placement>
		<ModelHash>0x0993d6e0</ModelHash>
		<Type>3</Type>
		<Dynamic>false</Dynamic>
		<FrozenPos>true</FrozenPos>
		<HashName>xs_propintarena_lamps_01c</HashName>
		<InitialHandle>152600</InitialHandle>
		<ObjectProperties>
			<TextureVariation>0</TextureVariation>
		</ObjectProperties>
		<OpacityLevel>255</OpacityLevel>
		<LodDistance>16960</LodDistance>
		<IsVisible>true</IsVisible>
		<MaxHealth>1000</MaxHealth>
		<Health>1000</Health>
		<HasGravity>true</HasGravity>
		<IsOnFire>false</IsOnFire>
		<IsInvincible>true</IsInvincible>
		<IsBulletProof>false</IsBulletProof>
		<IsCollisionProof>false</IsCollisionProof>
		<IsExplosionProof>true</IsExplosionProof>
		<IsFireProof>false</IsFireProof>
		<IsMeleeProof>true</IsMeleeProof>
		<IsOnlyDamagedByPlayer>false</IsOnlyDamagedByPlayer>
		<PositionRotation>
			<X>-1393.64795</X>
			<Y>-2993.2207</Y>
			<Z>119.11145</Z>
			<Pitch>0</Pitch>
			<Roll>0</Roll>
			<Yaw>-43.8170052</Yaw>
		</PositionRotation>
		<Attachment isAttached="false" />
	</Placement>
	<Placement>
		<ModelHash>0x9be9742e</ModelHash>
		<Type>3</Type>
		<Dynamic>false</Dynamic>
		<FrozenPos>true</FrozenPos>
		<HashName>prop_airhockey_01</HashName>
		<InitialHandle>21548</InitialHandle>
		<ObjectProperties>
			<TextureVariation>0</TextureVariation>
		</ObjectProperties>
		<OpacityLevel>255</OpacityLevel>
		<LodDistance>16960</LodDistance>
		<IsVisible>true</IsVisible>
		<MaxHealth>1000</MaxHealth>
		<Health>1000</Health>
		<HasGravity>true</HasGravity>
		<IsOnFire>false</IsOnFire>
		<IsInvincible>true</IsInvincible>
		<IsBulletProof>false</IsBulletProof>
		<IsCollisionProof>false</IsCollisionProof>
		<IsExplosionProof>true</IsExplosionProof>
		<IsFireProof>false</IsFireProof>
		<IsMeleeProof>true</IsMeleeProof>
		<IsOnlyDamagedByPlayer>false</IsOnlyDamagedByPlayer>
		<PositionRotation>
			<X>-1341.8855</X>
			<Y>-3045.20776</Y>
			<Z>14.9764137</Z>
			<Pitch>0</Pitch>
			<Roll>-0</Roll>
			<Yaw>102.426819</Yaw>
		</PositionRotation>
		<Attachment isAttached="false" />
	</Placement>
	<Placement>
		<ModelHash>0xdb2c3e38</ModelHash>
		<Type>3</Type>
		<Dynamic>true</Dynamic>
		<FrozenPos>false</FrozenPos>
		<HashName>stt_prop_stunt_soccer_lball</HashName>
		<InitialHandle>151104</InitialHandle>
		<ObjectProperties>
			<TextureVariation>0</TextureVariation>
		</ObjectProperties>
		<OpacityLevel>255</OpacityLevel>
		<LodDistance>16960</LodDistance>
		<IsVisible>true</IsVisible>
		<MaxHealth>1000</MaxHealth>
		<Health>1000</Health>
		<HasGravity>true</HasGravity>
		<IsOnFire>false</IsOnFire>
		<IsInvincible>true</IsInvincible>
		<IsBulletProof>false</IsBulletProof>
		<IsCollisionProof>false</IsCollisionProof>
		<IsExplosionProof>true</IsExplosionProof>
		<IsFireProof>false</IsFireProof>
		<IsMeleeProof>true</IsMeleeProof>
		<IsOnlyDamagedByPlayer>false</IsOnlyDamagedByPlayer>
		<PositionRotation>
			<X>-1341.03247</X>
			<Y>-3015.50366</Y>
			<Z>17.0222359</Z>
			<Pitch>0.0555333458</Pitch>
			<Roll>-0.0257339608</Roll>
			<Yaw>-100.239456</Yaw>
		</PositionRotation>
		<Attachment isAttached="false" />
	</Placement>
	<Placement>
		<ModelHash>0xdb2c3e38</ModelHash>
		<Type>3</Type>
		<Dynamic>true</Dynamic>
		<FrozenPos>false</FrozenPos>
		<HashName>stt_prop_stunt_soccer_lball</HashName>
		<InitialHandle>43076</InitialHandle>
		<ObjectProperties>
			<TextureVariation>0</TextureVariation>
		</ObjectProperties>
		<OpacityLevel>255</OpacityLevel>
		<LodDistance>16960</LodDistance>
		<IsVisible>true</IsVisible>
		<MaxHealth>1000</MaxHealth>
		<Health>1000</Health>
		<HasGravity>true</HasGravity>
		<IsOnFire>false</IsOnFire>
		<IsInvincible>true</IsInvincible>
		<IsBulletProof>false</IsBulletProof>
		<IsCollisionProof>false</IsCollisionProof>
		<IsExplosionProof>true</IsExplosionProof>
		<IsFireProof>false</IsFireProof>
		<IsMeleeProof>true</IsMeleeProof>
		<IsOnlyDamagedByPlayer>false</IsOnlyDamagedByPlayer>
		<PositionRotation>
			<X>-1343.85071</X>
			<Y>-3030.37915</Y>
			<Z>17.0259781</Z>
			<Pitch>0</Pitch>
			<Roll>-0</Roll>
			<Yaw>-103.963539</Yaw>
		</PositionRotation>
		<Attachment isAttached="false" />
	</Placement>
	<Placement>
		<ModelHash>0xdb2c3e38</ModelHash>
		<Type>3</Type>
		<Dynamic>true</Dynamic>
		<FrozenPos>false</FrozenPos>
		<HashName>stt_prop_stunt_soccer_lball</HashName>
		<InitialHandle>27205</InitialHandle>
		<ObjectProperties>
			<TextureVariation>0</TextureVariation>
		</ObjectProperties>
		<OpacityLevel>255</OpacityLevel>
		<LodDistance>16960</LodDistance>
		<IsVisible>true</IsVisible>
		<MaxHealth>1000</MaxHealth>
		<Health>1000</Health>
		<HasGravity>true</HasGravity>
		<IsOnFire>false</IsOnFire>
		<IsInvincible>true</IsInvincible>
		<IsBulletProof>false</IsBulletProof>
		<IsCollisionProof>false</IsCollisionProof>
		<IsExplosionProof>true</IsExplosionProof>
		<IsFireProof>false</IsFireProof>
		<IsMeleeProof>true</IsMeleeProof>
		<IsOnlyDamagedByPlayer>false</IsOnlyDamagedByPlayer>
		<PositionRotation>
			<X>-1355.54724</X>
			<Y>-3031.59912</Y>
			<Z>17.025528</Z>
			<Pitch>0</Pitch>
			<Roll>-0</Roll>
			<Yaw>131.702209</Yaw>
		</PositionRotation>
		<Attachment isAttached="false" />
	</Placement>
	<Placement>
		<ModelHash>0xdb2c3e38</ModelHash>
		<Type>3</Type>
		<Dynamic>true</Dynamic>
		<FrozenPos>false</FrozenPos>
		<HashName>stt_prop_stunt_soccer_lball</HashName>
		<InitialHandle>85845</InitialHandle>
		<ObjectProperties>
			<TextureVariation>0</TextureVariation>
		</ObjectProperties>
		<OpacityLevel>255</OpacityLevel>
		<LodDistance>16960</LodDistance>
		<IsVisible>true</IsVisible>
		<MaxHealth>1000</MaxHealth>
		<Health>1000</Health>
		<HasGravity>true</HasGravity>
		<IsOnFire>false</IsOnFire>
		<IsInvincible>true</IsInvincible>
		<IsBulletProof>false</IsBulletProof>
		<IsCollisionProof>false</IsCollisionProof>
		<IsExplosionProof>true</IsExplosionProof>
		<IsFireProof>false</IsFireProof>
		<IsMeleeProof>true</IsMeleeProof>
		<IsOnlyDamagedByPlayer>false</IsOnlyDamagedByPlayer>
		<PositionRotation>
			<X>-1358.47461</X>
			<Y>-3017.95313</Y>
			<Z>17.0226727</Z>
			<Pitch>0</Pitch>
			<Roll>0</Roll>
			<Yaw>61.6629562</Yaw>
		</PositionRotation>
		<Attachment isAttached="false" />
	</Placement>
	<Placement>
		<ModelHash>0xdb2c3e38</ModelHash>
		<Type>3</Type>
		<Dynamic>true</Dynamic>
		<FrozenPos>false</FrozenPos>
		<HashName>stt_prop_stunt_soccer_lball</HashName>
		<InitialHandle>91184</InitialHandle>
		<ObjectProperties>
			<TextureVariation>0</TextureVariation>
		</ObjectProperties>
		<OpacityLevel>255</OpacityLevel>
		<LodDistance>16960</LodDistance>
		<IsVisible>true</IsVisible>
		<MaxHealth>1000</MaxHealth>
		<Health>1000</Health>
		<HasGravity>true</HasGravity>
		<IsOnFire>false</IsOnFire>
		<IsInvincible>true</IsInvincible>
		<IsBulletProof>false</IsBulletProof>
		<IsCollisionProof>false</IsCollisionProof>
		<IsExplosionProof>true</IsExplosionProof>
		<IsFireProof>false</IsFireProof>
		<IsMeleeProof>true</IsMeleeProof>
		<IsOnlyDamagedByPlayer>false</IsOnlyDamagedByPlayer>
		<PositionRotation>
			<X>-1350.44312</X>
			<Y>-3011.62158</Y>
			<Z>17.0252705</Z>
			<Pitch>0</Pitch>
			<Roll>0</Roll>
			<Yaw>14.972044</Yaw>
		</PositionRotation>
		<Attachment isAttached="false" />
	</Placement>
</SpoonerPlacements>
