<?xml version="1.0" encoding="ISO-8859-1"?>
<SpoonerPlacements>
	<Note />
	<AudioFile volume="400" />
	<ClearDatabase>false</ClearDatabase>
	<ClearWorld>0</ClearWorld>
	<ClearMarkers>false</ClearMarkers>
	<IPLsToLoad load_mp_maps="false" load_sp_maps="false" />
	<IPLsToRemove />
	<InteriorsToEnable />
	<InteriorsToCap />
	<WeatherToSet></WeatherToSet>
	<TimecycleModifier strength="1"></TimecycleModifier>
	<StartTaskSequencesOnLoad>true</StartTaskSequencesOnLoad>
	<ReferenceCoords>
		<X>337.376801</X>
		<Y>4835.03906</Y>
		<Z>-58.9994507</Z>
	</ReferenceCoords>
	<Placement>
		<ModelHash>0xe0e69974</ModelHash>
		<Type>1</Type>
		<Dynamic>false</Dynamic>
		<FrozenPos>true</FrozenPos>
		<HashName>Transvestite Male</HashName>
		<InitialHandle>550164</InitialHandle>
		<PedProperties>
			<IsStill>true</IsStill>
			<CanRagdoll>false</CanRagdoll>
			<HasShortHeight>false</HasShortHeight>
			<Armour>0</Armour>
			<CurrentWeapon>0xa2719263</CurrentWeapon>
			<PedProps>
				<_0>-1,-1</_0>
				<_1>-1,-1</_1>
				<_2>-1,-1</_2>
				<_3>-1,-1</_3>
				<_4>-1,-1</_4>
				<_5>-1,-1</_5>
				<_6>-1,-1</_6>
				<_7>-1,-1</_7>
				<_8>-1,-1</_8>
				<_9>-1,-1</_9>
			</PedProps>
			<PedComps>
				<_0>1,2</_0>
				<_1>0,0</_1>
				<_2>0,1</_2>
				<_3>0,1</_3>
				<_4>1,1</_4>
				<_5>1,0</_5>
				<_6>0,0</_6>
				<_7>0,0</_7>
				<_8>2,0</_8>
				<_9>0,0</_9>
				<_10>0,0</_10>
				<_11>0,0</_11>
			</PedComps>
			<RelationshipGroupAltered>false</RelationshipGroupAltered>
			<RelationshipGroup>0xfade4843</RelationshipGroup>
			<ScenarioActive>false</ScenarioActive>
			<AnimActive>false</AnimActive>
		</PedProperties>
		<OpacityLevel>255</OpacityLevel>
		<LodDistance>16960</LodDistance>
		<IsVisible>true</IsVisible>
		<MaxHealth>200</MaxHealth>
		<Health>200</Health>
		<HasGravity>true</HasGravity>
		<IsOnFire>false</IsOnFire>
		<IsInvincible>true</IsInvincible>
		<IsBulletProof>false</IsBulletProof>
		<IsCollisionProof>false</IsCollisionProof>
		<IsExplosionProof>true</IsExplosionProof>
		<IsFireProof>false</IsFireProof>
		<IsMeleeProof>true</IsMeleeProof>
		<IsOnlyDamagedByPlayer>false</IsOnlyDamagedByPlayer>
		<PositionRotation>
			<X>331.074463</X>
			<Y>4827.11035</Y>
			<Z>-59.3969574</Z>
			<Pitch>0</Pitch>
			<Roll>0</Roll>
			<Yaw>70.3809662</Yaw>
		</PositionRotation>
		<Attachment isAttached="false" />
	</Placement>
	<Placement>
		<ModelHash>0xe0e69974</ModelHash>
		<Type>1</Type>
		<Dynamic>false</Dynamic>
		<FrozenPos>true</FrozenPos>
		<HashName>Transvestite Male</HashName>
		<InitialHandle>565289</InitialHandle>
		<PedProperties>
			<IsStill>true</IsStill>
			<CanRagdoll>false</CanRagdoll>
			<HasShortHeight>false</HasShortHeight>
			<Armour>0</Armour>
			<CurrentWeapon>0xa2719263</CurrentWeapon>
			<PedProps>
				<_0>-1,-1</_0>
				<_1>-1,-1</_1>
				<_2>-1,-1</_2>
				<_3>-1,-1</_3>
				<_4>-1,-1</_4>
				<_5>-1,-1</_5>
				<_6>-1,-1</_6>
				<_7>-1,-1</_7>
				<_8>-1,-1</_8>
				<_9>-1,-1</_9>
			</PedProps>
			<PedComps>
				<_0>1,0</_0>
				<_1>0,0</_1>
				<_2>1,0</_2>
				<_3>1,1</_3>
				<_4>1,2</_4>
				<_5>0,1</_5>
				<_6>0,0</_6>
				<_7>0,0</_7>
				<_8>1,0</_8>
				<_9>0,0</_9>
				<_10>0,0</_10>
				<_11>0,0</_11>
			</PedComps>
			<RelationshipGroupAltered>false</RelationshipGroupAltered>
			<RelationshipGroup>0xfade4843</RelationshipGroup>
			<ScenarioActive>false</ScenarioActive>
			<AnimActive>false</AnimActive>
		</PedProperties>
		<OpacityLevel>255</OpacityLevel>
		<LodDistance>16960</LodDistance>
		<IsVisible>true</IsVisible>
		<MaxHealth>200</MaxHealth>
		<Health>200</Health>
		<HasGravity>true</HasGravity>
		<IsOnFire>false</IsOnFire>
		<IsInvincible>true</IsInvincible>
		<IsBulletProof>false</IsBulletProof>
		<IsCollisionProof>false</IsCollisionProof>
		<IsExplosionProof>true</IsExplosionProof>
		<IsFireProof>false</IsFireProof>
		<IsMeleeProof>true</IsMeleeProof>
		<IsOnlyDamagedByPlayer>false</IsOnlyDamagedByPlayer>
		<PositionRotation>
			<X>331.744598</X>
			<Y>4828.63965</Y>
			<Z>-59.3969536</Z>
			<Pitch>0</Pitch>
			<Roll>-0</Roll>
			<Yaw>96.7073822</Yaw>
		</PositionRotation>
		<Attachment isAttached="false" />
	</Placement>
	<Placement>
		<ModelHash>0xe0e69974</ModelHash>
		<Type>1</Type>
		<Dynamic>false</Dynamic>
		<FrozenPos>true</FrozenPos>
		<HashName>Transvestite Male</HashName>
		<InitialHandle>42013</InitialHandle>
		<PedProperties>
			<IsStill>true</IsStill>
			<CanRagdoll>false</CanRagdoll>
			<HasShortHeight>false</HasShortHeight>
			<Armour>0</Armour>
			<CurrentWeapon>0xa2719263</CurrentWeapon>
			<PedProps>
				<_0>-1,-1</_0>
				<_1>-1,-1</_1>
				<_2>-1,-1</_2>
				<_3>-1,-1</_3>
				<_4>-1,-1</_4>
				<_5>-1,-1</_5>
				<_6>-1,-1</_6>
				<_7>-1,-1</_7>
				<_8>-1,-1</_8>
				<_9>-1,-1</_9>
			</PedProps>
			<PedComps>
				<_0>1,1</_0>
				<_1>0,0</_1>
				<_2>2,1</_2>
				<_3>0,0</_3>
				<_4>0,1</_4>
				<_5>0,0</_5>
				<_6>0,0</_6>
				<_7>0,0</_7>
				<_8>2,1</_8>
				<_9>0,0</_9>
				<_10>0,0</_10>
				<_11>0,0</_11>
			</PedComps>
			<RelationshipGroupAltered>false</RelationshipGroupAltered>
			<RelationshipGroup>0xfade4843</RelationshipGroup>
			<ScenarioActive>false</ScenarioActive>
			<AnimActive>false</AnimActive>
		</PedProperties>
		<OpacityLevel>255</OpacityLevel>
		<LodDistance>16960</LodDistance>
		<IsVisible>true</IsVisible>
		<MaxHealth>200</MaxHealth>
		<Health>200</Health>
		<HasGravity>true</HasGravity>
		<IsOnFire>false</IsOnFire>
		<IsInvincible>true</IsInvincible>
		<IsBulletProof>false</IsBulletProof>
		<IsCollisionProof>false</IsCollisionProof>
		<IsExplosionProof>true</IsExplosionProof>
		<IsFireProof>false</IsFireProof>
		<IsMeleeProof>true</IsMeleeProof>
		<IsOnlyDamagedByPlayer>false</IsOnlyDamagedByPlayer>
		<PositionRotation>
			<X>331.724884</X>
			<Y>4830.06836</Y>
			<Z>-59.3969803</Z>
			<Pitch>0</Pitch>
			<Roll>-0</Roll>
			<Yaw>130.783859</Yaw>
		</PositionRotation>
		<Attachment isAttached="false" />
	</Placement>
	<Placement>
		<ModelHash>0xe0e69974</ModelHash>
		<Type>1</Type>
		<Dynamic>false</Dynamic>
		<FrozenPos>true</FrozenPos>
		<HashName>Transvestite Male</HashName>
		<InitialHandle>175144</InitialHandle>
		<PedProperties>
			<IsStill>true</IsStill>
			<CanRagdoll>false</CanRagdoll>
			<HasShortHeight>false</HasShortHeight>
			<Armour>0</Armour>
			<CurrentWeapon>0xa2719263</CurrentWeapon>
			<PedProps>
				<_0>-1,-1</_0>
				<_1>-1,-1</_1>
				<_2>-1,-1</_2>
				<_3>-1,-1</_3>
				<_4>-1,-1</_4>
				<_5>-1,-1</_5>
				<_6>-1,-1</_6>
				<_7>-1,-1</_7>
				<_8>-1,-1</_8>
				<_9>-1,-1</_9>
			</PedProps>
			<PedComps>
				<_0>0,1</_0>
				<_1>0,0</_1>
				<_2>1,1</_2>
				<_3>0,1</_3>
				<_4>0,0</_4>
				<_5>1,0</_5>
				<_6>0,0</_6>
				<_7>0,0</_7>
				<_8>1,2</_8>
				<_9>0,0</_9>
				<_10>0,0</_10>
				<_11>0,0</_11>
			</PedComps>
			<RelationshipGroupAltered>false</RelationshipGroupAltered>
			<RelationshipGroup>0xfade4843</RelationshipGroup>
			<ScenarioActive>false</ScenarioActive>
			<AnimActive>false</AnimActive>
		</PedProperties>
		<OpacityLevel>255</OpacityLevel>
		<LodDistance>16960</LodDistance>
		<IsVisible>true</IsVisible>
		<MaxHealth>200</MaxHealth>
		<Health>200</Health>
		<HasGravity>true</HasGravity>
		<IsOnFire>false</IsOnFire>
		<IsInvincible>true</IsInvincible>
		<IsBulletProof>false</IsBulletProof>
		<IsCollisionProof>false</IsCollisionProof>
		<IsExplosionProof>true</IsExplosionProof>
		<IsFireProof>false</IsFireProof>
		<IsMeleeProof>true</IsMeleeProof>
		<IsOnlyDamagedByPlayer>false</IsOnlyDamagedByPlayer>
		<PositionRotation>
			<X>331.073395</X>
			<Y>4831.28467</Y>
			<Z>-59.3967018</Z>
			<Pitch>0</Pitch>
			<Roll>-0</Roll>
			<Yaw>136.344986</Yaw>
		</PositionRotation>
		<Attachment isAttached="false" />
	</Placement>
	<Placement>
		<ModelHash>0xe0e69974</ModelHash>
		<Type>1</Type>
		<Dynamic>false</Dynamic>
		<FrozenPos>true</FrozenPos>
		<HashName>Transvestite Male</HashName>
		<InitialHandle>483881</InitialHandle>
		<PedProperties>
			<IsStill>true</IsStill>
			<CanRagdoll>false</CanRagdoll>
			<HasShortHeight>false</HasShortHeight>
			<Armour>0</Armour>
			<CurrentWeapon>0xa2719263</CurrentWeapon>
			<PedProps>
				<_0>-1,-1</_0>
				<_1>-1,-1</_1>
				<_2>-1,-1</_2>
				<_3>-1,-1</_3>
				<_4>-1,-1</_4>
				<_5>-1,-1</_5>
				<_6>-1,-1</_6>
				<_7>-1,-1</_7>
				<_8>-1,-1</_8>
				<_9>-1,-1</_9>
			</PedProps>
			<PedComps>
				<_0>0,0</_0>
				<_1>0,0</_1>
				<_2>2,0</_2>
				<_3>1,1</_3>
				<_4>1,1</_4>
				<_5>0,1</_5>
				<_6>0,0</_6>
				<_7>0,0</_7>
				<_8>0,0</_8>
				<_9>0,0</_9>
				<_10>0,0</_10>
				<_11>0,0</_11>
			</PedComps>
			<RelationshipGroupAltered>false</RelationshipGroupAltered>
			<RelationshipGroup>0xfade4843</RelationshipGroup>
			<ScenarioActive>false</ScenarioActive>
			<AnimActive>false</AnimActive>
		</PedProperties>
		<OpacityLevel>255</OpacityLevel>
		<LodDistance>16960</LodDistance>
		<IsVisible>true</IsVisible>
		<MaxHealth>200</MaxHealth>
		<Health>200</Health>
		<HasGravity>true</HasGravity>
		<IsOnFire>false</IsOnFire>
		<IsInvincible>true</IsInvincible>
		<IsBulletProof>false</IsBulletProof>
		<IsCollisionProof>false</IsCollisionProof>
		<IsExplosionProof>true</IsExplosionProof>
		<IsFireProof>false</IsFireProof>
		<IsMeleeProof>true</IsMeleeProof>
		<IsOnlyDamagedByPlayer>false</IsOnlyDamagedByPlayer>
		<PositionRotation>
			<X>330.078247</X>
			<Y>4832.10645</Y>
			<Z>-59.3964958</Z>
			<Pitch>0</Pitch>
			<Roll>-0</Roll>
			<Yaw>172.746933</Yaw>
		</PositionRotation>
		<Attachment isAttached="false" />
	</Placement>
	<Placement>
		<ModelHash>0xe0e69974</ModelHash>
		<Type>1</Type>
		<Dynamic>false</Dynamic>
		<FrozenPos>true</FrozenPos>
		<HashName>Transvestite Male</HashName>
		<InitialHandle>519719</InitialHandle>
		<PedProperties>
			<IsStill>true</IsStill>
			<CanRagdoll>false</CanRagdoll>
			<HasShortHeight>false</HasShortHeight>
			<Armour>0</Armour>
			<CurrentWeapon>0xa2719263</CurrentWeapon>
			<PedProps>
				<_0>-1,-1</_0>
				<_1>-1,-1</_1>
				<_2>-1,-1</_2>
				<_3>-1,-1</_3>
				<_4>-1,-1</_4>
				<_5>-1,-1</_5>
				<_6>-1,-1</_6>
				<_7>-1,-1</_7>
				<_8>-1,-1</_8>
				<_9>-1,-1</_9>
			</PedProps>
			<PedComps>
				<_0>1,2</_0>
				<_1>0,0</_1>
				<_2>0,0</_2>
				<_3>0,0</_3>
				<_4>1,2</_4>
				<_5>0,0</_5>
				<_6>0,0</_6>
				<_7>0,0</_7>
				<_8>2,0</_8>
				<_9>0,0</_9>
				<_10>0,0</_10>
				<_11>0,0</_11>
			</PedComps>
			<RelationshipGroupAltered>false</RelationshipGroupAltered>
			<RelationshipGroup>0xfade4843</RelationshipGroup>
			<ScenarioActive>false</ScenarioActive>
			<AnimActive>false</AnimActive>
		</PedProperties>
		<OpacityLevel>255</OpacityLevel>
		<LodDistance>16960</LodDistance>
		<IsVisible>true</IsVisible>
		<MaxHealth>200</MaxHealth>
		<Health>200</Health>
		<HasGravity>true</HasGravity>
		<IsOnFire>false</IsOnFire>
		<IsInvincible>true</IsInvincible>
		<IsBulletProof>false</IsBulletProof>
		<IsCollisionProof>false</IsCollisionProof>
		<IsExplosionProof>true</IsExplosionProof>
		<IsFireProof>false</IsFireProof>
		<IsMeleeProof>true</IsMeleeProof>
		<IsOnlyDamagedByPlayer>false</IsOnlyDamagedByPlayer>
		<PositionRotation>
			<X>328.817474</X>
			<Y>4832.65186</Y>
			<Z>-59.3969765</Z>
			<Pitch>0</Pitch>
			<Roll>-0</Roll>
			<Yaw>-175.825104</Yaw>
		</PositionRotation>
		<Attachment isAttached="false" />
	</Placement>
	<Placement>
		<ModelHash>0xe0e69974</ModelHash>
		<Type>1</Type>
		<Dynamic>false</Dynamic>
		<FrozenPos>true</FrozenPos>
		<HashName>Transvestite Male</HashName>
		<InitialHandle>421653</InitialHandle>
		<PedProperties>
			<IsStill>true</IsStill>
			<CanRagdoll>false</CanRagdoll>
			<HasShortHeight>false</HasShortHeight>
			<Armour>0</Armour>
			<CurrentWeapon>0xa2719263</CurrentWeapon>
			<PedProps>
				<_0>-1,-1</_0>
				<_1>-1,-1</_1>
				<_2>-1,-1</_2>
				<_3>-1,-1</_3>
				<_4>-1,-1</_4>
				<_5>-1,-1</_5>
				<_6>-1,-1</_6>
				<_7>-1,-1</_7>
				<_8>-1,-1</_8>
				<_9>-1,-1</_9>
			</PedProps>
			<PedComps>
				<_0>1,0</_0>
				<_1>0,0</_1>
				<_2>0,1</_2>
				<_3>1,0</_3>
				<_4>0,1</_4>
				<_5>0,2</_5>
				<_6>0,0</_6>
				<_7>0,0</_7>
				<_8>1,0</_8>
				<_9>0,0</_9>
				<_10>0,0</_10>
				<_11>0,0</_11>
			</PedComps>
			<RelationshipGroupAltered>false</RelationshipGroupAltered>
			<RelationshipGroup>0xfade4843</RelationshipGroup>
			<ScenarioActive>false</ScenarioActive>
			<AnimActive>false</AnimActive>
		</PedProperties>
		<OpacityLevel>255</OpacityLevel>
		<LodDistance>16960</LodDistance>
		<IsVisible>true</IsVisible>
		<MaxHealth>200</MaxHealth>
		<Health>200</Health>
		<HasGravity>true</HasGravity>
		<IsOnFire>false</IsOnFire>
		<IsInvincible>true</IsInvincible>
		<IsBulletProof>false</IsBulletProof>
		<IsCollisionProof>false</IsCollisionProof>
		<IsExplosionProof>true</IsExplosionProof>
		<IsFireProof>false</IsFireProof>
		<IsMeleeProof>true</IsMeleeProof>
		<IsOnlyDamagedByPlayer>false</IsOnlyDamagedByPlayer>
		<PositionRotation>
			<X>327.512543</X>
			<Y>4832.47852</Y>
			<Z>-59.3967705</Z>
			<Pitch>0</Pitch>
			<Roll>-0</Roll>
			<Yaw>-156.673172</Yaw>
		</PositionRotation>
		<Attachment isAttached="false" />
	</Placement>
	<Placement>
		<ModelHash>0xe0e69974</ModelHash>
		<Type>1</Type>
		<Dynamic>false</Dynamic>
		<FrozenPos>true</FrozenPos>
		<HashName>Transvestite Male</HashName>
		<InitialHandle>406570</InitialHandle>
		<PedProperties>
			<IsStill>true</IsStill>
			<CanRagdoll>false</CanRagdoll>
			<HasShortHeight>false</HasShortHeight>
			<Armour>0</Armour>
			<CurrentWeapon>0xa2719263</CurrentWeapon>
			<PedProps>
				<_0>-1,-1</_0>
				<_1>-1,-1</_1>
				<_2>-1,-1</_2>
				<_3>-1,-1</_3>
				<_4>-1,-1</_4>
				<_5>-1,-1</_5>
				<_6>-1,-1</_6>
				<_7>-1,-1</_7>
				<_8>-1,-1</_8>
				<_9>-1,-1</_9>
			</PedProps>
			<PedComps>
				<_0>1,1</_0>
				<_1>0,0</_1>
				<_2>1,0</_2>
				<_3>0,1</_3>
				<_4>0,0</_4>
				<_5>1,0</_5>
				<_6>0,0</_6>
				<_7>0,0</_7>
				<_8>2,1</_8>
				<_9>0,0</_9>
				<_10>0,0</_10>
				<_11>0,0</_11>
			</PedComps>
			<RelationshipGroupAltered>false</RelationshipGroupAltered>
			<RelationshipGroup>0xfade4843</RelationshipGroup>
			<ScenarioActive>false</ScenarioActive>
			<AnimActive>false</AnimActive>
		</PedProperties>
		<OpacityLevel>255</OpacityLevel>
		<LodDistance>16960</LodDistance>
		<IsVisible>true</IsVisible>
		<MaxHealth>200</MaxHealth>
		<Health>200</Health>
		<HasGravity>true</HasGravity>
		<IsOnFire>false</IsOnFire>
		<IsInvincible>true</IsInvincible>
		<IsBulletProof>false</IsBulletProof>
		<IsCollisionProof>false</IsCollisionProof>
		<IsExplosionProof>true</IsExplosionProof>
		<IsFireProof>false</IsFireProof>
		<IsMeleeProof>true</IsMeleeProof>
		<IsOnlyDamagedByPlayer>false</IsOnlyDamagedByPlayer>
		<PositionRotation>
			<X>326.255615</X>
			<Y>4831.88281</Y>
			<Z>-59.3969231</Z>
			<Pitch>0</Pitch>
			<Roll>-0</Roll>
			<Yaw>-138.586746</Yaw>
		</PositionRotation>
		<Attachment isAttached="false" />
	</Placement>
	<Placement>
		<ModelHash>0xe0e69974</ModelHash>
		<Type>1</Type>
		<Dynamic>false</Dynamic>
		<FrozenPos>true</FrozenPos>
		<HashName>Transvestite Male</HashName>
		<InitialHandle>713236</InitialHandle>
		<PedProperties>
			<IsStill>true</IsStill>
			<CanRagdoll>false</CanRagdoll>
			<HasShortHeight>false</HasShortHeight>
			<Armour>0</Armour>
			<CurrentWeapon>0xa2719263</CurrentWeapon>
			<PedProps>
				<_0>-1,-1</_0>
				<_1>-1,-1</_1>
				<_2>-1,-1</_2>
				<_3>-1,-1</_3>
				<_4>-1,-1</_4>
				<_5>-1,-1</_5>
				<_6>-1,-1</_6>
				<_7>-1,-1</_7>
				<_8>-1,-1</_8>
				<_9>-1,-1</_9>
			</PedProps>
			<PedComps>
				<_0>0,1</_0>
				<_1>0,0</_1>
				<_2>2,1</_2>
				<_3>1,1</_3>
				<_4>1,0</_4>
				<_5>0,1</_5>
				<_6>0,0</_6>
				<_7>0,0</_7>
				<_8>1,2</_8>
				<_9>0,0</_9>
				<_10>0,0</_10>
				<_11>0,0</_11>
			</PedComps>
			<RelationshipGroupAltered>false</RelationshipGroupAltered>
			<RelationshipGroup>0xfade4843</RelationshipGroup>
			<ScenarioActive>false</ScenarioActive>
			<AnimActive>false</AnimActive>
		</PedProperties>
		<OpacityLevel>255</OpacityLevel>
		<LodDistance>16960</LodDistance>
		<IsVisible>true</IsVisible>
		<MaxHealth>200</MaxHealth>
		<Health>200</Health>
		<HasGravity>true</HasGravity>
		<IsOnFire>false</IsOnFire>
		<IsInvincible>true</IsInvincible>
		<IsBulletProof>false</IsBulletProof>
		<IsCollisionProof>false</IsCollisionProof>
		<IsExplosionProof>true</IsExplosionProof>
		<IsFireProof>false</IsFireProof>
		<IsMeleeProof>true</IsMeleeProof>
		<IsOnlyDamagedByPlayer>false</IsOnlyDamagedByPlayer>
		<PositionRotation>
			<X>325.250458</X>
			<Y>4830.71777</Y>
			<Z>-59.3966713</Z>
			<Pitch>0</Pitch>
			<Roll>-0</Roll>
			<Yaw>-110.273766</Yaw>
		</PositionRotation>
		<Attachment isAttached="false" />
	</Placement>
	<Placement>
		<ModelHash>0xe0e69974</ModelHash>
		<Type>1</Type>
		<Dynamic>false</Dynamic>
		<FrozenPos>true</FrozenPos>
		<HashName>Transvestite Male</HashName>
		<InitialHandle>41258</InitialHandle>
		<PedProperties>
			<IsStill>true</IsStill>
			<CanRagdoll>false</CanRagdoll>
			<HasShortHeight>false</HasShortHeight>
			<Armour>0</Armour>
			<CurrentWeapon>0xa2719263</CurrentWeapon>
			<PedProps>
				<_0>-1,-1</_0>
				<_1>-1,-1</_1>
				<_2>-1,-1</_2>
				<_3>-1,-1</_3>
				<_4>-1,-1</_4>
				<_5>-1,-1</_5>
				<_6>-1,-1</_6>
				<_7>-1,-1</_7>
				<_8>-1,-1</_8>
				<_9>-1,-1</_9>
			</PedProps>
			<PedComps>
				<_0>0,0</_0>
				<_1>0,0</_1>
				<_2>1,1</_2>
				<_3>0,0</_3>
				<_4>1,1</_4>
				<_5>0,0</_5>
				<_6>0,0</_6>
				<_7>0,0</_7>
				<_8>0,0</_8>
				<_9>0,0</_9>
				<_10>0,0</_10>
				<_11>0,0</_11>
			</PedComps>
			<RelationshipGroupAltered>false</RelationshipGroupAltered>
			<RelationshipGroup>0xfade4843</RelationshipGroup>
			<ScenarioActive>false</ScenarioActive>
			<AnimActive>false</AnimActive>
		</PedProperties>
		<OpacityLevel>255</OpacityLevel>
		<LodDistance>16960</LodDistance>
		<IsVisible>true</IsVisible>
		<MaxHealth>200</MaxHealth>
		<Health>200</Health>
		<HasGravity>true</HasGravity>
		<IsOnFire>false</IsOnFire>
		<IsInvincible>true</IsInvincible>
		<IsBulletProof>false</IsBulletProof>
		<IsCollisionProof>false</IsCollisionProof>
		<IsExplosionProof>true</IsExplosionProof>
		<IsFireProof>false</IsFireProof>
		<IsMeleeProof>true</IsMeleeProof>
		<IsOnlyDamagedByPlayer>false</IsOnlyDamagedByPlayer>
		<PositionRotation>
			<X>324.836975</X>
			<Y>4829.1167</Y>
			<Z>-59.39674</Z>
			<Pitch>-0</Pitch>
			<Roll>-0</Roll>
			<Yaw>-85.7363434</Yaw>
		</PositionRotation>
		<Attachment isAttached="false" />
	</Placement>
	<Placement>
		<ModelHash>0xe0e69974</ModelHash>
		<Type>1</Type>
		<Dynamic>false</Dynamic>
		<FrozenPos>true</FrozenPos>
		<HashName>Transvestite Male</HashName>
		<InitialHandle>610601</InitialHandle>
		<PedProperties>
			<IsStill>true</IsStill>
			<CanRagdoll>false</CanRagdoll>
			<HasShortHeight>false</HasShortHeight>
			<Armour>0</Armour>
			<CurrentWeapon>0xa2719263</CurrentWeapon>
			<PedProps>
				<_0>-1,-1</_0>
				<_1>-1,-1</_1>
				<_2>-1,-1</_2>
				<_3>-1,-1</_3>
				<_4>-1,-1</_4>
				<_5>-1,-1</_5>
				<_6>-1,-1</_6>
				<_7>-1,-1</_7>
				<_8>-1,-1</_8>
				<_9>-1,-1</_9>
			</PedProps>
			<PedComps>
				<_0>0,2</_0>
				<_1>0,0</_1>
				<_2>2,0</_2>
				<_3>1,0</_3>
				<_4>1,2</_4>
				<_5>0,2</_5>
				<_6>0,0</_6>
				<_7>0,0</_7>
				<_8>1,1</_8>
				<_9>0,0</_9>
				<_10>0,0</_10>
				<_11>0,0</_11>
			</PedComps>
			<RelationshipGroupAltered>false</RelationshipGroupAltered>
			<RelationshipGroup>0xfade4843</RelationshipGroup>
			<ScenarioActive>false</ScenarioActive>
			<AnimActive>false</AnimActive>
		</PedProperties>
		<OpacityLevel>255</OpacityLevel>
		<LodDistance>16960</LodDistance>
		<IsVisible>true</IsVisible>
		<MaxHealth>200</MaxHealth>
		<Health>200</Health>
		<HasGravity>true</HasGravity>
		<IsOnFire>false</IsOnFire>
		<IsInvincible>true</IsInvincible>
		<IsBulletProof>false</IsBulletProof>
		<IsCollisionProof>false</IsCollisionProof>
		<IsExplosionProof>true</IsExplosionProof>
		<IsFireProof>false</IsFireProof>
		<IsMeleeProof>true</IsMeleeProof>
		<IsOnlyDamagedByPlayer>false</IsOnlyDamagedByPlayer>
		<PositionRotation>
			<X>325.121399</X>
			<Y>4827.52051</Y>
			<Z>-59.3968048</Z>
			<Pitch>-0</Pitch>
			<Roll>-0</Roll>
			<Yaw>-64.389801</Yaw>
		</PositionRotation>
		<Attachment isAttached="false" />
	</Placement>
	<Placement>
		<ModelHash>0xe0e69974</ModelHash>
		<Type>1</Type>
		<Dynamic>false</Dynamic>
		<FrozenPos>true</FrozenPos>
		<HashName>Transvestite Male</HashName>
		<InitialHandle>634922</InitialHandle>
		<PedProperties>
			<IsStill>true</IsStill>
			<CanRagdoll>false</CanRagdoll>
			<HasShortHeight>false</HasShortHeight>
			<Armour>0</Armour>
			<CurrentWeapon>0xa2719263</CurrentWeapon>
			<PedProps>
				<_0>-1,-1</_0>
				<_1>-1,-1</_1>
				<_2>-1,-1</_2>
				<_3>-1,-1</_3>
				<_4>-1,-1</_4>
				<_5>-1,-1</_5>
				<_6>-1,-1</_6>
				<_7>-1,-1</_7>
				<_8>-1,-1</_8>
				<_9>-1,-1</_9>
			</PedProps>
			<PedComps>
				<_0>1,0</_0>
				<_1>0,0</_1>
				<_2>0,0</_2>
				<_3>0,1</_3>
				<_4>0,1</_4>
				<_5>1,0</_5>
				<_6>0,0</_6>
				<_7>0,0</_7>
				<_8>1,0</_8>
				<_9>0,0</_9>
				<_10>0,0</_10>
				<_11>0,0</_11>
			</PedComps>
			<RelationshipGroupAltered>false</RelationshipGroupAltered>
			<RelationshipGroup>0xfade4843</RelationshipGroup>
			<ScenarioActive>false</ScenarioActive>
			<AnimActive>false</AnimActive>
		</PedProperties>
		<OpacityLevel>255</OpacityLevel>
		<LodDistance>16960</LodDistance>
		<IsVisible>true</IsVisible>
		<MaxHealth>200</MaxHealth>
		<Health>200</Health>
		<HasGravity>true</HasGravity>
		<IsOnFire>false</IsOnFire>
		<IsInvincible>true</IsInvincible>
		<IsBulletProof>false</IsBulletProof>
		<IsCollisionProof>false</IsCollisionProof>
		<IsExplosionProof>true</IsExplosionProof>
		<IsFireProof>false</IsFireProof>
		<IsMeleeProof>true</IsMeleeProof>
		<IsOnlyDamagedByPlayer>false</IsOnlyDamagedByPlayer>
		<PositionRotation>
			<X>326.016693</X>
			<Y>4826.0752</Y>
			<Z>-59.3966675</Z>
			<Pitch>-0</Pitch>
			<Roll>-0</Roll>
			<Yaw>-34.2929726</Yaw>
		</PositionRotation>
		<Attachment isAttached="false" />
	</Placement>
	<Placement>
		<ModelHash>0xe0e69974</ModelHash>
		<Type>1</Type>
		<Dynamic>false</Dynamic>
		<FrozenPos>true</FrozenPos>
		<HashName>Transvestite Male</HashName>
		<InitialHandle>273707</InitialHandle>
		<PedProperties>
			<IsStill>true</IsStill>
			<CanRagdoll>false</CanRagdoll>
			<HasShortHeight>false</HasShortHeight>
			<Armour>0</Armour>
			<CurrentWeapon>0xa2719263</CurrentWeapon>
			<PedProps>
				<_0>-1,-1</_0>
				<_1>-1,-1</_1>
				<_2>-1,-1</_2>
				<_3>-1,-1</_3>
				<_4>-1,-1</_4>
				<_5>-1,-1</_5>
				<_6>-1,-1</_6>
				<_7>-1,-1</_7>
				<_8>-1,-1</_8>
				<_9>-1,-1</_9>
			</PedProps>
			<PedComps>
				<_0>1,1</_0>
				<_1>0,0</_1>
				<_2>3,0</_2>
				<_3>1,1</_3>
				<_4>0,0</_4>
				<_5>0,1</_5>
				<_6>0,0</_6>
				<_7>0,0</_7>
				<_8>2,1</_8>
				<_9>0,0</_9>
				<_10>0,0</_10>
				<_11>0,0</_11>
			</PedComps>
			<RelationshipGroupAltered>false</RelationshipGroupAltered>
			<RelationshipGroup>0xfade4843</RelationshipGroup>
			<ScenarioActive>false</ScenarioActive>
			<AnimActive>false</AnimActive>
		</PedProperties>
		<OpacityLevel>255</OpacityLevel>
		<LodDistance>16960</LodDistance>
		<IsVisible>true</IsVisible>
		<MaxHealth>200</MaxHealth>
		<Health>200</Health>
		<HasGravity>true</HasGravity>
		<IsOnFire>false</IsOnFire>
		<IsInvincible>true</IsInvincible>
		<IsBulletProof>false</IsBulletProof>
		<IsCollisionProof>false</IsCollisionProof>
		<IsExplosionProof>true</IsExplosionProof>
		<IsFireProof>false</IsFireProof>
		<IsMeleeProof>true</IsMeleeProof>
		<IsOnlyDamagedByPlayer>false</IsOnlyDamagedByPlayer>
		<PositionRotation>
			<X>327.129822</X>
			<Y>4825.20801</Y>
			<Z>-59.3969803</Z>
			<Pitch>-0</Pitch>
			<Roll>-0</Roll>
			<Yaw>-12.9963198</Yaw>
		</PositionRotation>
		<Attachment isAttached="false" />
	</Placement>
	<Placement>
		<ModelHash>0xe0e69974</ModelHash>
		<Type>1</Type>
		<Dynamic>false</Dynamic>
		<FrozenPos>true</FrozenPos>
		<HashName>Transvestite Male</HashName>
		<InitialHandle>291371</InitialHandle>
		<PedProperties>
			<IsStill>true</IsStill>
			<CanRagdoll>false</CanRagdoll>
			<HasShortHeight>false</HasShortHeight>
			<Armour>0</Armour>
			<CurrentWeapon>0xa2719263</CurrentWeapon>
			<PedProps>
				<_0>-1,-1</_0>
				<_1>-1,-1</_1>
				<_2>-1,-1</_2>
				<_3>-1,-1</_3>
				<_4>-1,-1</_4>
				<_5>-1,-1</_5>
				<_6>-1,-1</_6>
				<_7>-1,-1</_7>
				<_8>-1,-1</_8>
				<_9>-1,-1</_9>
			</PedProps>
			<PedComps>
				<_0>0,1</_0>
				<_1>0,0</_1>
				<_2>2,1</_2>
				<_3>0,0</_3>
				<_4>1,0</_4>
				<_5>0,0</_5>
				<_6>0,0</_6>
				<_7>0,0</_7>
				<_8>1,2</_8>
				<_9>0,0</_9>
				<_10>0,0</_10>
				<_11>0,0</_11>
			</PedComps>
			<RelationshipGroupAltered>false</RelationshipGroupAltered>
			<RelationshipGroup>0xfade4843</RelationshipGroup>
			<ScenarioActive>false</ScenarioActive>
			<AnimActive>false</AnimActive>
		</PedProperties>
		<OpacityLevel>255</OpacityLevel>
		<LodDistance>16960</LodDistance>
		<IsVisible>true</IsVisible>
		<MaxHealth>200</MaxHealth>
		<Health>200</Health>
		<HasGravity>true</HasGravity>
		<IsOnFire>false</IsOnFire>
		<IsInvincible>true</IsInvincible>
		<IsBulletProof>false</IsBulletProof>
		<IsCollisionProof>false</IsCollisionProof>
		<IsExplosionProof>true</IsExplosionProof>
		<IsFireProof>false</IsFireProof>
		<IsMeleeProof>true</IsMeleeProof>
		<IsOnlyDamagedByPlayer>false</IsOnlyDamagedByPlayer>
		<PositionRotation>
			<X>328.544739</X>
			<Y>4824.98486</Y>
			<Z>-59.3969955</Z>
			<Pitch>0</Pitch>
			<Roll>0</Roll>
			<Yaw>5.79078197</Yaw>
		</PositionRotation>
		<Attachment isAttached="false" />
	</Placement>
	<Placement>
		<ModelHash>0xe0e69974</ModelHash>
		<Type>1</Type>
		<Dynamic>false</Dynamic>
		<FrozenPos>true</FrozenPos>
		<HashName>Transvestite Male</HashName>
		<InitialHandle>261419</InitialHandle>
		<PedProperties>
			<IsStill>true</IsStill>
			<CanRagdoll>false</CanRagdoll>
			<HasShortHeight>false</HasShortHeight>
			<Armour>0</Armour>
			<CurrentWeapon>0xa2719263</CurrentWeapon>
			<PedProps>
				<_0>-1,-1</_0>
				<_1>-1,-1</_1>
				<_2>-1,-1</_2>
				<_3>-1,-1</_3>
				<_4>-1,-1</_4>
				<_5>-1,-1</_5>
				<_6>-1,-1</_6>
				<_7>-1,-1</_7>
				<_8>-1,-1</_8>
				<_9>-1,-1</_9>
			</PedProps>
			<PedComps>
				<_0>0,0</_0>
				<_1>0,0</_1>
				<_2>1,1</_2>
				<_3>1,0</_3>
				<_4>1,2</_4>
				<_5>0,2</_5>
				<_6>0,0</_6>
				<_7>0,0</_7>
				<_8>0,0</_8>
				<_9>0,0</_9>
				<_10>0,0</_10>
				<_11>0,0</_11>
			</PedComps>
			<RelationshipGroupAltered>false</RelationshipGroupAltered>
			<RelationshipGroup>0xfade4843</RelationshipGroup>
			<ScenarioActive>false</ScenarioActive>
			<AnimActive>false</AnimActive>
		</PedProperties>
		<OpacityLevel>255</OpacityLevel>
		<LodDistance>16960</LodDistance>
		<IsVisible>true</IsVisible>
		<MaxHealth>200</MaxHealth>
		<Health>200</Health>
		<HasGravity>true</HasGravity>
		<IsOnFire>false</IsOnFire>
		<IsInvincible>true</IsInvincible>
		<IsBulletProof>false</IsBulletProof>
		<IsCollisionProof>false</IsCollisionProof>
		<IsExplosionProof>true</IsExplosionProof>
		<IsFireProof>false</IsFireProof>
		<IsMeleeProof>true</IsMeleeProof>
		<IsOnlyDamagedByPlayer>false</IsOnlyDamagedByPlayer>
		<PositionRotation>
			<X>329.675385</X>
			<Y>4825.21094</Y>
			<Z>-59.3969231</Z>
			<Pitch>0</Pitch>
			<Roll>0</Roll>
			<Yaw>31.0436516</Yaw>
		</PositionRotation>
		<Attachment isAttached="false" />
	</Placement>
	<Placement>
		<ModelHash>0xe0e69974</ModelHash>
		<Type>1</Type>
		<Dynamic>false</Dynamic>
		<FrozenPos>true</FrozenPos>
		<HashName>Transvestite Male</HashName>
		<InitialHandle>132907</InitialHandle>
		<PedProperties>
			<IsStill>true</IsStill>
			<CanRagdoll>false</CanRagdoll>
			<HasShortHeight>false</HasShortHeight>
			<Armour>0</Armour>
			<CurrentWeapon>0xa2719263</CurrentWeapon>
			<PedProps>
				<_0>-1,-1</_0>
				<_1>-1,-1</_1>
				<_2>-1,-1</_2>
				<_3>-1,-1</_3>
				<_4>-1,-1</_4>
				<_5>-1,-1</_5>
				<_6>-1,-1</_6>
				<_7>-1,-1</_7>
				<_8>-1,-1</_8>
				<_9>-1,-1</_9>
			</PedProps>
			<PedComps>
				<_0>1,2</_0>
				<_1>0,0</_1>
				<_2>2,0</_2>
				<_3>1,1</_3>
				<_4>0,1</_4>
				<_5>0,1</_5>
				<_6>0,0</_6>
				<_7>0,0</_7>
				<_8>2,0</_8>
				<_9>0,0</_9>
				<_10>0,0</_10>
				<_11>0,0</_11>
			</PedComps>
			<RelationshipGroupAltered>false</RelationshipGroupAltered>
			<RelationshipGroup>0xfade4843</RelationshipGroup>
			<ScenarioActive>false</ScenarioActive>
			<AnimActive>false</AnimActive>
		</PedProperties>
		<OpacityLevel>255</OpacityLevel>
		<LodDistance>16960</LodDistance>
		<IsVisible>true</IsVisible>
		<MaxHealth>200</MaxHealth>
		<Health>200</Health>
		<HasGravity>true</HasGravity>
		<IsOnFire>false</IsOnFire>
		<IsInvincible>true</IsInvincible>
		<IsBulletProof>false</IsBulletProof>
		<IsCollisionProof>false</IsCollisionProof>
		<IsExplosionProof>true</IsExplosionProof>
		<IsFireProof>false</IsFireProof>
		<IsMeleeProof>true</IsMeleeProof>
		<IsOnlyDamagedByPlayer>false</IsOnlyDamagedByPlayer>
		<PositionRotation>
			<X>330.639801</X>
			<Y>4825.75098</Y>
			<Z>-59.3968658</Z>
			<Pitch>0</Pitch>
			<Roll>0</Roll>
			<Yaw>36.2996941</Yaw>
		</PositionRotation>
		<Attachment isAttached="false" />
	</Placement>
	<Placement>
		<ModelHash>0x337521da</ModelHash>
		<Type>3</Type>
		<Dynamic>false</Dynamic>
		<FrozenPos>true</FrozenPos>
		<HashName>v_res_msoncabinet</HashName>
		<InitialHandle>225561</InitialHandle>
		<ObjectProperties>
			<TextureVariation>0</TextureVariation>
		</ObjectProperties>
		<OpacityLevel>255</OpacityLevel>
		<LodDistance>16960</LodDistance>
		<IsVisible>true</IsVisible>
		<MaxHealth>1000</MaxHealth>
		<Health>1000</Health>
		<HasGravity>true</HasGravity>
		<IsOnFire>false</IsOnFire>
		<IsInvincible>true</IsInvincible>
		<IsBulletProof>false</IsBulletProof>
		<IsCollisionProof>false</IsCollisionProof>
		<IsExplosionProof>true</IsExplosionProof>
		<IsFireProof>true</IsFireProof>
		<IsMeleeProof>true</IsMeleeProof>
		<IsOnlyDamagedByPlayer>false</IsOnlyDamagedByPlayer>
		<PositionRotation>
			<X>336.464081</X>
			<Y>4834.40137</Y>
			<Z>-59.9919052</Z>
			<Pitch>0</Pitch>
			<Roll>-0</Roll>
			<Yaw>124.955406</Yaw>
		</PositionRotation>
		<Attachment isAttached="false" />
	</Placement>
</SpoonerPlacements>
