<?xml version="1.0" encoding="ISO-8859-1"?>
<SpoonerPlacements>
	<Note />
	<AudioFile volume="400" />
	<ClearDatabase>false</ClearDatabase>
	<ClearWorld>0</ClearWorld>
	<ClearMarkers>false</ClearMarkers>
	<IPLsToLoad load_mp_maps="false" load_sp_maps="false" />
	<IPLsToRemove />
	<InteriorsToEnable />
	<InteriorsToCap />
	<WeatherToSet></WeatherToSet>
	<TimecycleModifier strength="1"></TimecycleModifier>
	<StartTaskSequencesOnLoad>true</StartTaskSequencesOnLoad>
	<ReferenceCoords>
		<X>-75.445282</X>
		<Y>-813.868408</Y>
		<Z>326.175171</Z>
	</ReferenceCoords>
	<Placement>
		<ModelHash>0xefbf0014</ModelHash>
		<Type>3</Type>
		<Dynamic>false</Dynamic>
		<FrozenPos>true</FrozenPos>
		<HashName>xs_combined_dystopian_14_brdg01</HashName>
		<InitialHandle>449824</InitialHandle>
		<ObjectProperties>
			<TextureVariation>0</TextureVariation>
		</ObjectProperties>
		<OpacityLevel>255</OpacityLevel>
		<LodDistance>16960</LodDistance>
		<IsVisible>true</IsVisible>
		<MaxHealth>1000</MaxHealth>
		<Health>1000</Health>
		<HasGravity>true</HasGravity>
		<IsOnFire>false</IsOnFire>
		<IsInvincible>true</IsInvincible>
		<IsBulletProof>false</IsBulletProof>
		<IsCollisionProof>false</IsCollisionProof>
		<IsExplosionProof>true</IsExplosionProof>
		<IsFireProof>false</IsFireProof>
		<IsMeleeProof>true</IsMeleeProof>
		<IsOnlyDamagedByPlayer>false</IsOnlyDamagedByPlayer>
		<PositionRotation>
			<X>-61.6744995</X>
			<Y>-763.589722</Y>
			<Z>331.878662</Z>
			<Pitch>0</Pitch>
			<Roll>-0</Roll>
			<Yaw>-104.463562</Yaw>
		</PositionRotation>
		<Attachment isAttached="false" />
	</Placement>
	<Placement>
		<ModelHash>0xefbf0014</ModelHash>
		<Type>3</Type>
		<Dynamic>false</Dynamic>
		<FrozenPos>true</FrozenPos>
		<HashName>xs_combined_dystopian_14_brdg01</HashName>
		<InitialHandle>180809</InitialHandle>
		<ObjectProperties>
			<TextureVariation>0</TextureVariation>
		</ObjectProperties>
		<OpacityLevel>255</OpacityLevel>
		<LodDistance>16960</LodDistance>
		<IsVisible>true</IsVisible>
		<MaxHealth>1000</MaxHealth>
		<Health>1000</Health>
		<HasGravity>true</HasGravity>
		<IsOnFire>false</IsOnFire>
		<IsInvincible>true</IsInvincible>
		<IsBulletProof>false</IsBulletProof>
		<IsCollisionProof>false</IsCollisionProof>
		<IsExplosionProof>true</IsExplosionProof>
		<IsFireProof>false</IsFireProof>
		<IsMeleeProof>true</IsMeleeProof>
		<IsOnlyDamagedByPlayer>false</IsOnlyDamagedByPlayer>
		<PositionRotation>
			<X>-35.4492416</X>
			<Y>-661.917542</Y>
			<Z>316.378662</Z>
			<Pitch>0</Pitch>
			<Roll>-0</Roll>
			<Yaw>-104.463562</Yaw>
		</PositionRotation>
		<Attachment isAttached="true">
			<AttachedTo>449824</AttachedTo>
			<BoneIndex>0</BoneIndex>
			<X>-104.999992</X>
			<Y>0</Y>
			<Z>-15.5</Z>
			<Pitch>0</Pitch>
			<Roll>0</Roll>
			<Yaw>0</Yaw>
		</Attachment>
	</Placement>
	<Placement>
		<ModelHash>0xefbf0014</ModelHash>
		<Type>3</Type>
		<Dynamic>false</Dynamic>
		<FrozenPos>true</FrozenPos>
		<HashName>xs_combined_dystopian_14_brdg01</HashName>
		<InitialHandle>596005</InitialHandle>
		<ObjectProperties>
			<TextureVariation>0</TextureVariation>
		</ObjectProperties>
		<OpacityLevel>255</OpacityLevel>
		<LodDistance>16960</LodDistance>
		<IsVisible>true</IsVisible>
		<MaxHealth>1000</MaxHealth>
		<Health>1000</Health>
		<HasGravity>true</HasGravity>
		<IsOnFire>false</IsOnFire>
		<IsInvincible>true</IsInvincible>
		<IsBulletProof>false</IsBulletProof>
		<IsCollisionProof>false</IsCollisionProof>
		<IsExplosionProof>true</IsExplosionProof>
		<IsFireProof>false</IsFireProof>
		<IsMeleeProof>true</IsMeleeProof>
		<IsOnlyDamagedByPlayer>false</IsOnlyDamagedByPlayer>
		<PositionRotation>
			<X>-9.97327614</X>
			<Y>-563.150269</Y>
			<Z>301.378662</Z>
			<Pitch>0</Pitch>
			<Roll>-0</Roll>
			<Yaw>-104.463562</Yaw>
		</PositionRotation>
		<Attachment isAttached="true">
			<AttachedTo>180809</AttachedTo>
			<BoneIndex>0</BoneIndex>
			<X>-101.999992</X>
			<Y>0</Y>
			<Z>-14.999999</Z>
			<Pitch>0</Pitch>
			<Roll>0</Roll>
			<Yaw>0</Yaw>
		</Attachment>
	</Placement>
	<Placement>
		<ModelHash>0xefbf0014</ModelHash>
		<Type>3</Type>
		<Dynamic>false</Dynamic>
		<FrozenPos>true</FrozenPos>
		<HashName>xs_combined_dystopian_14_brdg01</HashName>
		<InitialHandle>283424</InitialHandle>
		<ObjectProperties>
			<TextureVariation>0</TextureVariation>
		</ObjectProperties>
		<OpacityLevel>255</OpacityLevel>
		<LodDistance>16960</LodDistance>
		<IsVisible>true</IsVisible>
		<MaxHealth>1000</MaxHealth>
		<Health>1000</Health>
		<HasGravity>true</HasGravity>
		<IsOnFire>false</IsOnFire>
		<IsInvincible>true</IsInvincible>
		<IsBulletProof>false</IsBulletProof>
		<IsCollisionProof>false</IsCollisionProof>
		<IsExplosionProof>true</IsExplosionProof>
		<IsFireProof>false</IsFireProof>
		<IsMeleeProof>true</IsMeleeProof>
		<IsOnlyDamagedByPlayer>false</IsOnlyDamagedByPlayer>
		<PositionRotation>
			<X>15.0031605</X>
			<Y>-466.319611</Y>
			<Z>286.378662</Z>
			<Pitch>0</Pitch>
			<Roll>-0</Roll>
			<Yaw>-104.463562</Yaw>
		</PositionRotation>
		<Attachment isAttached="true">
			<AttachedTo>596005</AttachedTo>
			<BoneIndex>0</BoneIndex>
			<X>-99.9999924</X>
			<Y>0</Y>
			<Z>-14.999999</Z>
			<Pitch>0</Pitch>
			<Roll>0</Roll>
			<Yaw>0</Yaw>
		</Attachment>
	</Placement>
	<Placement>
		<ModelHash>0xefbf0014</ModelHash>
		<Type>3</Type>
		<Dynamic>false</Dynamic>
		<FrozenPos>true</FrozenPos>
		<HashName>xs_combined_dystopian_14_brdg01</HashName>
		<InitialHandle>225063</InitialHandle>
		<ObjectProperties>
			<TextureVariation>0</TextureVariation>
		</ObjectProperties>
		<OpacityLevel>255</OpacityLevel>
		<LodDistance>16960</LodDistance>
		<IsVisible>true</IsVisible>
		<MaxHealth>1000</MaxHealth>
		<Health>1000</Health>
		<HasGravity>true</HasGravity>
		<IsOnFire>false</IsOnFire>
		<IsInvincible>true</IsInvincible>
		<IsBulletProof>false</IsBulletProof>
		<IsCollisionProof>false</IsCollisionProof>
		<IsExplosionProof>true</IsExplosionProof>
		<IsFireProof>false</IsFireProof>
		<IsMeleeProof>true</IsMeleeProof>
		<IsOnlyDamagedByPlayer>false</IsOnlyDamagedByPlayer>
		<PositionRotation>
			<X>39.979599</X>
			<Y>-369.488953</Y>
			<Z>271.378662</Z>
			<Pitch>0</Pitch>
			<Roll>-0</Roll>
			<Yaw>-104.463562</Yaw>
		</PositionRotation>
		<Attachment isAttached="true">
			<AttachedTo>283424</AttachedTo>
			<BoneIndex>0</BoneIndex>
			<X>-99.9999924</X>
			<Y>0</Y>
			<Z>-14.999999</Z>
			<Pitch>0</Pitch>
			<Roll>0</Roll>
			<Yaw>0</Yaw>
		</Attachment>
	</Placement>
	<Placement>
		<ModelHash>0xefbf0014</ModelHash>
		<Type>3</Type>
		<Dynamic>false</Dynamic>
		<FrozenPos>true</FrozenPos>
		<HashName>xs_combined_dystopian_14_brdg01</HashName>
		<InitialHandle>604202</InitialHandle>
		<ObjectProperties>
			<TextureVariation>0</TextureVariation>
		</ObjectProperties>
		<OpacityLevel>255</OpacityLevel>
		<LodDistance>16960</LodDistance>
		<IsVisible>true</IsVisible>
		<MaxHealth>1000</MaxHealth>
		<Health>1000</Health>
		<HasGravity>true</HasGravity>
		<IsOnFire>false</IsOnFire>
		<IsInvincible>true</IsInvincible>
		<IsBulletProof>false</IsBulletProof>
		<IsCollisionProof>false</IsCollisionProof>
		<IsExplosionProof>true</IsExplosionProof>
		<IsFireProof>false</IsFireProof>
		<IsMeleeProof>true</IsMeleeProof>
		<IsOnlyDamagedByPlayer>false</IsOnlyDamagedByPlayer>
		<PositionRotation>
			<X>62.9579201</X>
			<Y>-280.404755</Y>
			<Z>257.378662</Z>
			<Pitch>0</Pitch>
			<Roll>-0</Roll>
			<Yaw>-104.463562</Yaw>
		</PositionRotation>
		<Attachment isAttached="true">
			<AttachedTo>225063</AttachedTo>
			<BoneIndex>0</BoneIndex>
			<X>-91.9999924</X>
			<Y>0</Y>
			<Z>-13.999999</Z>
			<Pitch>0</Pitch>
			<Roll>0</Roll>
			<Yaw>0</Yaw>
		</Attachment>
	</Placement>
	<Placement>
		<ModelHash>0xefbf0014</ModelHash>
		<Type>3</Type>
		<Dynamic>false</Dynamic>
		<FrozenPos>true</FrozenPos>
		<HashName>xs_combined_dystopian_14_brdg01</HashName>
		<InitialHandle>745001</InitialHandle>
		<ObjectProperties>
			<TextureVariation>0</TextureVariation>
		</ObjectProperties>
		<OpacityLevel>255</OpacityLevel>
		<LodDistance>16960</LodDistance>
		<IsVisible>true</IsVisible>
		<MaxHealth>1000</MaxHealth>
		<Health>1000</Health>
		<HasGravity>true</HasGravity>
		<IsOnFire>false</IsOnFire>
		<IsInvincible>true</IsInvincible>
		<IsBulletProof>false</IsBulletProof>
		<IsCollisionProof>false</IsCollisionProof>
		<IsExplosionProof>true</IsExplosionProof>
		<IsFireProof>false</IsFireProof>
		<IsMeleeProof>true</IsMeleeProof>
		<IsOnlyDamagedByPlayer>false</IsOnlyDamagedByPlayer>
		<PositionRotation>
			<X>87.6845932</X>
			<Y>-184.542404</Y>
			<Z>242.378662</Z>
			<Pitch>0</Pitch>
			<Roll>-0</Roll>
			<Yaw>-104.463562</Yaw>
		</PositionRotation>
		<Attachment isAttached="true">
			<AttachedTo>604202</AttachedTo>
			<BoneIndex>0</BoneIndex>
			<X>-98.9999924</X>
			<Y>0</Y>
			<Z>-14.999999</Z>
			<Pitch>0</Pitch>
			<Roll>0</Roll>
			<Yaw>0</Yaw>
		</Attachment>
	</Placement>
	<Placement>
		<ModelHash>0xefbf0014</ModelHash>
		<Type>3</Type>
		<Dynamic>false</Dynamic>
		<FrozenPos>true</FrozenPos>
		<HashName>xs_combined_dystopian_14_brdg01</HashName>
		<InitialHandle>667437</InitialHandle>
		<ObjectProperties>
			<TextureVariation>0</TextureVariation>
		</ObjectProperties>
		<OpacityLevel>255</OpacityLevel>
		<LodDistance>16960</LodDistance>
		<IsVisible>true</IsVisible>
		<MaxHealth>1000</MaxHealth>
		<Health>1000</Health>
		<HasGravity>true</HasGravity>
		<IsOnFire>false</IsOnFire>
		<IsInvincible>true</IsInvincible>
		<IsBulletProof>false</IsBulletProof>
		<IsCollisionProof>false</IsCollisionProof>
		<IsExplosionProof>true</IsExplosionProof>
		<IsFireProof>false</IsFireProof>
		<IsMeleeProof>true</IsMeleeProof>
		<IsOnlyDamagedByPlayer>false</IsOnlyDamagedByPlayer>
		<PositionRotation>
			<X>112.661026</X>
			<Y>-87.7117462</Y>
			<Z>227.378662</Z>
			<Pitch>0</Pitch>
			<Roll>-0</Roll>
			<Yaw>-104.463562</Yaw>
		</PositionRotation>
		<Attachment isAttached="true">
			<AttachedTo>745001</AttachedTo>
			<BoneIndex>0</BoneIndex>
			<X>-99.9999924</X>
			<Y>0</Y>
			<Z>-14.999999</Z>
			<Pitch>0</Pitch>
			<Roll>0</Roll>
			<Yaw>0</Yaw>
		</Attachment>
	</Placement>
	<Placement>
		<ModelHash>0xefbf0014</ModelHash>
		<Type>3</Type>
		<Dynamic>false</Dynamic>
		<FrozenPos>true</FrozenPos>
		<HashName>xs_combined_dystopian_14_brdg01</HashName>
		<InitialHandle>152950</InitialHandle>
		<ObjectProperties>
			<TextureVariation>0</TextureVariation>
		</ObjectProperties>
		<OpacityLevel>255</OpacityLevel>
		<LodDistance>16960</LodDistance>
		<IsVisible>true</IsVisible>
		<MaxHealth>1000</MaxHealth>
		<Health>1000</Health>
		<HasGravity>true</HasGravity>
		<IsOnFire>false</IsOnFire>
		<IsInvincible>true</IsInvincible>
		<IsBulletProof>false</IsBulletProof>
		<IsCollisionProof>false</IsCollisionProof>
		<IsExplosionProof>true</IsExplosionProof>
		<IsFireProof>false</IsFireProof>
		<IsMeleeProof>true</IsMeleeProof>
		<IsOnlyDamagedByPlayer>false</IsOnlyDamagedByPlayer>
		<PositionRotation>
			<X>138.386749</X>
			<Y>12.0238342</Y>
			<Z>212.378662</Z>
			<Pitch>0</Pitch>
			<Roll>-0</Roll>
			<Yaw>-104.463562</Yaw>
		</PositionRotation>
		<Attachment isAttached="true">
			<AttachedTo>667437</AttachedTo>
			<BoneIndex>0</BoneIndex>
			<X>-102.999992</X>
			<Y>0</Y>
			<Z>-14.999999</Z>
			<Pitch>0</Pitch>
			<Roll>0</Roll>
			<Yaw>0</Yaw>
		</Attachment>
	</Placement>
	<Placement>
		<ModelHash>0xefbf0014</ModelHash>
		<Type>3</Type>
		<Dynamic>false</Dynamic>
		<FrozenPos>true</FrozenPos>
		<HashName>xs_combined_dystopian_14_brdg01</HashName>
		<InitialHandle>549170</InitialHandle>
		<ObjectProperties>
			<TextureVariation>0</TextureVariation>
		</ObjectProperties>
		<OpacityLevel>255</OpacityLevel>
		<LodDistance>16960</LodDistance>
		<IsVisible>true</IsVisible>
		<MaxHealth>1000</MaxHealth>
		<Health>1000</Health>
		<HasGravity>true</HasGravity>
		<IsOnFire>false</IsOnFire>
		<IsInvincible>true</IsInvincible>
		<IsBulletProof>false</IsBulletProof>
		<IsCollisionProof>false</IsCollisionProof>
		<IsExplosionProof>true</IsExplosionProof>
		<IsFireProof>false</IsFireProof>
		<IsMeleeProof>true</IsMeleeProof>
		<IsOnlyDamagedByPlayer>false</IsOnlyDamagedByPlayer>
		<PositionRotation>
			<X>161.614838</X>
			<Y>102.076347</Y>
			<Z>198.378662</Z>
			<Pitch>0</Pitch>
			<Roll>-0</Roll>
			<Yaw>-104.463562</Yaw>
		</PositionRotation>
		<Attachment isAttached="true">
			<AttachedTo>152950</AttachedTo>
			<BoneIndex>0</BoneIndex>
			<X>-92.9999924</X>
			<Y>0</Y>
			<Z>-13.999999</Z>
			<Pitch>0</Pitch>
			<Roll>0</Roll>
			<Yaw>0</Yaw>
		</Attachment>
	</Placement>
	<Placement>
		<ModelHash>0xefbf0014</ModelHash>
		<Type>3</Type>
		<Dynamic>false</Dynamic>
		<FrozenPos>true</FrozenPos>
		<HashName>xs_combined_dystopian_14_brdg01</HashName>
		<InitialHandle>423219</InitialHandle>
		<ObjectProperties>
			<TextureVariation>0</TextureVariation>
		</ObjectProperties>
		<OpacityLevel>255</OpacityLevel>
		<LodDistance>16960</LodDistance>
		<IsVisible>true</IsVisible>
		<MaxHealth>1000</MaxHealth>
		<Health>1000</Health>
		<HasGravity>true</HasGravity>
		<IsOnFire>false</IsOnFire>
		<IsInvincible>true</IsInvincible>
		<IsBulletProof>false</IsBulletProof>
		<IsCollisionProof>false</IsCollisionProof>
		<IsExplosionProof>true</IsExplosionProof>
		<IsFireProof>false</IsFireProof>
		<IsMeleeProof>true</IsMeleeProof>
		<IsOnlyDamagedByPlayer>false</IsOnlyDamagedByPlayer>
		<PositionRotation>
			<X>182.595047</X>
			<Y>183.414093</Y>
			<Z>185.378662</Z>
			<Pitch>0</Pitch>
			<Roll>-0</Roll>
			<Yaw>-104.463562</Yaw>
		</PositionRotation>
		<Attachment isAttached="true">
			<AttachedTo>549170</AttachedTo>
			<BoneIndex>0</BoneIndex>
			<X>-83.9999924</X>
			<Y>0</Y>
			<Z>-12.999999</Z>
			<Pitch>0</Pitch>
			<Roll>0</Roll>
			<Yaw>0</Yaw>
		</Attachment>
	</Placement>
	<Placement>
		<ModelHash>0xefbf0014</ModelHash>
		<Type>3</Type>
		<Dynamic>false</Dynamic>
		<FrozenPos>true</FrozenPos>
		<HashName>xs_combined_dystopian_14_brdg01</HashName>
		<InitialHandle>654899</InitialHandle>
		<ObjectProperties>
			<TextureVariation>0</TextureVariation>
		</ObjectProperties>
		<OpacityLevel>255</OpacityLevel>
		<LodDistance>16960</LodDistance>
		<IsVisible>true</IsVisible>
		<MaxHealth>1000</MaxHealth>
		<Health>1000</Health>
		<HasGravity>true</HasGravity>
		<IsOnFire>false</IsOnFire>
		<IsInvincible>true</IsInvincible>
		<IsBulletProof>false</IsBulletProof>
		<IsCollisionProof>false</IsCollisionProof>
		<IsExplosionProof>true</IsExplosionProof>
		<IsFireProof>false</IsFireProof>
		<IsMeleeProof>true</IsMeleeProof>
		<IsOnlyDamagedByPlayer>false</IsOnlyDamagedByPlayer>
		<PositionRotation>
			<X>206.322662</X>
			<Y>275.403229</Y>
			<Z>171.378662</Z>
			<Pitch>0</Pitch>
			<Roll>-0</Roll>
			<Yaw>-104.463562</Yaw>
		</PositionRotation>
		<Attachment isAttached="true">
			<AttachedTo>423219</AttachedTo>
			<BoneIndex>0</BoneIndex>
			<X>-94.9999924</X>
			<Y>0</Y>
			<Z>-13.999999</Z>
			<Pitch>0</Pitch>
			<Roll>0</Roll>
			<Yaw>0</Yaw>
		</Attachment>
	</Placement>
	<Placement>
		<ModelHash>0xefbf0014</ModelHash>
		<Type>3</Type>
		<Dynamic>false</Dynamic>
		<FrozenPos>true</FrozenPos>
		<HashName>xs_combined_dystopian_14_brdg01</HashName>
		<InitialHandle>558129</InitialHandle>
		<ObjectProperties>
			<TextureVariation>0</TextureVariation>
		</ObjectProperties>
		<OpacityLevel>255</OpacityLevel>
		<LodDistance>16960</LodDistance>
		<IsVisible>true</IsVisible>
		<MaxHealth>1000</MaxHealth>
		<Health>1000</Health>
		<HasGravity>true</HasGravity>
		<IsOnFire>false</IsOnFire>
		<IsInvincible>true</IsInvincible>
		<IsBulletProof>false</IsBulletProof>
		<IsCollisionProof>false</IsCollisionProof>
		<IsExplosionProof>true</IsExplosionProof>
		<IsFireProof>false</IsFireProof>
		<IsMeleeProof>true</IsMeleeProof>
		<IsOnlyDamagedByPlayer>false</IsOnlyDamagedByPlayer>
		<PositionRotation>
			<X>231.299103</X>
			<Y>372.233887</Y>
			<Z>156.378662</Z>
			<Pitch>0</Pitch>
			<Roll>-0</Roll>
			<Yaw>-104.463562</Yaw>
		</PositionRotation>
		<Attachment isAttached="true">
			<AttachedTo>654899</AttachedTo>
			<BoneIndex>0</BoneIndex>
			<X>-99.9999924</X>
			<Y>0</Y>
			<Z>-14.999999</Z>
			<Pitch>0</Pitch>
			<Roll>0</Roll>
			<Yaw>0</Yaw>
		</Attachment>
	</Placement>
	<Placement>
		<ModelHash>0xefbf0014</ModelHash>
		<Type>3</Type>
		<Dynamic>false</Dynamic>
		<FrozenPos>true</FrozenPos>
		<HashName>xs_combined_dystopian_14_brdg01</HashName>
		<InitialHandle>260150</InitialHandle>
		<ObjectProperties>
			<TextureVariation>0</TextureVariation>
		</ObjectProperties>
		<OpacityLevel>255</OpacityLevel>
		<LodDistance>16960</LodDistance>
		<IsVisible>true</IsVisible>
		<MaxHealth>1000</MaxHealth>
		<Health>1000</Health>
		<HasGravity>true</HasGravity>
		<IsOnFire>false</IsOnFire>
		<IsInvincible>true</IsInvincible>
		<IsBulletProof>false</IsBulletProof>
		<IsCollisionProof>false</IsCollisionProof>
		<IsExplosionProof>true</IsExplosionProof>
		<IsFireProof>false</IsFireProof>
		<IsMeleeProof>true</IsMeleeProof>
		<IsOnlyDamagedByPlayer>false</IsOnlyDamagedByPlayer>
		<PositionRotation>
			<X>251.280258</X>
			<Y>449.698425</Y>
			<Z>144.378662</Z>
			<Pitch>0</Pitch>
			<Roll>-0</Roll>
			<Yaw>-104.463562</Yaw>
		</PositionRotation>
		<Attachment isAttached="true">
			<AttachedTo>558129</AttachedTo>
			<BoneIndex>0</BoneIndex>
			<X>-79.9999924</X>
			<Y>0</Y>
			<Z>-11.999999</Z>
			<Pitch>0</Pitch>
			<Roll>0</Roll>
			<Yaw>0</Yaw>
		</Attachment>
	</Placement>
</SpoonerPlacements>
