<?xml version="1.0" encoding="ISO-8859-1"?>
<SpoonerPlacements>
	<Note />
	<AudioFile volume="400" />
	<ClearDatabase>false</ClearDatabase>
	<ClearWorld>0</ClearWorld>
	<ClearMarkers>false</ClearMarkers>
	<IPLsToLoad load_mp_maps="false" load_sp_maps="false" />
	<IPLsToRemove />
	<InteriorsToEnable />
	<InteriorsToCap />
	<WeatherToSet></WeatherToSet>
	<TimecycleModifier strength="1"></TimecycleModifier>
	<StartTaskSequencesOnLoad>true</StartTaskSequencesOnLoad>
	<ReferenceCoords>
		<X>-1030.09473</X>
		<Y>-2900.63721</Y>
		<Z>13.9534388</Z>
	</ReferenceCoords>
	<Placement>
		<ModelHash>0x48104d0d</ModelHash>
		<Type>3</Type>
		<Dynamic>false</Dynamic>
		<FrozenPos>true</FrozenPos>
		<HashName>prop_vb_34_tencrt_lighting</HashName>
		<InitialHandle>139800</InitialHandle>
		<ObjectProperties>
			<TextureVariation>0</TextureVariation>
		</ObjectProperties>
		<OpacityLevel>255</OpacityLevel>
		<LodDistance>16960</LodDistance>
		<IsVisible>true</IsVisible>
		<MaxHealth>1000</MaxHealth>
		<Health>1000</Health>
		<HasGravity>true</HasGravity>
		<IsOnFire>false</IsOnFire>
		<IsInvincible>true</IsInvincible>
		<IsBulletProof>false</IsBulletProof>
		<IsCollisionProof>false</IsCollisionProof>
		<IsExplosionProof>true</IsExplosionProof>
		<IsFireProof>false</IsFireProof>
		<IsMeleeProof>true</IsMeleeProof>
		<IsOnlyDamagedByPlayer>false</IsOnlyDamagedByPlayer>
		<PositionRotation>
			<X>-1085.40015</X>
			<Y>-2953.85181</Y>
			<Z>15.437151</Z>
			<Pitch>0</Pitch>
			<Roll>-0</Roll>
			<Yaw>148.288269</Yaw>
		</PositionRotation>
		<Attachment isAttached="false" />
	</Placement>
	<Placement>
		<ModelHash>0x48104d0d</ModelHash>
		<Type>3</Type>
		<Dynamic>false</Dynamic>
		<FrozenPos>true</FrozenPos>
		<HashName>prop_vb_34_tencrt_lighting</HashName>
		<InitialHandle>81944</InitialHandle>
		<ObjectProperties>
			<TextureVariation>0</TextureVariation>
		</ObjectProperties>
		<OpacityLevel>255</OpacityLevel>
		<LodDistance>16960</LodDistance>
		<IsVisible>true</IsVisible>
		<MaxHealth>1000</MaxHealth>
		<Health>1000</Health>
		<HasGravity>true</HasGravity>
		<IsOnFire>false</IsOnFire>
		<IsInvincible>true</IsInvincible>
		<IsBulletProof>false</IsBulletProof>
		<IsCollisionProof>false</IsCollisionProof>
		<IsExplosionProof>true</IsExplosionProof>
		<IsFireProof>false</IsFireProof>
		<IsMeleeProof>true</IsMeleeProof>
		<IsOnlyDamagedByPlayer>false</IsOnlyDamagedByPlayer>
		<PositionRotation>
			<X>-1081.53528</X>
			<Y>-2947.59717</Y>
			<Z>15.4372749</Z>
			<Pitch>0</Pitch>
			<Roll>-0</Roll>
			<Yaw>148.288269</Yaw>
		</PositionRotation>
		<Attachment isAttached="false" />
	</Placement>
	<Placement>
		<ModelHash>0x48104d0d</ModelHash>
		<Type>3</Type>
		<Dynamic>false</Dynamic>
		<FrozenPos>true</FrozenPos>
		<HashName>prop_vb_34_tencrt_lighting</HashName>
		<InitialHandle>382488</InitialHandle>
		<ObjectProperties>
			<TextureVariation>0</TextureVariation>
		</ObjectProperties>
		<OpacityLevel>255</OpacityLevel>
		<LodDistance>16960</LodDistance>
		<IsVisible>true</IsVisible>
		<MaxHealth>1000</MaxHealth>
		<Health>1000</Health>
		<HasGravity>true</HasGravity>
		<IsOnFire>false</IsOnFire>
		<IsInvincible>true</IsInvincible>
		<IsBulletProof>false</IsBulletProof>
		<IsCollisionProof>false</IsCollisionProof>
		<IsExplosionProof>true</IsExplosionProof>
		<IsFireProof>false</IsFireProof>
		<IsMeleeProof>true</IsMeleeProof>
		<IsOnlyDamagedByPlayer>false</IsOnlyDamagedByPlayer>
		<PositionRotation>
			<X>-1077.58057</X>
			<Y>-2940.68384</Y>
			<Z>15.437746</Z>
			<Pitch>0</Pitch>
			<Roll>-0</Roll>
			<Yaw>149.265488</Yaw>
		</PositionRotation>
		<Attachment isAttached="false" />
	</Placement>
	<Placement>
		<ModelHash>0x48104d0d</ModelHash>
		<Type>3</Type>
		<Dynamic>false</Dynamic>
		<FrozenPos>true</FrozenPos>
		<HashName>prop_vb_34_tencrt_lighting</HashName>
		<InitialHandle>576024</InitialHandle>
		<ObjectProperties>
			<TextureVariation>0</TextureVariation>
		</ObjectProperties>
		<OpacityLevel>255</OpacityLevel>
		<LodDistance>16960</LodDistance>
		<IsVisible>true</IsVisible>
		<MaxHealth>1000</MaxHealth>
		<Health>1000</Health>
		<HasGravity>true</HasGravity>
		<IsOnFire>false</IsOnFire>
		<IsInvincible>true</IsInvincible>
		<IsBulletProof>false</IsBulletProof>
		<IsCollisionProof>false</IsCollisionProof>
		<IsExplosionProof>true</IsExplosionProof>
		<IsFireProof>false</IsFireProof>
		<IsMeleeProof>true</IsMeleeProof>
		<IsOnlyDamagedByPlayer>false</IsOnlyDamagedByPlayer>
		<PositionRotation>
			<X>-1072.22974</X>
			<Y>-2931.04858</Y>
			<Z>15.4391518</Z>
			<Pitch>0</Pitch>
			<Roll>0</Roll>
			<Yaw>-30.8510036</Yaw>
		</PositionRotation>
		<Attachment isAttached="false" />
	</Placement>
	<Placement>
		<ModelHash>0x48104d0d</ModelHash>
		<Type>3</Type>
		<Dynamic>false</Dynamic>
		<FrozenPos>true</FrozenPos>
		<HashName>prop_vb_34_tencrt_lighting</HashName>
		<InitialHandle>736024</InitialHandle>
		<ObjectProperties>
			<TextureVariation>0</TextureVariation>
		</ObjectProperties>
		<OpacityLevel>255</OpacityLevel>
		<LodDistance>16960</LodDistance>
		<IsVisible>true</IsVisible>
		<MaxHealth>1000</MaxHealth>
		<Health>1000</Health>
		<HasGravity>true</HasGravity>
		<IsOnFire>false</IsOnFire>
		<IsInvincible>true</IsInvincible>
		<IsBulletProof>false</IsBulletProof>
		<IsCollisionProof>false</IsCollisionProof>
		<IsExplosionProof>true</IsExplosionProof>
		<IsFireProof>false</IsFireProof>
		<IsMeleeProof>true</IsMeleeProof>
		<IsOnlyDamagedByPlayer>false</IsOnlyDamagedByPlayer>
		<PositionRotation>
			<X>-1068.03711</X>
			<Y>-2923.8811</Y>
			<Z>15.4403076</Z>
			<Pitch>0</Pitch>
			<Roll>0</Roll>
			<Yaw>-30.7803555</Yaw>
		</PositionRotation>
		<Attachment isAttached="false" />
	</Placement>
	<Placement>
		<ModelHash>0x48104d0d</ModelHash>
		<Type>3</Type>
		<Dynamic>false</Dynamic>
		<FrozenPos>true</FrozenPos>
		<HashName>prop_vb_34_tencrt_lighting</HashName>
		<InitialHandle>71449</InitialHandle>
		<ObjectProperties>
			<TextureVariation>0</TextureVariation>
		</ObjectProperties>
		<OpacityLevel>255</OpacityLevel>
		<LodDistance>16960</LodDistance>
		<IsVisible>true</IsVisible>
		<MaxHealth>1000</MaxHealth>
		<Health>1000</Health>
		<HasGravity>true</HasGravity>
		<IsOnFire>false</IsOnFire>
		<IsInvincible>true</IsInvincible>
		<IsBulletProof>false</IsBulletProof>
		<IsCollisionProof>false</IsCollisionProof>
		<IsExplosionProof>true</IsExplosionProof>
		<IsFireProof>false</IsFireProof>
		<IsMeleeProof>true</IsMeleeProof>
		<IsOnlyDamagedByPlayer>false</IsOnlyDamagedByPlayer>
		<PositionRotation>
			<X>-1075.78027</X>
			<Y>-2936.8811</Y>
			<Z>15.4382534</Z>
			<Pitch>0</Pitch>
			<Roll>0</Roll>
			<Yaw>-30.7803078</Yaw>
		</PositionRotation>
		<Attachment isAttached="false" />
	</Placement>
	<Placement>
		<ModelHash>0x48104d0d</ModelHash>
		<Type>3</Type>
		<Dynamic>false</Dynamic>
		<FrozenPos>true</FrozenPos>
		<HashName>prop_vb_34_tencrt_lighting</HashName>
		<InitialHandle>2329</InitialHandle>
		<ObjectProperties>
			<TextureVariation>0</TextureVariation>
		</ObjectProperties>
		<OpacityLevel>255</OpacityLevel>
		<LodDistance>16960</LodDistance>
		<IsVisible>true</IsVisible>
		<MaxHealth>1000</MaxHealth>
		<Health>1000</Health>
		<HasGravity>true</HasGravity>
		<IsOnFire>false</IsOnFire>
		<IsInvincible>true</IsInvincible>
		<IsBulletProof>false</IsBulletProof>
		<IsCollisionProof>false</IsCollisionProof>
		<IsExplosionProof>true</IsExplosionProof>
		<IsFireProof>false</IsFireProof>
		<IsMeleeProof>true</IsMeleeProof>
		<IsOnlyDamagedByPlayer>false</IsOnlyDamagedByPlayer>
		<PositionRotation>
			<X>-1063.7041</X>
			<Y>-2916.86011</Y>
			<Z>15.4414806</Z>
			<Pitch>0</Pitch>
			<Roll>0</Roll>
			<Yaw>-31.0221615</Yaw>
		</PositionRotation>
		<Attachment isAttached="false" />
	</Placement>
	<Placement>
		<ModelHash>0x48104d0d</ModelHash>
		<Type>3</Type>
		<Dynamic>false</Dynamic>
		<FrozenPos>true</FrozenPos>
		<HashName>prop_vb_34_tencrt_lighting</HashName>
		<InitialHandle>210713</InitialHandle>
		<ObjectProperties>
			<TextureVariation>0</TextureVariation>
		</ObjectProperties>
		<OpacityLevel>255</OpacityLevel>
		<LodDistance>16960</LodDistance>
		<IsVisible>true</IsVisible>
		<MaxHealth>1000</MaxHealth>
		<Health>1000</Health>
		<HasGravity>true</HasGravity>
		<IsOnFire>false</IsOnFire>
		<IsInvincible>true</IsInvincible>
		<IsBulletProof>false</IsBulletProof>
		<IsCollisionProof>false</IsCollisionProof>
		<IsExplosionProof>true</IsExplosionProof>
		<IsFireProof>false</IsFireProof>
		<IsMeleeProof>true</IsMeleeProof>
		<IsOnlyDamagedByPlayer>false</IsOnlyDamagedByPlayer>
		<PositionRotation>
			<X>-1058.32849</X>
			<Y>-2907.9248</Y>
			<Z>15.4430466</Z>
			<Pitch>0</Pitch>
			<Roll>0</Roll>
			<Yaw>-31.0221481</Yaw>
		</PositionRotation>
		<Attachment isAttached="false" />
	</Placement>
	<Placement>
		<ModelHash>0x48104d0d</ModelHash>
		<Type>3</Type>
		<Dynamic>false</Dynamic>
		<FrozenPos>true</FrozenPos>
		<HashName>prop_vb_34_tencrt_lighting</HashName>
		<InitialHandle>271641</InitialHandle>
		<ObjectProperties>
			<TextureVariation>0</TextureVariation>
		</ObjectProperties>
		<OpacityLevel>255</OpacityLevel>
		<LodDistance>16960</LodDistance>
		<IsVisible>true</IsVisible>
		<MaxHealth>1000</MaxHealth>
		<Health>1000</Health>
		<HasGravity>true</HasGravity>
		<IsOnFire>false</IsOnFire>
		<IsInvincible>true</IsInvincible>
		<IsBulletProof>false</IsBulletProof>
		<IsCollisionProof>false</IsCollisionProof>
		<IsExplosionProof>true</IsExplosionProof>
		<IsFireProof>false</IsFireProof>
		<IsMeleeProof>true</IsMeleeProof>
		<IsOnlyDamagedByPlayer>false</IsOnlyDamagedByPlayer>
		<PositionRotation>
			<X>-1052.54419</X>
			<Y>-2898.30054</Y>
			<Z>15.4449749</Z>
			<Pitch>0</Pitch>
			<Roll>0</Roll>
			<Yaw>-31.0220966</Yaw>
		</PositionRotation>
		<Attachment isAttached="false" />
	</Placement>
	<Placement>
		<ModelHash>0x48104d0d</ModelHash>
		<Type>3</Type>
		<Dynamic>false</Dynamic>
		<FrozenPos>true</FrozenPos>
		<HashName>prop_vb_34_tencrt_lighting</HashName>
		<InitialHandle>322585</InitialHandle>
		<ObjectProperties>
			<TextureVariation>0</TextureVariation>
		</ObjectProperties>
		<OpacityLevel>255</OpacityLevel>
		<LodDistance>16960</LodDistance>
		<IsVisible>true</IsVisible>
		<MaxHealth>1000</MaxHealth>
		<Health>1000</Health>
		<HasGravity>true</HasGravity>
		<IsOnFire>false</IsOnFire>
		<IsInvincible>true</IsInvincible>
		<IsBulletProof>false</IsBulletProof>
		<IsCollisionProof>false</IsCollisionProof>
		<IsExplosionProof>true</IsExplosionProof>
		<IsFireProof>false</IsFireProof>
		<IsMeleeProof>true</IsMeleeProof>
		<IsOnlyDamagedByPlayer>false</IsOnlyDamagedByPlayer>
		<PositionRotation>
			<X>-1060.93616</X>
			<Y>-2912.25684</Y>
			<Z>15.4422379</Z>
			<Pitch>0</Pitch>
			<Roll>0</Roll>
			<Yaw>-31.0220966</Yaw>
		</PositionRotation>
		<Attachment isAttached="false" />
	</Placement>
	<Placement>
		<ModelHash>0x48104d0d</ModelHash>
		<Type>3</Type>
		<Dynamic>false</Dynamic>
		<FrozenPos>true</FrozenPos>
		<HashName>prop_vb_34_tencrt_lighting</HashName>
		<InitialHandle>390169</InitialHandle>
		<ObjectProperties>
			<TextureVariation>0</TextureVariation>
		</ObjectProperties>
		<OpacityLevel>255</OpacityLevel>
		<LodDistance>16960</LodDistance>
		<IsVisible>true</IsVisible>
		<MaxHealth>1000</MaxHealth>
		<Health>1000</Health>
		<HasGravity>true</HasGravity>
		<IsOnFire>false</IsOnFire>
		<IsInvincible>true</IsInvincible>
		<IsBulletProof>false</IsBulletProof>
		<IsCollisionProof>false</IsCollisionProof>
		<IsExplosionProof>true</IsExplosionProof>
		<IsFireProof>false</IsFireProof>
		<IsMeleeProof>true</IsMeleeProof>
		<IsOnlyDamagedByPlayer>false</IsOnlyDamagedByPlayer>
		<PositionRotation>
			<X>-1055.52075</X>
			<Y>-2903.25122</Y>
			<Z>15.4439831</Z>
			<Pitch>0</Pitch>
			<Roll>0</Roll>
			<Yaw>-31.0220795</Yaw>
		</PositionRotation>
		<Attachment isAttached="false" />
	</Placement>
	<Placement>
		<ModelHash>0xbfa068d5</ModelHash>
		<Type>3</Type>
		<Dynamic>false</Dynamic>
		<FrozenPos>true</FrozenPos>
		<HashName>prop_streetlight_16a</HashName>
		<InitialHandle>492060</InitialHandle>
		<ObjectProperties>
			<TextureVariation>0</TextureVariation>
		</ObjectProperties>
		<OpacityLevel>255</OpacityLevel>
		<LodDistance>16960</LodDistance>
		<IsVisible>true</IsVisible>
		<MaxHealth>1000</MaxHealth>
		<Health>1000</Health>
		<HasGravity>true</HasGravity>
		<IsOnFire>false</IsOnFire>
		<IsInvincible>true</IsInvincible>
		<IsBulletProof>false</IsBulletProof>
		<IsCollisionProof>false</IsCollisionProof>
		<IsExplosionProof>true</IsExplosionProof>
		<IsFireProof>false</IsFireProof>
		<IsMeleeProof>true</IsMeleeProof>
		<IsOnlyDamagedByPlayer>false</IsOnlyDamagedByPlayer>
		<PositionRotation>
			<X>-1028.15564</X>
			<Y>-2894.48975</Y>
			<Z>12.5560856</Z>
			<Pitch>0</Pitch>
			<Roll>0</Roll>
			<Yaw>57.1626091</Yaw>
		</PositionRotation>
		<Attachment isAttached="false" />
	</Placement>
	<Placement>
		<ModelHash>0xbfa068d5</ModelHash>
		<Type>3</Type>
		<Dynamic>false</Dynamic>
		<FrozenPos>true</FrozenPos>
		<HashName>prop_streetlight_16a</HashName>
		<InitialHandle>570396</InitialHandle>
		<ObjectProperties>
			<TextureVariation>0</TextureVariation>
		</ObjectProperties>
		<OpacityLevel>255</OpacityLevel>
		<LodDistance>16960</LodDistance>
		<IsVisible>true</IsVisible>
		<MaxHealth>1000</MaxHealth>
		<Health>1000</Health>
		<HasGravity>true</HasGravity>
		<IsOnFire>false</IsOnFire>
		<IsInvincible>true</IsInvincible>
		<IsBulletProof>false</IsBulletProof>
		<IsCollisionProof>false</IsCollisionProof>
		<IsExplosionProof>true</IsExplosionProof>
		<IsFireProof>false</IsFireProof>
		<IsMeleeProof>true</IsMeleeProof>
		<IsOnlyDamagedByPlayer>false</IsOnlyDamagedByPlayer>
		<PositionRotation>
			<X>-1035.59485</X>
			<Y>-2906.83252</Y>
			<Z>12.5575161</Z>
			<Pitch>0</Pitch>
			<Roll>0</Roll>
			<Yaw>59.9443817</Yaw>
		</PositionRotation>
		<Attachment isAttached="false" />
	</Placement>
	<Placement>
		<ModelHash>0xbfa068d5</ModelHash>
		<Type>3</Type>
		<Dynamic>false</Dynamic>
		<FrozenPos>true</FrozenPos>
		<HashName>prop_streetlight_16a</HashName>
		<InitialHandle>577053</InitialHandle>
		<ObjectProperties>
			<TextureVariation>0</TextureVariation>
		</ObjectProperties>
		<OpacityLevel>255</OpacityLevel>
		<LodDistance>16960</LodDistance>
		<IsVisible>true</IsVisible>
		<MaxHealth>1000</MaxHealth>
		<Health>1000</Health>
		<HasGravity>true</HasGravity>
		<IsOnFire>false</IsOnFire>
		<IsInvincible>true</IsInvincible>
		<IsBulletProof>false</IsBulletProof>
		<IsCollisionProof>false</IsCollisionProof>
		<IsExplosionProof>true</IsExplosionProof>
		<IsFireProof>false</IsFireProof>
		<IsMeleeProof>true</IsMeleeProof>
		<IsOnlyDamagedByPlayer>false</IsOnlyDamagedByPlayer>
		<PositionRotation>
			<X>-1033.30225</X>
			<Y>-2892.14233</Y>
			<Z>12.9581394</Z>
			<Pitch>0</Pitch>
			<Roll>0</Roll>
			<Yaw>61.742012</Yaw>
		</PositionRotation>
		<Attachment isAttached="false" />
	</Placement>
	<Placement>
		<ModelHash>0xbfa068d5</ModelHash>
		<Type>3</Type>
		<Dynamic>false</Dynamic>
		<FrozenPos>true</FrozenPos>
		<HashName>prop_streetlight_16a</HashName>
		<InitialHandle>779293</InitialHandle>
		<ObjectProperties>
			<TextureVariation>0</TextureVariation>
		</ObjectProperties>
		<OpacityLevel>255</OpacityLevel>
		<LodDistance>16960</LodDistance>
		<IsVisible>true</IsVisible>
		<MaxHealth>1000</MaxHealth>
		<Health>1000</Health>
		<HasGravity>true</HasGravity>
		<IsOnFire>false</IsOnFire>
		<IsInvincible>true</IsInvincible>
		<IsBulletProof>false</IsBulletProof>
		<IsCollisionProof>false</IsCollisionProof>
		<IsExplosionProof>true</IsExplosionProof>
		<IsFireProof>false</IsFireProof>
		<IsMeleeProof>true</IsMeleeProof>
		<IsOnlyDamagedByPlayer>false</IsOnlyDamagedByPlayer>
		<PositionRotation>
			<X>-1039.62219</X>
			<Y>-2888.99292</Y>
			<Z>12.9591827</Z>
			<Pitch>0</Pitch>
			<Roll>0</Roll>
			<Yaw>61.6310425</Yaw>
		</PositionRotation>
		<Attachment isAttached="false" />
	</Placement>
	<Placement>
		<ModelHash>0xbfa068d5</ModelHash>
		<Type>3</Type>
		<Dynamic>false</Dynamic>
		<FrozenPos>true</FrozenPos>
		<HashName>prop_streetlight_16a</HashName>
		<InitialHandle>72990</InitialHandle>
		<ObjectProperties>
			<TextureVariation>0</TextureVariation>
		</ObjectProperties>
		<OpacityLevel>255</OpacityLevel>
		<LodDistance>16960</LodDistance>
		<IsVisible>true</IsVisible>
		<MaxHealth>1000</MaxHealth>
		<Health>1000</Health>
		<HasGravity>true</HasGravity>
		<IsOnFire>false</IsOnFire>
		<IsInvincible>true</IsInvincible>
		<IsBulletProof>false</IsBulletProof>
		<IsCollisionProof>false</IsCollisionProof>
		<IsExplosionProof>true</IsExplosionProof>
		<IsFireProof>false</IsFireProof>
		<IsMeleeProof>true</IsMeleeProof>
		<IsOnlyDamagedByPlayer>false</IsOnlyDamagedByPlayer>
		<PositionRotation>
			<X>-1047.02002</X>
			<Y>-2884.99731</Y>
			<Z>12.9579563</Z>
			<Pitch>0</Pitch>
			<Roll>0</Roll>
			<Yaw>61.6310425</Yaw>
		</PositionRotation>
		<Attachment isAttached="false" />
	</Placement>
	<Placement>
		<ModelHash>0xbfa068d5</ModelHash>
		<Type>3</Type>
		<Dynamic>false</Dynamic>
		<FrozenPos>true</FrozenPos>
		<HashName>prop_streetlight_16a</HashName>
		<InitialHandle>275230</InitialHandle>
		<ObjectProperties>
			<TextureVariation>0</TextureVariation>
		</ObjectProperties>
		<OpacityLevel>255</OpacityLevel>
		<LodDistance>16960</LodDistance>
		<IsVisible>true</IsVisible>
		<MaxHealth>1000</MaxHealth>
		<Health>1000</Health>
		<HasGravity>true</HasGravity>
		<IsOnFire>false</IsOnFire>
		<IsInvincible>true</IsInvincible>
		<IsBulletProof>false</IsBulletProof>
		<IsCollisionProof>false</IsCollisionProof>
		<IsExplosionProof>true</IsExplosionProof>
		<IsFireProof>false</IsFireProof>
		<IsMeleeProof>true</IsMeleeProof>
		<IsOnlyDamagedByPlayer>false</IsOnlyDamagedByPlayer>
		<PositionRotation>
			<X>-1053.67249</X>
			<Y>-2881.72876</Y>
			<Z>12.9646339</Z>
			<Pitch>0</Pitch>
			<Roll>0</Roll>
			<Yaw>59.1916809</Yaw>
		</PositionRotation>
		<Attachment isAttached="false" />
	</Placement>
	<Placement>
		<ModelHash>0xbfa068d5</ModelHash>
		<Type>3</Type>
		<Dynamic>false</Dynamic>
		<FrozenPos>true</FrozenPos>
		<HashName>prop_streetlight_16a</HashName>
		<InitialHandle>673054</InitialHandle>
		<ObjectProperties>
			<TextureVariation>0</TextureVariation>
		</ObjectProperties>
		<OpacityLevel>255</OpacityLevel>
		<LodDistance>16960</LodDistance>
		<IsVisible>true</IsVisible>
		<MaxHealth>1000</MaxHealth>
		<Health>1000</Health>
		<HasGravity>true</HasGravity>
		<IsOnFire>false</IsOnFire>
		<IsInvincible>true</IsInvincible>
		<IsBulletProof>false</IsBulletProof>
		<IsCollisionProof>false</IsCollisionProof>
		<IsExplosionProof>true</IsExplosionProof>
		<IsFireProof>false</IsFireProof>
		<IsMeleeProof>true</IsMeleeProof>
		<IsOnlyDamagedByPlayer>false</IsOnlyDamagedByPlayer>
		<PositionRotation>
			<X>-1059.50732</X>
			<Y>-2878.96387</Y>
			<Z>12.9806681</Z>
			<Pitch>0</Pitch>
			<Roll>-0</Roll>
			<Yaw>-117.713264</Yaw>
		</PositionRotation>
		<Attachment isAttached="false" />
	</Placement>
	<Placement>
		<ModelHash>0xbfa068d5</ModelHash>
		<Type>3</Type>
		<Dynamic>false</Dynamic>
		<FrozenPos>true</FrozenPos>
		<HashName>prop_streetlight_16a</HashName>
		<InitialHandle>286239</InitialHandle>
		<ObjectProperties>
			<TextureVariation>0</TextureVariation>
		</ObjectProperties>
		<OpacityLevel>255</OpacityLevel>
		<LodDistance>16960</LodDistance>
		<IsVisible>true</IsVisible>
		<MaxHealth>1000</MaxHealth>
		<Health>1000</Health>
		<HasGravity>true</HasGravity>
		<IsOnFire>false</IsOnFire>
		<IsInvincible>true</IsInvincible>
		<IsBulletProof>false</IsBulletProof>
		<IsCollisionProof>false</IsCollisionProof>
		<IsExplosionProof>true</IsExplosionProof>
		<IsFireProof>false</IsFireProof>
		<IsMeleeProof>true</IsMeleeProof>
		<IsOnlyDamagedByPlayer>false</IsOnlyDamagedByPlayer>
		<PositionRotation>
			<X>-1061.34424</X>
			<Y>-2882.6814</Y>
			<Z>12.9799976</Z>
			<Pitch>0</Pitch>
			<Roll>-0</Roll>
			<Yaw>-119.878922</Yaw>
		</PositionRotation>
		<Attachment isAttached="false" />
	</Placement>
	<Placement>
		<ModelHash>0xbfa068d5</ModelHash>
		<Type>3</Type>
		<Dynamic>false</Dynamic>
		<FrozenPos>true</FrozenPos>
		<HashName>prop_streetlight_16a</HashName>
		<InitialHandle>408351</InitialHandle>
		<ObjectProperties>
			<TextureVariation>0</TextureVariation>
		</ObjectProperties>
		<OpacityLevel>255</OpacityLevel>
		<LodDistance>16960</LodDistance>
		<IsVisible>true</IsVisible>
		<MaxHealth>1000</MaxHealth>
		<Health>1000</Health>
		<HasGravity>true</HasGravity>
		<IsOnFire>false</IsOnFire>
		<IsInvincible>true</IsInvincible>
		<IsBulletProof>false</IsBulletProof>
		<IsCollisionProof>false</IsCollisionProof>
		<IsExplosionProof>true</IsExplosionProof>
		<IsFireProof>false</IsFireProof>
		<IsMeleeProof>true</IsMeleeProof>
		<IsOnlyDamagedByPlayer>false</IsOnlyDamagedByPlayer>
		<PositionRotation>
			<X>-1063.26465</X>
			<Y>-2886.02295</Y>
			<Z>12.9799805</Z>
			<Pitch>0</Pitch>
			<Roll>-0</Roll>
			<Yaw>-119.878922</Yaw>
		</PositionRotation>
		<Attachment isAttached="false" />
	</Placement>
	<Placement>
		<ModelHash>0xbfa068d5</ModelHash>
		<Type>3</Type>
		<Dynamic>false</Dynamic>
		<FrozenPos>true</FrozenPos>
		<HashName>prop_streetlight_16a</HashName>
		<InitialHandle>183581</InitialHandle>
		<ObjectProperties>
			<TextureVariation>0</TextureVariation>
		</ObjectProperties>
		<OpacityLevel>255</OpacityLevel>
		<LodDistance>16960</LodDistance>
		<IsVisible>true</IsVisible>
		<MaxHealth>1000</MaxHealth>
		<Health>1000</Health>
		<HasGravity>true</HasGravity>
		<IsOnFire>false</IsOnFire>
		<IsInvincible>true</IsInvincible>
		<IsBulletProof>false</IsBulletProof>
		<IsCollisionProof>false</IsCollisionProof>
		<IsExplosionProof>true</IsExplosionProof>
		<IsFireProof>false</IsFireProof>
		<IsMeleeProof>true</IsMeleeProof>
		<IsOnlyDamagedByPlayer>false</IsOnlyDamagedByPlayer>
		<PositionRotation>
			<X>-1065.22327</X>
			<Y>-2889.45825</Y>
			<Z>12.9672689</Z>
			<Pitch>0</Pitch>
			<Roll>-0</Roll>
			<Yaw>-119.878922</Yaw>
		</PositionRotation>
		<Attachment isAttached="false" />
	</Placement>
	<Placement>
		<ModelHash>0xbfa068d5</ModelHash>
		<Type>3</Type>
		<Dynamic>false</Dynamic>
		<FrozenPos>true</FrozenPos>
		<HashName>prop_streetlight_16a</HashName>
		<InitialHandle>152864</InitialHandle>
		<ObjectProperties>
			<TextureVariation>0</TextureVariation>
		</ObjectProperties>
		<OpacityLevel>255</OpacityLevel>
		<LodDistance>16960</LodDistance>
		<IsVisible>true</IsVisible>
		<MaxHealth>1000</MaxHealth>
		<Health>1000</Health>
		<HasGravity>true</HasGravity>
		<IsOnFire>false</IsOnFire>
		<IsInvincible>true</IsInvincible>
		<IsBulletProof>false</IsBulletProof>
		<IsCollisionProof>false</IsCollisionProof>
		<IsExplosionProof>true</IsExplosionProof>
		<IsFireProof>false</IsFireProof>
		<IsMeleeProof>true</IsMeleeProof>
		<IsOnlyDamagedByPlayer>false</IsOnlyDamagedByPlayer>
		<PositionRotation>
			<X>-1066.44592</X>
			<Y>-2891.62866</Y>
			<Z>12.9798603</Z>
			<Pitch>0</Pitch>
			<Roll>-0</Roll>
			<Yaw>-115.054504</Yaw>
		</PositionRotation>
		<Attachment isAttached="false" />
	</Placement>
	<Placement>
		<ModelHash>0xe6768b4e</ModelHash>
		<Type>3</Type>
		<Dynamic>false</Dynamic>
		<FrozenPos>true</FrozenPos>
		<HashName>ba_rig_dj_01_lights_01_a</HashName>
		<InitialHandle>329254</InitialHandle>
		<ObjectProperties>
			<TextureVariation>0</TextureVariation>
		</ObjectProperties>
		<OpacityLevel>255</OpacityLevel>
		<LodDistance>16960</LodDistance>
		<IsVisible>true</IsVisible>
		<MaxHealth>1000</MaxHealth>
		<Health>1000</Health>
		<HasGravity>true</HasGravity>
		<IsOnFire>false</IsOnFire>
		<IsInvincible>true</IsInvincible>
		<IsBulletProof>false</IsBulletProof>
		<IsCollisionProof>false</IsCollisionProof>
		<IsExplosionProof>true</IsExplosionProof>
		<IsFireProof>false</IsFireProof>
		<IsMeleeProof>true</IsMeleeProof>
		<IsOnlyDamagedByPlayer>false</IsOnlyDamagedByPlayer>
		<PositionRotation>
			<X>-1072.39856</X>
			<Y>-2959.48901</Y>
			<Z>11.6894083</Z>
			<Pitch>0</Pitch>
			<Roll>-0</Roll>
			<Yaw>148.942505</Yaw>
		</PositionRotation>
		<Attachment isAttached="false" />
	</Placement>
	<Placement>
		<ModelHash>0xe6768b4e</ModelHash>
		<Type>3</Type>
		<Dynamic>false</Dynamic>
		<FrozenPos>true</FrozenPos>
		<HashName>ba_rig_dj_01_lights_01_a</HashName>
		<InitialHandle>475687</InitialHandle>
		<ObjectProperties>
			<TextureVariation>0</TextureVariation>
		</ObjectProperties>
		<OpacityLevel>255</OpacityLevel>
		<LodDistance>16960</LodDistance>
		<IsVisible>true</IsVisible>
		<MaxHealth>1000</MaxHealth>
		<Health>1000</Health>
		<HasGravity>true</HasGravity>
		<IsOnFire>false</IsOnFire>
		<IsInvincible>true</IsInvincible>
		<IsBulletProof>false</IsBulletProof>
		<IsCollisionProof>false</IsCollisionProof>
		<IsExplosionProof>true</IsExplosionProof>
		<IsFireProof>false</IsFireProof>
		<IsMeleeProof>true</IsMeleeProof>
		<IsOnlyDamagedByPlayer>false</IsOnlyDamagedByPlayer>
		<PositionRotation>
			<X>-1067.22327</X>
			<Y>-2950.86499</Y>
			<Z>11.6908064</Z>
			<Pitch>0</Pitch>
			<Roll>-0</Roll>
			<Yaw>149.172668</Yaw>
		</PositionRotation>
		<Attachment isAttached="false" />
	</Placement>
	<Placement>
		<ModelHash>0xe6768b4e</ModelHash>
		<Type>3</Type>
		<Dynamic>false</Dynamic>
		<FrozenPos>true</FrozenPos>
		<HashName>ba_rig_dj_01_lights_01_a</HashName>
		<InitialHandle>373800</InitialHandle>
		<ObjectProperties>
			<TextureVariation>0</TextureVariation>
		</ObjectProperties>
		<OpacityLevel>255</OpacityLevel>
		<LodDistance>16960</LodDistance>
		<IsVisible>true</IsVisible>
		<MaxHealth>1000</MaxHealth>
		<Health>1000</Health>
		<HasGravity>true</HasGravity>
		<IsOnFire>false</IsOnFire>
		<IsInvincible>true</IsInvincible>
		<IsBulletProof>false</IsBulletProof>
		<IsCollisionProof>false</IsCollisionProof>
		<IsExplosionProof>true</IsExplosionProof>
		<IsFireProof>false</IsFireProof>
		<IsMeleeProof>true</IsMeleeProof>
		<IsOnlyDamagedByPlayer>false</IsOnlyDamagedByPlayer>
		<PositionRotation>
			<X>-1062.0542</X>
			<Y>-2942.34985</Y>
			<Z>11.6922026</Z>
			<Pitch>0</Pitch>
			<Roll>-0</Roll>
			<Yaw>149.699112</Yaw>
		</PositionRotation>
		<Attachment isAttached="false" />
	</Placement>
	<Placement>
		<ModelHash>0xe6768b4e</ModelHash>
		<Type>3</Type>
		<Dynamic>false</Dynamic>
		<FrozenPos>true</FrozenPos>
		<HashName>ba_rig_dj_01_lights_01_a</HashName>
		<InitialHandle>717352</InitialHandle>
		<ObjectProperties>
			<TextureVariation>0</TextureVariation>
		</ObjectProperties>
		<OpacityLevel>255</OpacityLevel>
		<LodDistance>16960</LodDistance>
		<IsVisible>true</IsVisible>
		<MaxHealth>1000</MaxHealth>
		<Health>1000</Health>
		<HasGravity>true</HasGravity>
		<IsOnFire>false</IsOnFire>
		<IsInvincible>true</IsInvincible>
		<IsBulletProof>false</IsBulletProof>
		<IsCollisionProof>false</IsCollisionProof>
		<IsExplosionProof>true</IsExplosionProof>
		<IsFireProof>false</IsFireProof>
		<IsMeleeProof>true</IsMeleeProof>
		<IsOnlyDamagedByPlayer>false</IsOnlyDamagedByPlayer>
		<PositionRotation>
			<X>-1056.93457</X>
			<Y>-2933.82813</Y>
			<Z>11.6936026</Z>
			<Pitch>0</Pitch>
			<Roll>-0</Roll>
			<Yaw>149.415619</Yaw>
		</PositionRotation>
		<Attachment isAttached="false" />
	</Placement>
	<Placement>
		<ModelHash>0xe6768b4e</ModelHash>
		<Type>3</Type>
		<Dynamic>false</Dynamic>
		<FrozenPos>true</FrozenPos>
		<HashName>ba_rig_dj_01_lights_01_a</HashName>
		<InitialHandle>319529</InitialHandle>
		<ObjectProperties>
			<TextureVariation>0</TextureVariation>
		</ObjectProperties>
		<OpacityLevel>255</OpacityLevel>
		<LodDistance>16960</LodDistance>
		<IsVisible>true</IsVisible>
		<MaxHealth>1000</MaxHealth>
		<Health>1000</Health>
		<HasGravity>true</HasGravity>
		<IsOnFire>false</IsOnFire>
		<IsInvincible>true</IsInvincible>
		<IsBulletProof>false</IsBulletProof>
		<IsCollisionProof>false</IsCollisionProof>
		<IsExplosionProof>true</IsExplosionProof>
		<IsFireProof>false</IsFireProof>
		<IsMeleeProof>true</IsMeleeProof>
		<IsOnlyDamagedByPlayer>false</IsOnlyDamagedByPlayer>
		<PositionRotation>
			<X>-1051.82886</X>
			<Y>-2925.33105</Y>
			<Z>11.6952963</Z>
			<Pitch>0</Pitch>
			<Roll>-0</Roll>
			<Yaw>149.303467</Yaw>
		</PositionRotation>
		<Attachment isAttached="false" />
	</Placement>
	<Placement>
		<ModelHash>0xe6768b4e</ModelHash>
		<Type>3</Type>
		<Dynamic>false</Dynamic>
		<FrozenPos>true</FrozenPos>
		<HashName>ba_rig_dj_01_lights_01_a</HashName>
		<InitialHandle>150826</InitialHandle>
		<ObjectProperties>
			<TextureVariation>0</TextureVariation>
		</ObjectProperties>
		<OpacityLevel>255</OpacityLevel>
		<LodDistance>16960</LodDistance>
		<IsVisible>true</IsVisible>
		<MaxHealth>1000</MaxHealth>
		<Health>1000</Health>
		<HasGravity>true</HasGravity>
		<IsOnFire>false</IsOnFire>
		<IsInvincible>true</IsInvincible>
		<IsBulletProof>false</IsBulletProof>
		<IsCollisionProof>false</IsCollisionProof>
		<IsExplosionProof>true</IsExplosionProof>
		<IsFireProof>false</IsFireProof>
		<IsMeleeProof>true</IsMeleeProof>
		<IsOnlyDamagedByPlayer>false</IsOnlyDamagedByPlayer>
		<PositionRotation>
			<X>-1046.81482</X>
			<Y>-2916.70557</Y>
			<Z>11.6969862</Z>
			<Pitch>0</Pitch>
			<Roll>-0</Roll>
			<Yaw>149.115295</Yaw>
		</PositionRotation>
		<Attachment isAttached="false" />
	</Placement>
	<Placement>
		<ModelHash>0xe6768b4e</ModelHash>
		<Type>3</Type>
		<Dynamic>false</Dynamic>
		<FrozenPos>true</FrozenPos>
		<HashName>ba_rig_dj_01_lights_01_a</HashName>
		<InitialHandle>235821</InitialHandle>
		<ObjectProperties>
			<TextureVariation>0</TextureVariation>
		</ObjectProperties>
		<OpacityLevel>255</OpacityLevel>
		<LodDistance>16960</LodDistance>
		<IsVisible>true</IsVisible>
		<MaxHealth>1000</MaxHealth>
		<Health>1000</Health>
		<HasGravity>true</HasGravity>
		<IsOnFire>false</IsOnFire>
		<IsInvincible>true</IsInvincible>
		<IsBulletProof>false</IsBulletProof>
		<IsCollisionProof>false</IsCollisionProof>
		<IsExplosionProof>true</IsExplosionProof>
		<IsFireProof>false</IsFireProof>
		<IsMeleeProof>true</IsMeleeProof>
		<IsOnlyDamagedByPlayer>false</IsOnlyDamagedByPlayer>
		<PositionRotation>
			<X>-1093.53149</X>
			<Y>-2944.73926</Y>
			<Z>11.6894445</Z>
			<Pitch>0</Pitch>
			<Roll>0</Roll>
			<Yaw>-30.9015064</Yaw>
		</PositionRotation>
		<Attachment isAttached="false" />
	</Placement>
	<Placement>
		<ModelHash>0xe6768b4e</ModelHash>
		<Type>3</Type>
		<Dynamic>false</Dynamic>
		<FrozenPos>true</FrozenPos>
		<HashName>ba_rig_dj_01_lights_01_a</HashName>
		<InitialHandle>520496</InitialHandle>
		<ObjectProperties>
			<TextureVariation>0</TextureVariation>
		</ObjectProperties>
		<OpacityLevel>255</OpacityLevel>
		<LodDistance>16960</LodDistance>
		<IsVisible>true</IsVisible>
		<MaxHealth>1000</MaxHealth>
		<Health>1000</Health>
		<HasGravity>true</HasGravity>
		<IsOnFire>false</IsOnFire>
		<IsInvincible>true</IsInvincible>
		<IsBulletProof>false</IsBulletProof>
		<IsCollisionProof>false</IsCollisionProof>
		<IsExplosionProof>true</IsExplosionProof>
		<IsFireProof>false</IsFireProof>
		<IsMeleeProof>true</IsMeleeProof>
		<IsOnlyDamagedByPlayer>false</IsOnlyDamagedByPlayer>
		<PositionRotation>
			<X>-1088.48816</X>
			<Y>-2936.22339</Y>
			<Z>11.6896009</Z>
			<Pitch>0</Pitch>
			<Roll>0</Roll>
			<Yaw>-31.0459099</Yaw>
		</PositionRotation>
		<Attachment isAttached="false" />
	</Placement>
	<Placement>
		<ModelHash>0xe6768b4e</ModelHash>
		<Type>3</Type>
		<Dynamic>false</Dynamic>
		<FrozenPos>true</FrozenPos>
		<HashName>ba_rig_dj_01_lights_01_a</HashName>
		<InitialHandle>363569</InitialHandle>
		<ObjectProperties>
			<TextureVariation>0</TextureVariation>
		</ObjectProperties>
		<OpacityLevel>255</OpacityLevel>
		<LodDistance>16960</LodDistance>
		<IsVisible>true</IsVisible>
		<MaxHealth>1000</MaxHealth>
		<Health>1000</Health>
		<HasGravity>true</HasGravity>
		<IsOnFire>false</IsOnFire>
		<IsInvincible>true</IsInvincible>
		<IsBulletProof>false</IsBulletProof>
		<IsCollisionProof>false</IsCollisionProof>
		<IsExplosionProof>true</IsExplosionProof>
		<IsFireProof>false</IsFireProof>
		<IsMeleeProof>true</IsMeleeProof>
		<IsOnlyDamagedByPlayer>false</IsOnlyDamagedByPlayer>
		<PositionRotation>
			<X>-1083.35303</X>
			<Y>-2927.65356</Y>
			<Z>11.6899843</Z>
			<Pitch>0</Pitch>
			<Roll>0</Roll>
			<Yaw>-30.6958275</Yaw>
		</PositionRotation>
		<Attachment isAttached="false" />
	</Placement>
	<Placement>
		<ModelHash>0xe6768b4e</ModelHash>
		<Type>3</Type>
		<Dynamic>false</Dynamic>
		<FrozenPos>true</FrozenPos>
		<HashName>ba_rig_dj_01_lights_01_a</HashName>
		<InitialHandle>655665</InitialHandle>
		<ObjectProperties>
			<TextureVariation>0</TextureVariation>
		</ObjectProperties>
		<OpacityLevel>255</OpacityLevel>
		<LodDistance>16960</LodDistance>
		<IsVisible>true</IsVisible>
		<MaxHealth>1000</MaxHealth>
		<Health>1000</Health>
		<HasGravity>true</HasGravity>
		<IsOnFire>false</IsOnFire>
		<IsInvincible>true</IsInvincible>
		<IsBulletProof>false</IsBulletProof>
		<IsCollisionProof>false</IsCollisionProof>
		<IsExplosionProof>true</IsExplosionProof>
		<IsFireProof>false</IsFireProof>
		<IsMeleeProof>true</IsMeleeProof>
		<IsOnlyDamagedByPlayer>false</IsOnlyDamagedByPlayer>
		<PositionRotation>
			<X>-1078.35095</X>
			<Y>-2919.12939</Y>
			<Z>11.6912584</Z>
			<Pitch>0</Pitch>
			<Roll>0</Roll>
			<Yaw>-30.0567646</Yaw>
		</PositionRotation>
		<Attachment isAttached="false" />
	</Placement>
	<Placement>
		<ModelHash>0xe6768b4e</ModelHash>
		<Type>3</Type>
		<Dynamic>false</Dynamic>
		<FrozenPos>true</FrozenPos>
		<HashName>ba_rig_dj_01_lights_01_a</HashName>
		<InitialHandle>197171</InitialHandle>
		<ObjectProperties>
			<TextureVariation>0</TextureVariation>
		</ObjectProperties>
		<OpacityLevel>255</OpacityLevel>
		<LodDistance>16960</LodDistance>
		<IsVisible>true</IsVisible>
		<MaxHealth>1000</MaxHealth>
		<Health>1000</Health>
		<HasGravity>true</HasGravity>
		<IsOnFire>false</IsOnFire>
		<IsInvincible>true</IsInvincible>
		<IsBulletProof>false</IsBulletProof>
		<IsCollisionProof>false</IsCollisionProof>
		<IsExplosionProof>true</IsExplosionProof>
		<IsFireProof>false</IsFireProof>
		<IsMeleeProof>true</IsMeleeProof>
		<IsOnlyDamagedByPlayer>false</IsOnlyDamagedByPlayer>
		<PositionRotation>
			<X>-1073.26611</X>
			<Y>-2910.33154</Y>
			<Z>11.6926088</Z>
			<Pitch>0</Pitch>
			<Roll>0</Roll>
			<Yaw>-29.9248161</Yaw>
		</PositionRotation>
		<Attachment isAttached="false" />
	</Placement>
	<Placement>
		<ModelHash>0xe6768b4e</ModelHash>
		<Type>3</Type>
		<Dynamic>false</Dynamic>
		<FrozenPos>true</FrozenPos>
		<HashName>ba_rig_dj_01_lights_01_a</HashName>
		<InitialHandle>31029</InitialHandle>
		<ObjectProperties>
			<TextureVariation>0</TextureVariation>
		</ObjectProperties>
		<OpacityLevel>255</OpacityLevel>
		<LodDistance>16960</LodDistance>
		<IsVisible>true</IsVisible>
		<MaxHealth>1000</MaxHealth>
		<Health>1000</Health>
		<HasGravity>true</HasGravity>
		<IsOnFire>false</IsOnFire>
		<IsInvincible>true</IsInvincible>
		<IsBulletProof>false</IsBulletProof>
		<IsCollisionProof>false</IsCollisionProof>
		<IsExplosionProof>true</IsExplosionProof>
		<IsFireProof>false</IsFireProof>
		<IsMeleeProof>true</IsMeleeProof>
		<IsOnlyDamagedByPlayer>false</IsOnlyDamagedByPlayer>
		<PositionRotation>
			<X>-1068.18567</X>
			<Y>-2901.65723</Y>
			<Z>11.6939783</Z>
			<Pitch>0</Pitch>
			<Roll>0</Roll>
			<Yaw>-30.1775131</Yaw>
		</PositionRotation>
		<Attachment isAttached="false" />
	</Placement>
	<Placement>
		<ModelHash>0xd27265df</ModelHash>
		<Type>3</Type>
		<Dynamic>false</Dynamic>
		<FrozenPos>true</FrozenPos>
		<HashName>prop_beachflag_01</HashName>
		<InitialHandle>227910</InitialHandle>
		<ObjectProperties>
			<TextureVariation>0</TextureVariation>
		</ObjectProperties>
		<OpacityLevel>255</OpacityLevel>
		<LodDistance>16960</LodDistance>
		<IsVisible>true</IsVisible>
		<MaxHealth>1000</MaxHealth>
		<Health>1000</Health>
		<HasGravity>true</HasGravity>
		<IsOnFire>false</IsOnFire>
		<IsInvincible>true</IsInvincible>
		<IsBulletProof>false</IsBulletProof>
		<IsCollisionProof>false</IsCollisionProof>
		<IsExplosionProof>true</IsExplosionProof>
		<IsFireProof>false</IsFireProof>
		<IsMeleeProof>true</IsMeleeProof>
		<IsOnlyDamagedByPlayer>false</IsOnlyDamagedByPlayer>
		<PositionRotation>
			<X>-1040.92908</X>
			<Y>-2911.78467</Y>
			<Z>13.2058144</Z>
			<Pitch>0</Pitch>
			<Roll>0</Roll>
			<Yaw>83.3560028</Yaw>
		</PositionRotation>
		<Attachment isAttached="false" />
	</Placement>
	<Placement>
		<ModelHash>0xd27265df</ModelHash>
		<Type>3</Type>
		<Dynamic>false</Dynamic>
		<FrozenPos>true</FrozenPos>
		<HashName>prop_beachflag_01</HashName>
		<InitialHandle>453702</InitialHandle>
		<ObjectProperties>
			<TextureVariation>0</TextureVariation>
		</ObjectProperties>
		<OpacityLevel>255</OpacityLevel>
		<LodDistance>16960</LodDistance>
		<IsVisible>true</IsVisible>
		<MaxHealth>1000</MaxHealth>
		<Health>1000</Health>
		<HasGravity>true</HasGravity>
		<IsOnFire>false</IsOnFire>
		<IsInvincible>true</IsInvincible>
		<IsBulletProof>false</IsBulletProof>
		<IsCollisionProof>false</IsCollisionProof>
		<IsExplosionProof>true</IsExplosionProof>
		<IsFireProof>false</IsFireProof>
		<IsMeleeProof>true</IsMeleeProof>
		<IsOnlyDamagedByPlayer>false</IsOnlyDamagedByPlayer>
		<PositionRotation>
			<X>-1067.87622</X>
			<Y>-2896.17065</Y>
			<Z>13.2017221</Z>
			<Pitch>0</Pitch>
			<Roll>0</Roll>
			<Yaw>-64.9362946</Yaw>
		</PositionRotation>
		<Attachment isAttached="false" />
	</Placement>
	<Placement>
		<ModelHash>0xd27265df</ModelHash>
		<Type>3</Type>
		<Dynamic>false</Dynamic>
		<FrozenPos>true</FrozenPos>
		<HashName>prop_beachflag_01</HashName>
		<InitialHandle>670534</InitialHandle>
		<ObjectProperties>
			<TextureVariation>0</TextureVariation>
		</ObjectProperties>
		<OpacityLevel>255</OpacityLevel>
		<LodDistance>16960</LodDistance>
		<IsVisible>true</IsVisible>
		<MaxHealth>1000</MaxHealth>
		<Health>1000</Health>
		<HasGravity>true</HasGravity>
		<IsOnFire>false</IsOnFire>
		<IsInvincible>true</IsInvincible>
		<IsBulletProof>false</IsBulletProof>
		<IsCollisionProof>false</IsCollisionProof>
		<IsExplosionProof>true</IsExplosionProof>
		<IsFireProof>false</IsFireProof>
		<IsMeleeProof>true</IsMeleeProof>
		<IsOnlyDamagedByPlayer>false</IsOnlyDamagedByPlayer>
		<PositionRotation>
			<X>-1098.97815</X>
			<Y>-2949.16284</Y>
			<Z>13.1965742</Z>
			<Pitch>0</Pitch>
			<Roll>0</Roll>
			<Yaw>-32.9092865</Yaw>
		</PositionRotation>
		<Attachment isAttached="false" />
	</Placement>
	<Placement>
		<ModelHash>0xd27265df</ModelHash>
		<Type>3</Type>
		<Dynamic>false</Dynamic>
		<FrozenPos>true</FrozenPos>
		<HashName>prop_beachflag_01</HashName>
		<InitialHandle>125511</InitialHandle>
		<ObjectProperties>
			<TextureVariation>0</TextureVariation>
		</ObjectProperties>
		<OpacityLevel>255</OpacityLevel>
		<LodDistance>16960</LodDistance>
		<IsVisible>true</IsVisible>
		<MaxHealth>1000</MaxHealth>
		<Health>1000</Health>
		<HasGravity>true</HasGravity>
		<IsOnFire>false</IsOnFire>
		<IsInvincible>true</IsInvincible>
		<IsBulletProof>false</IsBulletProof>
		<IsCollisionProof>false</IsCollisionProof>
		<IsExplosionProof>true</IsExplosionProof>
		<IsFireProof>false</IsFireProof>
		<IsMeleeProof>true</IsMeleeProof>
		<IsOnlyDamagedByPlayer>false</IsOnlyDamagedByPlayer>
		<PositionRotation>
			<X>-1072.68274</X>
			<Y>-2964.94653</Y>
			<Z>13.1965647</Z>
			<Pitch>0</Pitch>
			<Roll>-0</Roll>
			<Yaw>168.628189</Yaw>
		</PositionRotation>
		<Attachment isAttached="false" />
	</Placement>
	<Placement>
		<ModelHash>0xc6969c9a</ModelHash>
		<Type>3</Type>
		<Dynamic>false</Dynamic>
		<FrozenPos>true</FrozenPos>
		<HashName>xs_prop_lplate_bend_01a_wl</HashName>
		<InitialHandle>573001</InitialHandle>
		<ObjectProperties>
			<TextureVariation>0</TextureVariation>
		</ObjectProperties>
		<OpacityLevel>255</OpacityLevel>
		<LodDistance>16960</LodDistance>
		<IsVisible>true</IsVisible>
		<MaxHealth>1000</MaxHealth>
		<Health>1000</Health>
		<HasGravity>true</HasGravity>
		<IsOnFire>false</IsOnFire>
		<IsInvincible>true</IsInvincible>
		<IsBulletProof>false</IsBulletProof>
		<IsCollisionProof>false</IsCollisionProof>
		<IsExplosionProof>true</IsExplosionProof>
		<IsFireProof>false</IsFireProof>
		<IsMeleeProof>true</IsMeleeProof>
		<IsOnlyDamagedByPlayer>false</IsOnlyDamagedByPlayer>
		<PositionRotation>
			<X>-1102.99243</X>
			<Y>-2975.354</Y>
			<Z>20.0470371</Z>
			<Pitch>0</Pitch>
			<Roll>-0</Roll>
			<Yaw>148.754852</Yaw>
		</PositionRotation>
		<Attachment isAttached="false" />
	</Placement>
	<Placement>
		<ModelHash>0xc6969c9a</ModelHash>
		<Type>3</Type>
		<Dynamic>false</Dynamic>
		<FrozenPos>true</FrozenPos>
		<HashName>xs_prop_lplate_bend_01a_wl</HashName>
		<InitialHandle>22602</InitialHandle>
		<ObjectProperties>
			<TextureVariation>0</TextureVariation>
		</ObjectProperties>
		<OpacityLevel>255</OpacityLevel>
		<LodDistance>16960</LodDistance>
		<IsVisible>true</IsVisible>
		<MaxHealth>1000</MaxHealth>
		<Health>1000</Health>
		<HasGravity>true</HasGravity>
		<IsOnFire>false</IsOnFire>
		<IsInvincible>true</IsInvincible>
		<IsBulletProof>false</IsBulletProof>
		<IsCollisionProof>false</IsCollisionProof>
		<IsExplosionProof>true</IsExplosionProof>
		<IsFireProof>false</IsFireProof>
		<IsMeleeProof>true</IsMeleeProof>
		<IsOnlyDamagedByPlayer>false</IsOnlyDamagedByPlayer>
		<PositionRotation>
			<X>-1089.65112</X>
			<Y>-2983.41968</Y>
			<Z>20.0470314</Z>
			<Pitch>0</Pitch>
			<Roll>-0</Roll>
			<Yaw>148.754852</Yaw>
		</PositionRotation>
		<Attachment isAttached="false" />
	</Placement>
	<Placement>
		<ModelHash>0x0b59f15a</ModelHash>
		<Type>3</Type>
		<Dynamic>false</Dynamic>
		<FrozenPos>true</FrozenPos>
		<HashName>xs_wasteland_pitstop_aniem</HashName>
		<InitialHandle>754253</InitialHandle>
		<ObjectProperties>
			<TextureVariation>0</TextureVariation>
		</ObjectProperties>
		<OpacityLevel>255</OpacityLevel>
		<LodDistance>16960</LodDistance>
		<IsVisible>true</IsVisible>
		<MaxHealth>1000</MaxHealth>
		<Health>1000</Health>
		<HasGravity>true</HasGravity>
		<IsOnFire>false</IsOnFire>
		<IsInvincible>true</IsInvincible>
		<IsBulletProof>false</IsBulletProof>
		<IsCollisionProof>false</IsCollisionProof>
		<IsExplosionProof>true</IsExplosionProof>
		<IsFireProof>false</IsFireProof>
		<IsMeleeProof>true</IsMeleeProof>
		<IsOnlyDamagedByPlayer>false</IsOnlyDamagedByPlayer>
		<PositionRotation>
			<X>-1042.57703</X>
			<Y>-2910.87036</Y>
			<Z>11.5077286</Z>
			<Pitch>0</Pitch>
			<Roll>-0</Roll>
			<Yaw>149.647079</Yaw>
		</PositionRotation>
		<Attachment isAttached="false" />
	</Placement>
</SpoonerPlacements>
