<?xml version="1.0"?>
<SpoonerPlacements>
	<ClearDatabase>true</ClearDatabase>
	<ClearWorld>0</ClearWorld>
	<ClearMarkers>false</ClearMarkers>
	<IPLsToLoad load_mp_maps="false" load_sp_maps="false" />
	<IPLsToRemove />
	<WeatherToSet>Foggy</WeatherToSet>
	<StartTaskSequencesOnLoad>true</StartTaskSequencesOnLoad>
	<ReferenceCoords>
		<X>-1218.58862</X>
		<Y>-1586.29797</Y>
		<Z>6.4194026</Z>
	</ReferenceCoords>
	<Placement>
		<ModelHash>0xf22b9bda</ModelHash>
		<Type>3</Type>
		<Dynamic>false</Dynamic>
		<HashName>prop_yoga_mat_01</HashName>
		<InitialHandle>169735</InitialHandle>
		<ObjectProperties>
			<TextureVariation>255</TextureVariation>
		</ObjectProperties>
		<OpacityLevel>255</OpacityLevel>
		<LodDistance>16960</LodDistance>
		<IsVisible>true</IsVisible>
		<MaxHealth>1000</MaxHealth>
		<Health>1000</Health>
		<IsOnFire>false</IsOnFire>
		<IsInvincible>false</IsInvincible>
		<IsBulletProof>false</IsBulletProof>
		<IsCollisionProof>false</IsCollisionProof>
		<IsExplosionProof>false</IsExplosionProof>
		<IsFireProof>false</IsFireProof>
		<IsMeleeProof>false</IsMeleeProof>
		<IsOnlyDamagedByPlayer>false</IsOnlyDamagedByPlayer>
		<PositionRotation>
			<X>-1218.56104</X>
			<Y>-1577.93225</Y>
			<Z>4.14768171</Z>
			<Pitch>0</Pitch>
			<Roll>0</Roll>
			<Yaw>-53.2519417</Yaw>
		</PositionRotation>
		<Attachment isAttached="false" />
	</Placement>
	<Placement>
		<ModelHash>0xf22b9bda</ModelHash>
		<Type>3</Type>
		<Dynamic>false</Dynamic>
		<HashName>prop_yoga_mat_01</HashName>
		<InitialHandle>700424</InitialHandle>
		<ObjectProperties>
			<TextureVariation>255</TextureVariation>
		</ObjectProperties>
		<OpacityLevel>255</OpacityLevel>
		<LodDistance>16960</LodDistance>
		<IsVisible>true</IsVisible>
		<MaxHealth>1000</MaxHealth>
		<Health>1000</Health>
		<IsOnFire>false</IsOnFire>
		<IsInvincible>false</IsInvincible>
		<IsBulletProof>false</IsBulletProof>
		<IsCollisionProof>false</IsCollisionProof>
		<IsExplosionProof>false</IsExplosionProof>
		<IsFireProof>false</IsFireProof>
		<IsMeleeProof>false</IsMeleeProof>
		<IsOnlyDamagedByPlayer>false</IsOnlyDamagedByPlayer>
		<PositionRotation>
			<X>-1217.83984</X>
			<Y>-1577.3938</Y>
			<Z>4.14768171</Z>
			<Pitch>-0</Pitch>
			<Roll>-0</Roll>
			<Yaw>-53.2519417</Yaw>
		</PositionRotation>
		<Attachment isAttached="true">
			<AttachedTo>169735</AttachedTo>
			<BoneIndex>0</BoneIndex>
			<X>0</X>
			<Y>0.900000095</Y>
			<Z>0</Z>
			<Pitch>0</Pitch>
			<Roll>0</Roll>
			<Yaw>0</Yaw>
		</Attachment>
	</Placement>
	<Placement>
		<ModelHash>0xf22b9bda</ModelHash>
		<Type>3</Type>
		<Dynamic>false</Dynamic>
		<HashName>prop_yoga_mat_01</HashName>
		<InitialHandle>412424</InitialHandle>
		<ObjectProperties>
			<TextureVariation>255</TextureVariation>
		</ObjectProperties>
		<OpacityLevel>255</OpacityLevel>
		<LodDistance>16960</LodDistance>
		<IsVisible>true</IsVisible>
		<MaxHealth>1000</MaxHealth>
		<Health>1000</Health>
		<IsOnFire>false</IsOnFire>
		<IsInvincible>false</IsInvincible>
		<IsBulletProof>false</IsBulletProof>
		<IsCollisionProof>false</IsCollisionProof>
		<IsExplosionProof>false</IsExplosionProof>
		<IsFireProof>false</IsFireProof>
		<IsMeleeProof>false</IsMeleeProof>
		<IsOnlyDamagedByPlayer>false</IsOnlyDamagedByPlayer>
		<PositionRotation>
			<X>-1217.54395</X>
			<Y>-1579.29443</Y>
			<Z>4.1426816</Z>
			<Pitch>-0</Pitch>
			<Roll>-0</Roll>
			<Yaw>-53.2519417</Yaw>
		</PositionRotation>
		<Attachment isAttached="true">
			<AttachedTo>169735</AttachedTo>
			<BoneIndex>0</BoneIndex>
			<X>1.69999933</X>
			<Y>0</Y>
			<Z>-0.00500000082</Z>
			<Pitch>0</Pitch>
			<Roll>0</Roll>
			<Yaw>0</Yaw>
		</Attachment>
	</Placement>
	<Placement>
		<ModelHash>0xf22b9bda</ModelHash>
		<Type>3</Type>
		<Dynamic>false</Dynamic>
		<HashName>prop_yoga_mat_01</HashName>
		<InitialHandle>350216</InitialHandle>
		<ObjectProperties>
			<TextureVariation>255</TextureVariation>
		</ObjectProperties>
		<OpacityLevel>255</OpacityLevel>
		<LodDistance>16960</LodDistance>
		<IsVisible>true</IsVisible>
		<MaxHealth>1000</MaxHealth>
		<Health>1000</Health>
		<IsOnFire>false</IsOnFire>
		<IsInvincible>false</IsInvincible>
		<IsBulletProof>false</IsBulletProof>
		<IsCollisionProof>false</IsCollisionProof>
		<IsExplosionProof>false</IsExplosionProof>
		<IsFireProof>false</IsFireProof>
		<IsMeleeProof>false</IsMeleeProof>
		<IsOnlyDamagedByPlayer>false</IsOnlyDamagedByPlayer>
		<PositionRotation>
			<X>-1216.82275</X>
			<Y>-1578.75598</Y>
			<Z>4.1426816</Z>
			<Pitch>-0</Pitch>
			<Roll>-0</Roll>
			<Yaw>-53.2519417</Yaw>
		</PositionRotation>
		<Attachment isAttached="true">
			<AttachedTo>412424</AttachedTo>
			<BoneIndex>0</BoneIndex>
			<X>0</X>
			<Y>0.900000095</Y>
			<Z>0</Z>
			<Pitch>0</Pitch>
			<Roll>0</Roll>
			<Yaw>0</Yaw>
		</Attachment>
	</Placement>
	<Placement>
		<ModelHash>0xf22b9bda</ModelHash>
		<Type>3</Type>
		<Dynamic>false</Dynamic>
		<HashName>prop_yoga_mat_01</HashName>
		<InitialHandle>437256</InitialHandle>
		<ObjectProperties>
			<TextureVariation>255</TextureVariation>
		</ObjectProperties>
		<OpacityLevel>255</OpacityLevel>
		<LodDistance>16960</LodDistance>
		<IsVisible>true</IsVisible>
		<MaxHealth>1000</MaxHealth>
		<Health>1000</Health>
		<IsOnFire>false</IsOnFire>
		<IsInvincible>false</IsInvincible>
		<IsBulletProof>false</IsBulletProof>
		<IsCollisionProof>false</IsCollisionProof>
		<IsExplosionProof>false</IsExplosionProof>
		<IsFireProof>false</IsFireProof>
		<IsMeleeProof>false</IsMeleeProof>
		<IsOnlyDamagedByPlayer>false</IsOnlyDamagedByPlayer>
		<PositionRotation>
			<X>-1217.11877</X>
			<Y>-1576.85535</Y>
			<Z>4.14768171</Z>
			<Pitch>-0</Pitch>
			<Roll>-0</Roll>
			<Yaw>-53.2519417</Yaw>
		</PositionRotation>
		<Attachment isAttached="true">
			<AttachedTo>169735</AttachedTo>
			<BoneIndex>0</BoneIndex>
			<X>0</X>
			<Y>1.80000031</Y>
			<Z>0</Z>
			<Pitch>0</Pitch>
			<Roll>0</Roll>
			<Yaw>0</Yaw>
		</Attachment>
	</Placement>
	<Placement>
		<ModelHash>0xf22b9bda</ModelHash>
		<Type>3</Type>
		<Dynamic>false</Dynamic>
		<HashName>prop_yoga_mat_01</HashName>
		<InitialHandle>329992</InitialHandle>
		<ObjectProperties>
			<TextureVariation>255</TextureVariation>
		</ObjectProperties>
		<OpacityLevel>255</OpacityLevel>
		<LodDistance>16960</LodDistance>
		<IsVisible>true</IsVisible>
		<MaxHealth>1000</MaxHealth>
		<Health>1000</Health>
		<IsOnFire>false</IsOnFire>
		<IsInvincible>false</IsInvincible>
		<IsBulletProof>false</IsBulletProof>
		<IsCollisionProof>false</IsCollisionProof>
		<IsExplosionProof>false</IsExplosionProof>
		<IsFireProof>false</IsFireProof>
		<IsMeleeProof>false</IsMeleeProof>
		<IsOnlyDamagedByPlayer>false</IsOnlyDamagedByPlayer>
		<PositionRotation>
			<X>-1216.39758</X>
			<Y>-1576.31689</Y>
			<Z>4.14768171</Z>
			<Pitch>-0</Pitch>
			<Roll>-0</Roll>
			<Yaw>-53.2519417</Yaw>
		</PositionRotation>
		<Attachment isAttached="true">
			<AttachedTo>437256</AttachedTo>
			<BoneIndex>0</BoneIndex>
			<X>0</X>
			<Y>0.900000095</Y>
			<Z>0</Z>
			<Pitch>0</Pitch>
			<Roll>0</Roll>
			<Yaw>0</Yaw>
		</Attachment>
	</Placement>
	<Placement>
		<ModelHash>0xf22b9bda</ModelHash>
		<Type>3</Type>
		<Dynamic>false</Dynamic>
		<HashName>prop_yoga_mat_01</HashName>
		<InitialHandle>191495</InitialHandle>
		<ObjectProperties>
			<TextureVariation>255</TextureVariation>
		</ObjectProperties>
		<OpacityLevel>255</OpacityLevel>
		<LodDistance>16960</LodDistance>
		<IsVisible>true</IsVisible>
		<MaxHealth>1000</MaxHealth>
		<Health>1000</Health>
		<IsOnFire>false</IsOnFire>
		<IsInvincible>false</IsInvincible>
		<IsBulletProof>false</IsBulletProof>
		<IsCollisionProof>false</IsCollisionProof>
		<IsExplosionProof>false</IsExplosionProof>
		<IsFireProof>false</IsFireProof>
		<IsMeleeProof>false</IsMeleeProof>
		<IsOnlyDamagedByPlayer>false</IsOnlyDamagedByPlayer>
		<PositionRotation>
			<X>-1216.10168</X>
			<Y>-1578.21753</Y>
			<Z>4.1426816</Z>
			<Pitch>-0</Pitch>
			<Roll>-0</Roll>
			<Yaw>-53.2519417</Yaw>
		</PositionRotation>
		<Attachment isAttached="true">
			<AttachedTo>437256</AttachedTo>
			<BoneIndex>0</BoneIndex>
			<X>1.69999933</X>
			<Y>0</Y>
			<Z>-0.00500000082</Z>
			<Pitch>0</Pitch>
			<Roll>0</Roll>
			<Yaw>0</Yaw>
		</Attachment>
	</Placement>
	<Placement>
		<ModelHash>0xf22b9bda</ModelHash>
		<Type>3</Type>
		<Dynamic>false</Dynamic>
		<HashName>prop_yoga_mat_01</HashName>
		<InitialHandle>200709</InitialHandle>
		<ObjectProperties>
			<TextureVariation>255</TextureVariation>
		</ObjectProperties>
		<OpacityLevel>255</OpacityLevel>
		<LodDistance>16960</LodDistance>
		<IsVisible>true</IsVisible>
		<MaxHealth>1000</MaxHealth>
		<Health>1000</Health>
		<IsOnFire>false</IsOnFire>
		<IsInvincible>false</IsInvincible>
		<IsBulletProof>false</IsBulletProof>
		<IsCollisionProof>false</IsCollisionProof>
		<IsExplosionProof>false</IsExplosionProof>
		<IsFireProof>false</IsFireProof>
		<IsMeleeProof>false</IsMeleeProof>
		<IsOnlyDamagedByPlayer>false</IsOnlyDamagedByPlayer>
		<PositionRotation>
			<X>-1215.38049</X>
			<Y>-1577.67908</Y>
			<Z>4.1426816</Z>
			<Pitch>-0</Pitch>
			<Roll>-0</Roll>
			<Yaw>-53.2519417</Yaw>
		</PositionRotation>
		<Attachment isAttached="true">
			<AttachedTo>191495</AttachedTo>
			<BoneIndex>0</BoneIndex>
			<X>0</X>
			<Y>0.900000095</Y>
			<Z>0</Z>
			<Pitch>0</Pitch>
			<Roll>0</Roll>
			<Yaw>0</Yaw>
		</Attachment>
	</Placement>
	<Placement>
		<ModelHash>0xf22b9bda</ModelHash>
		<Type>3</Type>
		<Dynamic>false</Dynamic>
		<HashName>prop_yoga_mat_01</HashName>
		<InitialHandle>453896</InitialHandle>
		<ObjectProperties>
			<TextureVariation>255</TextureVariation>
		</ObjectProperties>
		<OpacityLevel>255</OpacityLevel>
		<LodDistance>16960</LodDistance>
		<IsVisible>true</IsVisible>
		<MaxHealth>1000</MaxHealth>
		<Health>1000</Health>
		<IsOnFire>false</IsOnFire>
		<IsInvincible>false</IsInvincible>
		<IsBulletProof>false</IsBulletProof>
		<IsCollisionProof>false</IsCollisionProof>
		<IsExplosionProof>false</IsExplosionProof>
		<IsFireProof>false</IsFireProof>
		<IsMeleeProof>false</IsMeleeProof>
		<IsOnlyDamagedByPlayer>false</IsOnlyDamagedByPlayer>
		<PositionRotation>
			<X>-1216.52686</X>
			<Y>-1580.65662</Y>
			<Z>4.13768148</Z>
			<Pitch>-0</Pitch>
			<Roll>-0</Roll>
			<Yaw>-53.2519417</Yaw>
		</PositionRotation>
		<Attachment isAttached="true">
			<AttachedTo>169735</AttachedTo>
			<BoneIndex>0</BoneIndex>
			<X>3.40000105</X>
			<Y>0</Y>
			<Z>-0.0100000016</Z>
			<Pitch>0</Pitch>
			<Roll>0</Roll>
			<Yaw>0</Yaw>
		</Attachment>
	</Placement>
	<Placement>
		<ModelHash>0xf22b9bda</ModelHash>
		<Type>3</Type>
		<Dynamic>false</Dynamic>
		<HashName>prop_yoga_mat_01</HashName>
		<InitialHandle>439048</InitialHandle>
		<ObjectProperties>
			<TextureVariation>255</TextureVariation>
		</ObjectProperties>
		<OpacityLevel>255</OpacityLevel>
		<LodDistance>16960</LodDistance>
		<IsVisible>true</IsVisible>
		<MaxHealth>1000</MaxHealth>
		<Health>1000</Health>
		<IsOnFire>false</IsOnFire>
		<IsInvincible>false</IsInvincible>
		<IsBulletProof>false</IsBulletProof>
		<IsCollisionProof>false</IsCollisionProof>
		<IsExplosionProof>false</IsExplosionProof>
		<IsFireProof>false</IsFireProof>
		<IsMeleeProof>false</IsMeleeProof>
		<IsOnlyDamagedByPlayer>false</IsOnlyDamagedByPlayer>
		<PositionRotation>
			<X>-1215.80566</X>
			<Y>-1580.11816</Y>
			<Z>4.13768148</Z>
			<Pitch>-0</Pitch>
			<Roll>-0</Roll>
			<Yaw>-53.2519417</Yaw>
		</PositionRotation>
		<Attachment isAttached="true">
			<AttachedTo>453896</AttachedTo>
			<BoneIndex>0</BoneIndex>
			<X>0</X>
			<Y>0.900000095</Y>
			<Z>0</Z>
			<Pitch>0</Pitch>
			<Roll>0</Roll>
			<Yaw>0</Yaw>
		</Attachment>
	</Placement>
	<Placement>
		<ModelHash>0xf22b9bda</ModelHash>
		<Type>3</Type>
		<Dynamic>false</Dynamic>
		<HashName>prop_yoga_mat_01</HashName>
		<InitialHandle>368904</InitialHandle>
		<ObjectProperties>
			<TextureVariation>255</TextureVariation>
		</ObjectProperties>
		<OpacityLevel>255</OpacityLevel>
		<LodDistance>16960</LodDistance>
		<IsVisible>true</IsVisible>
		<MaxHealth>1000</MaxHealth>
		<Health>1000</Health>
		<IsOnFire>false</IsOnFire>
		<IsInvincible>false</IsInvincible>
		<IsBulletProof>false</IsBulletProof>
		<IsCollisionProof>false</IsCollisionProof>
		<IsExplosionProof>false</IsExplosionProof>
		<IsFireProof>false</IsFireProof>
		<IsMeleeProof>false</IsMeleeProof>
		<IsOnlyDamagedByPlayer>false</IsOnlyDamagedByPlayer>
		<PositionRotation>
			<X>-1215.50977</X>
			<Y>-1582.0188</Y>
			<Z>4.13268137</Z>
			<Pitch>-0</Pitch>
			<Roll>-0</Roll>
			<Yaw>-53.2519417</Yaw>
		</PositionRotation>
		<Attachment isAttached="true">
			<AttachedTo>453896</AttachedTo>
			<BoneIndex>0</BoneIndex>
			<X>1.69999933</X>
			<Y>0</Y>
			<Z>-0.00500000082</Z>
			<Pitch>0</Pitch>
			<Roll>0</Roll>
			<Yaw>0</Yaw>
		</Attachment>
	</Placement>
	<Placement>
		<ModelHash>0xf22b9bda</ModelHash>
		<Type>3</Type>
		<Dynamic>false</Dynamic>
		<HashName>prop_yoga_mat_01</HashName>
		<InitialHandle>576008</InitialHandle>
		<ObjectProperties>
			<TextureVariation>255</TextureVariation>
		</ObjectProperties>
		<OpacityLevel>255</OpacityLevel>
		<LodDistance>16960</LodDistance>
		<IsVisible>true</IsVisible>
		<MaxHealth>1000</MaxHealth>
		<Health>1000</Health>
		<IsOnFire>false</IsOnFire>
		<IsInvincible>false</IsInvincible>
		<IsBulletProof>false</IsBulletProof>
		<IsCollisionProof>false</IsCollisionProof>
		<IsExplosionProof>false</IsExplosionProof>
		<IsFireProof>false</IsFireProof>
		<IsMeleeProof>false</IsMeleeProof>
		<IsOnlyDamagedByPlayer>false</IsOnlyDamagedByPlayer>
		<PositionRotation>
			<X>-1214.78857</X>
			<Y>-1581.48035</Y>
			<Z>4.13268137</Z>
			<Pitch>-0</Pitch>
			<Roll>-0</Roll>
			<Yaw>-53.2519417</Yaw>
		</PositionRotation>
		<Attachment isAttached="true">
			<AttachedTo>368904</AttachedTo>
			<BoneIndex>0</BoneIndex>
			<X>0</X>
			<Y>0.900000095</Y>
			<Z>0</Z>
			<Pitch>0</Pitch>
			<Roll>0</Roll>
			<Yaw>0</Yaw>
		</Attachment>
	</Placement>
	<Placement>
		<ModelHash>0xf22b9bda</ModelHash>
		<Type>3</Type>
		<Dynamic>false</Dynamic>
		<HashName>prop_yoga_mat_01</HashName>
		<InitialHandle>431624</InitialHandle>
		<ObjectProperties>
			<TextureVariation>255</TextureVariation>
		</ObjectProperties>
		<OpacityLevel>255</OpacityLevel>
		<LodDistance>16960</LodDistance>
		<IsVisible>true</IsVisible>
		<MaxHealth>1000</MaxHealth>
		<Health>1000</Health>
		<IsOnFire>false</IsOnFire>
		<IsInvincible>false</IsInvincible>
		<IsBulletProof>false</IsBulletProof>
		<IsCollisionProof>false</IsCollisionProof>
		<IsExplosionProof>false</IsExplosionProof>
		<IsFireProof>false</IsFireProof>
		<IsMeleeProof>false</IsMeleeProof>
		<IsOnlyDamagedByPlayer>false</IsOnlyDamagedByPlayer>
		<PositionRotation>
			<X>-1215.08459</X>
			<Y>-1579.57971</Y>
			<Z>4.13768148</Z>
			<Pitch>-0</Pitch>
			<Roll>-0</Roll>
			<Yaw>-53.2519417</Yaw>
		</PositionRotation>
		<Attachment isAttached="true">
			<AttachedTo>453896</AttachedTo>
			<BoneIndex>0</BoneIndex>
			<X>0</X>
			<Y>1.80000031</Y>
			<Z>0</Z>
			<Pitch>0</Pitch>
			<Roll>0</Roll>
			<Yaw>0</Yaw>
		</Attachment>
	</Placement>
	<Placement>
		<ModelHash>0xf22b9bda</ModelHash>
		<Type>3</Type>
		<Dynamic>false</Dynamic>
		<HashName>prop_yoga_mat_01</HashName>
		<InitialHandle>320008</InitialHandle>
		<ObjectProperties>
			<TextureVariation>255</TextureVariation>
		</ObjectProperties>
		<OpacityLevel>255</OpacityLevel>
		<LodDistance>16960</LodDistance>
		<IsVisible>true</IsVisible>
		<MaxHealth>1000</MaxHealth>
		<Health>1000</Health>
		<IsOnFire>false</IsOnFire>
		<IsInvincible>false</IsInvincible>
		<IsBulletProof>false</IsBulletProof>
		<IsCollisionProof>false</IsCollisionProof>
		<IsExplosionProof>false</IsExplosionProof>
		<IsFireProof>false</IsFireProof>
		<IsMeleeProof>false</IsMeleeProof>
		<IsOnlyDamagedByPlayer>false</IsOnlyDamagedByPlayer>
		<PositionRotation>
			<X>-1214.3634</X>
			<Y>-1579.04126</Y>
			<Z>4.13768148</Z>
			<Pitch>-0</Pitch>
			<Roll>-0</Roll>
			<Yaw>-53.2519417</Yaw>
		</PositionRotation>
		<Attachment isAttached="true">
			<AttachedTo>431624</AttachedTo>
			<BoneIndex>0</BoneIndex>
			<X>0</X>
			<Y>0.900000095</Y>
			<Z>0</Z>
			<Pitch>0</Pitch>
			<Roll>0</Roll>
			<Yaw>0</Yaw>
		</Attachment>
	</Placement>
	<Placement>
		<ModelHash>0xf22b9bda</ModelHash>
		<Type>3</Type>
		<Dynamic>false</Dynamic>
		<HashName>prop_yoga_mat_01</HashName>
		<InitialHandle>418312</InitialHandle>
		<ObjectProperties>
			<TextureVariation>255</TextureVariation>
		</ObjectProperties>
		<OpacityLevel>255</OpacityLevel>
		<LodDistance>16960</LodDistance>
		<IsVisible>true</IsVisible>
		<MaxHealth>1000</MaxHealth>
		<Health>1000</Health>
		<IsOnFire>false</IsOnFire>
		<IsInvincible>false</IsInvincible>
		<IsBulletProof>false</IsBulletProof>
		<IsCollisionProof>false</IsCollisionProof>
		<IsExplosionProof>false</IsExplosionProof>
		<IsFireProof>false</IsFireProof>
		<IsMeleeProof>false</IsMeleeProof>
		<IsOnlyDamagedByPlayer>false</IsOnlyDamagedByPlayer>
		<PositionRotation>
			<X>-1214.0675</X>
			<Y>-1580.94189</Y>
			<Z>4.13268137</Z>
			<Pitch>-0</Pitch>
			<Roll>-0</Roll>
			<Yaw>-53.2519417</Yaw>
		</PositionRotation>
		<Attachment isAttached="true">
			<AttachedTo>431624</AttachedTo>
			<BoneIndex>0</BoneIndex>
			<X>1.69999933</X>
			<Y>0</Y>
			<Z>-0.00500000082</Z>
			<Pitch>0</Pitch>
			<Roll>0</Roll>
			<Yaw>0</Yaw>
		</Attachment>
	</Placement>
	<Placement>
		<ModelHash>0xf22b9bda</ModelHash>
		<Type>3</Type>
		<Dynamic>false</Dynamic>
		<HashName>prop_yoga_mat_01</HashName>
		<InitialHandle>324872</InitialHandle>
		<ObjectProperties>
			<TextureVariation>255</TextureVariation>
		</ObjectProperties>
		<OpacityLevel>255</OpacityLevel>
		<LodDistance>16960</LodDistance>
		<IsVisible>true</IsVisible>
		<MaxHealth>1000</MaxHealth>
		<Health>1000</Health>
		<IsOnFire>false</IsOnFire>
		<IsInvincible>false</IsInvincible>
		<IsBulletProof>false</IsBulletProof>
		<IsCollisionProof>false</IsCollisionProof>
		<IsExplosionProof>false</IsExplosionProof>
		<IsFireProof>false</IsFireProof>
		<IsMeleeProof>false</IsMeleeProof>
		<IsOnlyDamagedByPlayer>false</IsOnlyDamagedByPlayer>
		<PositionRotation>
			<X>-1213.34631</X>
			<Y>-1580.40344</Y>
			<Z>4.13268137</Z>
			<Pitch>-0</Pitch>
			<Roll>-0</Roll>
			<Yaw>-53.2519417</Yaw>
		</PositionRotation>
		<Attachment isAttached="true">
			<AttachedTo>418312</AttachedTo>
			<BoneIndex>0</BoneIndex>
			<X>0</X>
			<Y>0.900000095</Y>
			<Z>0</Z>
			<Pitch>0</Pitch>
			<Roll>0</Roll>
			<Yaw>0</Yaw>
		</Attachment>
	</Placement>
	<Placement>
		<ModelHash>0xf22b9bda</ModelHash>
		<Type>3</Type>
		<Dynamic>false</Dynamic>
		<HashName>prop_yoga_mat_01</HashName>
		<InitialHandle>129799</InitialHandle>
		<ObjectProperties>
			<TextureVariation>255</TextureVariation>
		</ObjectProperties>
		<OpacityLevel>255</OpacityLevel>
		<LodDistance>16960</LodDistance>
		<IsVisible>true</IsVisible>
		<MaxHealth>1000</MaxHealth>
		<Health>1000</Health>
		<IsOnFire>false</IsOnFire>
		<IsInvincible>false</IsInvincible>
		<IsBulletProof>false</IsBulletProof>
		<IsCollisionProof>false</IsCollisionProof>
		<IsExplosionProof>false</IsExplosionProof>
		<IsFireProof>false</IsFireProof>
		<IsMeleeProof>false</IsMeleeProof>
		<IsOnlyDamagedByPlayer>false</IsOnlyDamagedByPlayer>
		<PositionRotation>
			<X>-1215.67639</X>
			<Y>-1575.77832</Y>
			<Z>4.14768171</Z>
			<Pitch>-0</Pitch>
			<Roll>-0</Roll>
			<Yaw>-53.2519417</Yaw>
		</PositionRotation>
		<Attachment isAttached="true">
			<AttachedTo>169735</AttachedTo>
			<BoneIndex>0</BoneIndex>
			<X>0</X>
			<Y>3.60000086</Y>
			<Z>0</Z>
			<Pitch>0</Pitch>
			<Roll>0</Roll>
			<Yaw>0</Yaw>
		</Attachment>
	</Placement>
	<Placement>
		<ModelHash>0xf22b9bda</ModelHash>
		<Type>3</Type>
		<Dynamic>false</Dynamic>
		<HashName>prop_yoga_mat_01</HashName>
		<InitialHandle>359688</InitialHandle>
		<ObjectProperties>
			<TextureVariation>255</TextureVariation>
		</ObjectProperties>
		<OpacityLevel>255</OpacityLevel>
		<LodDistance>16960</LodDistance>
		<IsVisible>true</IsVisible>
		<MaxHealth>1000</MaxHealth>
		<Health>1000</Health>
		<IsOnFire>false</IsOnFire>
		<IsInvincible>false</IsInvincible>
		<IsBulletProof>false</IsBulletProof>
		<IsCollisionProof>false</IsCollisionProof>
		<IsExplosionProof>false</IsExplosionProof>
		<IsFireProof>false</IsFireProof>
		<IsMeleeProof>false</IsMeleeProof>
		<IsOnlyDamagedByPlayer>false</IsOnlyDamagedByPlayer>
		<PositionRotation>
			<X>-1214.9552</X>
			<Y>-1575.23987</Y>
			<Z>4.14768171</Z>
			<Pitch>-0</Pitch>
			<Roll>-0</Roll>
			<Yaw>-53.2519417</Yaw>
		</PositionRotation>
		<Attachment isAttached="true">
			<AttachedTo>129799</AttachedTo>
			<BoneIndex>0</BoneIndex>
			<X>0</X>
			<Y>0.900000095</Y>
			<Z>0</Z>
			<Pitch>0</Pitch>
			<Roll>0</Roll>
			<Yaw>0</Yaw>
		</Attachment>
	</Placement>
	<Placement>
		<ModelHash>0xf22b9bda</ModelHash>
		<Type>3</Type>
		<Dynamic>false</Dynamic>
		<HashName>prop_yoga_mat_01</HashName>
		<InitialHandle>502536</InitialHandle>
		<ObjectProperties>
			<TextureVariation>255</TextureVariation>
		</ObjectProperties>
		<OpacityLevel>255</OpacityLevel>
		<LodDistance>16960</LodDistance>
		<IsVisible>true</IsVisible>
		<MaxHealth>1000</MaxHealth>
		<Health>1000</Health>
		<IsOnFire>false</IsOnFire>
		<IsInvincible>false</IsInvincible>
		<IsBulletProof>false</IsBulletProof>
		<IsCollisionProof>false</IsCollisionProof>
		<IsExplosionProof>false</IsExplosionProof>
		<IsFireProof>false</IsFireProof>
		<IsMeleeProof>false</IsMeleeProof>
		<IsOnlyDamagedByPlayer>false</IsOnlyDamagedByPlayer>
		<PositionRotation>
			<X>-1214.6593</X>
			<Y>-1577.1405</Y>
			<Z>4.1426816</Z>
			<Pitch>-0</Pitch>
			<Roll>-0</Roll>
			<Yaw>-53.2519417</Yaw>
		</PositionRotation>
		<Attachment isAttached="true">
			<AttachedTo>129799</AttachedTo>
			<BoneIndex>0</BoneIndex>
			<X>1.69999933</X>
			<Y>0</Y>
			<Z>-0.00500000082</Z>
			<Pitch>0</Pitch>
			<Roll>0</Roll>
			<Yaw>0</Yaw>
		</Attachment>
	</Placement>
	<Placement>
		<ModelHash>0xf22b9bda</ModelHash>
		<Type>3</Type>
		<Dynamic>false</Dynamic>
		<HashName>prop_yoga_mat_01</HashName>
		<InitialHandle>523784</InitialHandle>
		<ObjectProperties>
			<TextureVariation>255</TextureVariation>
		</ObjectProperties>
		<OpacityLevel>255</OpacityLevel>
		<LodDistance>16960</LodDistance>
		<IsVisible>true</IsVisible>
		<MaxHealth>1000</MaxHealth>
		<Health>1000</Health>
		<IsOnFire>false</IsOnFire>
		<IsInvincible>false</IsInvincible>
		<IsBulletProof>false</IsBulletProof>
		<IsCollisionProof>false</IsCollisionProof>
		<IsExplosionProof>false</IsExplosionProof>
		<IsFireProof>false</IsFireProof>
		<IsMeleeProof>false</IsMeleeProof>
		<IsOnlyDamagedByPlayer>false</IsOnlyDamagedByPlayer>
		<PositionRotation>
			<X>-1213.93811</X>
			<Y>-1576.60205</Y>
			<Z>4.1426816</Z>
			<Pitch>-0</Pitch>
			<Roll>-0</Roll>
			<Yaw>-53.2519417</Yaw>
		</PositionRotation>
		<Attachment isAttached="true">
			<AttachedTo>502536</AttachedTo>
			<BoneIndex>0</BoneIndex>
			<X>0</X>
			<Y>0.900000095</Y>
			<Z>0</Z>
			<Pitch>0</Pitch>
			<Roll>0</Roll>
			<Yaw>0</Yaw>
		</Attachment>
	</Placement>
	<Placement>
		<ModelHash>0xf22b9bda</ModelHash>
		<Type>3</Type>
		<Dynamic>false</Dynamic>
		<HashName>prop_yoga_mat_01</HashName>
		<InitialHandle>22792</InitialHandle>
		<ObjectProperties>
			<TextureVariation>255</TextureVariation>
		</ObjectProperties>
		<OpacityLevel>255</OpacityLevel>
		<LodDistance>16960</LodDistance>
		<IsVisible>true</IsVisible>
		<MaxHealth>1000</MaxHealth>
		<Health>1000</Health>
		<IsOnFire>false</IsOnFire>
		<IsInvincible>false</IsInvincible>
		<IsBulletProof>false</IsBulletProof>
		<IsCollisionProof>false</IsCollisionProof>
		<IsExplosionProof>false</IsExplosionProof>
		<IsFireProof>false</IsFireProof>
		<IsMeleeProof>false</IsMeleeProof>
		<IsOnlyDamagedByPlayer>false</IsOnlyDamagedByPlayer>
		<PositionRotation>
			<X>-1214.23413</X>
			<Y>-1574.70142</Y>
			<Z>4.14768171</Z>
			<Pitch>-0</Pitch>
			<Roll>-0</Roll>
			<Yaw>-53.2519417</Yaw>
		</PositionRotation>
		<Attachment isAttached="true">
			<AttachedTo>129799</AttachedTo>
			<BoneIndex>0</BoneIndex>
			<X>0</X>
			<Y>1.80000031</Y>
			<Z>0</Z>
			<Pitch>0</Pitch>
			<Roll>0</Roll>
			<Yaw>0</Yaw>
		</Attachment>
	</Placement>
	<Placement>
		<ModelHash>0xf22b9bda</ModelHash>
		<Type>3</Type>
		<Dynamic>false</Dynamic>
		<HashName>prop_yoga_mat_01</HashName>
		<InitialHandle>225801</InitialHandle>
		<ObjectProperties>
			<TextureVariation>255</TextureVariation>
		</ObjectProperties>
		<OpacityLevel>255</OpacityLevel>
		<LodDistance>16960</LodDistance>
		<IsVisible>true</IsVisible>
		<MaxHealth>1000</MaxHealth>
		<Health>1000</Health>
		<IsOnFire>false</IsOnFire>
		<IsInvincible>false</IsInvincible>
		<IsBulletProof>false</IsBulletProof>
		<IsCollisionProof>false</IsCollisionProof>
		<IsExplosionProof>false</IsExplosionProof>
		<IsFireProof>false</IsFireProof>
		<IsMeleeProof>false</IsMeleeProof>
		<IsOnlyDamagedByPlayer>false</IsOnlyDamagedByPlayer>
		<PositionRotation>
			<X>-1213.21704</X>
			<Y>-1576.0636</Y>
			<Z>4.1426816</Z>
			<Pitch>-0</Pitch>
			<Roll>-0</Roll>
			<Yaw>-53.2519417</Yaw>
		</PositionRotation>
		<Attachment isAttached="true">
			<AttachedTo>22792</AttachedTo>
			<BoneIndex>0</BoneIndex>
			<X>1.69999933</X>
			<Y>0</Y>
			<Z>-0.00500000082</Z>
			<Pitch>0</Pitch>
			<Roll>0</Roll>
			<Yaw>0</Yaw>
		</Attachment>
	</Placement>
	<Placement>
		<ModelHash>0xf22b9bda</ModelHash>
		<Type>3</Type>
		<Dynamic>false</Dynamic>
		<HashName>prop_yoga_mat_01</HashName>
		<InitialHandle>167943</InitialHandle>
		<ObjectProperties>
			<TextureVariation>255</TextureVariation>
		</ObjectProperties>
		<OpacityLevel>255</OpacityLevel>
		<LodDistance>16960</LodDistance>
		<IsVisible>true</IsVisible>
		<MaxHealth>1000</MaxHealth>
		<Health>1000</Health>
		<IsOnFire>false</IsOnFire>
		<IsInvincible>false</IsInvincible>
		<IsBulletProof>false</IsBulletProof>
		<IsCollisionProof>false</IsCollisionProof>
		<IsExplosionProof>false</IsExplosionProof>
		<IsFireProof>false</IsFireProof>
		<IsMeleeProof>false</IsMeleeProof>
		<IsOnlyDamagedByPlayer>false</IsOnlyDamagedByPlayer>
		<PositionRotation>
			<X>-1213.64221</X>
			<Y>-1578.50269</Y>
			<Z>4.13768148</Z>
			<Pitch>-0</Pitch>
			<Roll>-0</Roll>
			<Yaw>-53.2519417</Yaw>
		</PositionRotation>
		<Attachment isAttached="true">
			<AttachedTo>129799</AttachedTo>
			<BoneIndex>0</BoneIndex>
			<X>3.40000105</X>
			<Y>0</Y>
			<Z>-0.0100000016</Z>
			<Pitch>0</Pitch>
			<Roll>0</Roll>
			<Yaw>0</Yaw>
		</Attachment>
	</Placement>
	<Placement>
		<ModelHash>0xf22b9bda</ModelHash>
		<Type>3</Type>
		<Dynamic>false</Dynamic>
		<HashName>prop_yoga_mat_01</HashName>
		<InitialHandle>338952</InitialHandle>
		<ObjectProperties>
			<TextureVariation>255</TextureVariation>
		</ObjectProperties>
		<OpacityLevel>255</OpacityLevel>
		<LodDistance>16960</LodDistance>
		<IsVisible>true</IsVisible>
		<MaxHealth>1000</MaxHealth>
		<Health>1000</Health>
		<IsOnFire>false</IsOnFire>
		<IsInvincible>false</IsInvincible>
		<IsBulletProof>false</IsBulletProof>
		<IsCollisionProof>false</IsCollisionProof>
		<IsExplosionProof>false</IsExplosionProof>
		<IsFireProof>false</IsFireProof>
		<IsMeleeProof>false</IsMeleeProof>
		<IsOnlyDamagedByPlayer>false</IsOnlyDamagedByPlayer>
		<PositionRotation>
			<X>-1212.92102</X>
			<Y>-1577.96423</Y>
			<Z>4.13768148</Z>
			<Pitch>-0</Pitch>
			<Roll>-0</Roll>
			<Yaw>-53.2519417</Yaw>
		</PositionRotation>
		<Attachment isAttached="true">
			<AttachedTo>167943</AttachedTo>
			<BoneIndex>0</BoneIndex>
			<X>0</X>
			<Y>0.900000095</Y>
			<Z>0</Z>
			<Pitch>0</Pitch>
			<Roll>0</Roll>
			<Yaw>0</Yaw>
		</Attachment>
	</Placement>
	<Placement>
		<ModelHash>0xf22b9bda</ModelHash>
		<Type>3</Type>
		<Dynamic>false</Dynamic>
		<HashName>prop_yoga_mat_01</HashName>
		<InitialHandle>675336</InitialHandle>
		<ObjectProperties>
			<TextureVariation>255</TextureVariation>
		</ObjectProperties>
		<OpacityLevel>255</OpacityLevel>
		<LodDistance>16960</LodDistance>
		<IsVisible>true</IsVisible>
		<MaxHealth>1000</MaxHealth>
		<Health>1000</Health>
		<IsOnFire>false</IsOnFire>
		<IsInvincible>false</IsInvincible>
		<IsBulletProof>false</IsBulletProof>
		<IsCollisionProof>false</IsCollisionProof>
		<IsExplosionProof>false</IsExplosionProof>
		<IsFireProof>false</IsFireProof>
		<IsMeleeProof>false</IsMeleeProof>
		<IsOnlyDamagedByPlayer>false</IsOnlyDamagedByPlayer>
		<PositionRotation>
			<X>-1212.62512</X>
			<Y>-1579.86487</Y>
			<Z>4.13268137</Z>
			<Pitch>-0</Pitch>
			<Roll>-0</Roll>
			<Yaw>-53.2519417</Yaw>
		</PositionRotation>
		<Attachment isAttached="true">
			<AttachedTo>167943</AttachedTo>
			<BoneIndex>0</BoneIndex>
			<X>1.69999933</X>
			<Y>0</Y>
			<Z>-0.00500000082</Z>
			<Pitch>0</Pitch>
			<Roll>0</Roll>
			<Yaw>0</Yaw>
		</Attachment>
	</Placement>
	<Placement>
		<ModelHash>0xf22b9bda</ModelHash>
		<Type>3</Type>
		<Dynamic>false</Dynamic>
		<HashName>prop_yoga_mat_01</HashName>
		<InitialHandle>765448</InitialHandle>
		<ObjectProperties>
			<TextureVariation>255</TextureVariation>
		</ObjectProperties>
		<OpacityLevel>255</OpacityLevel>
		<LodDistance>16960</LodDistance>
		<IsVisible>true</IsVisible>
		<MaxHealth>1000</MaxHealth>
		<Health>1000</Health>
		<IsOnFire>false</IsOnFire>
		<IsInvincible>false</IsInvincible>
		<IsBulletProof>false</IsBulletProof>
		<IsCollisionProof>false</IsCollisionProof>
		<IsExplosionProof>false</IsExplosionProof>
		<IsFireProof>false</IsFireProof>
		<IsMeleeProof>false</IsMeleeProof>
		<IsOnlyDamagedByPlayer>false</IsOnlyDamagedByPlayer>
		<PositionRotation>
			<X>-1211.90393</X>
			<Y>-1579.32642</Y>
			<Z>4.13268137</Z>
			<Pitch>-0</Pitch>
			<Roll>-0</Roll>
			<Yaw>-53.2519417</Yaw>
		</PositionRotation>
		<Attachment isAttached="true">
			<AttachedTo>675336</AttachedTo>
			<BoneIndex>0</BoneIndex>
			<X>0</X>
			<Y>0.900000095</Y>
			<Z>0</Z>
			<Pitch>0</Pitch>
			<Roll>0</Roll>
			<Yaw>0</Yaw>
		</Attachment>
	</Placement>
	<Placement>
		<ModelHash>0xf22b9bda</ModelHash>
		<Type>3</Type>
		<Dynamic>false</Dynamic>
		<HashName>prop_yoga_mat_01</HashName>
		<InitialHandle>449800</InitialHandle>
		<ObjectProperties>
			<TextureVariation>255</TextureVariation>
		</ObjectProperties>
		<OpacityLevel>255</OpacityLevel>
		<LodDistance>16960</LodDistance>
		<IsVisible>true</IsVisible>
		<MaxHealth>1000</MaxHealth>
		<Health>1000</Health>
		<IsOnFire>false</IsOnFire>
		<IsInvincible>false</IsInvincible>
		<IsBulletProof>false</IsBulletProof>
		<IsCollisionProof>false</IsCollisionProof>
		<IsExplosionProof>false</IsExplosionProof>
		<IsFireProof>false</IsFireProof>
		<IsMeleeProof>false</IsMeleeProof>
		<IsOnlyDamagedByPlayer>false</IsOnlyDamagedByPlayer>
		<PositionRotation>
			<X>-1212.19995</X>
			<Y>-1577.42578</Y>
			<Z>4.13768148</Z>
			<Pitch>-0</Pitch>
			<Roll>-0</Roll>
			<Yaw>-53.2519417</Yaw>
		</PositionRotation>
		<Attachment isAttached="true">
			<AttachedTo>167943</AttachedTo>
			<BoneIndex>0</BoneIndex>
			<X>0</X>
			<Y>1.80000031</Y>
			<Z>0</Z>
			<Pitch>0</Pitch>
			<Roll>0</Roll>
			<Yaw>0</Yaw>
		</Attachment>
	</Placement>
	<Placement>
		<ModelHash>0xf22b9bda</ModelHash>
		<Type>3</Type>
		<Dynamic>false</Dynamic>
		<HashName>prop_yoga_mat_01</HashName>
		<InitialHandle>616200</InitialHandle>
		<ObjectProperties>
			<TextureVariation>255</TextureVariation>
		</ObjectProperties>
		<OpacityLevel>255</OpacityLevel>
		<LodDistance>16960</LodDistance>
		<IsVisible>true</IsVisible>
		<MaxHealth>1000</MaxHealth>
		<Health>1000</Health>
		<IsOnFire>false</IsOnFire>
		<IsInvincible>false</IsInvincible>
		<IsBulletProof>false</IsBulletProof>
		<IsCollisionProof>false</IsCollisionProof>
		<IsExplosionProof>false</IsExplosionProof>
		<IsFireProof>false</IsFireProof>
		<IsMeleeProof>false</IsMeleeProof>
		<IsOnlyDamagedByPlayer>false</IsOnlyDamagedByPlayer>
		<PositionRotation>
			<X>-1211.18286</X>
			<Y>-1578.78796</Y>
			<Z>4.13268137</Z>
			<Pitch>-0</Pitch>
			<Roll>-0</Roll>
			<Yaw>-53.2519417</Yaw>
		</PositionRotation>
		<Attachment isAttached="true">
			<AttachedTo>449800</AttachedTo>
			<BoneIndex>0</BoneIndex>
			<X>1.69999933</X>
			<Y>0</Y>
			<Z>-0.00500000082</Z>
			<Pitch>0</Pitch>
			<Roll>0</Roll>
			<Yaw>0</Yaw>
		</Attachment>
	</Placement>
	<Placement>
		<ModelHash>0x8df1ec48</ModelHash>
		<Type>3</Type>
		<Dynamic>false</Dynamic>
		<HashName>p_ing_skiprope_01</HashName>
		<InitialHandle>635144</InitialHandle>
		<ObjectProperties>
			<TextureVariation>255</TextureVariation>
		</ObjectProperties>
		<OpacityLevel>255</OpacityLevel>
		<LodDistance>16960</LodDistance>
		<IsVisible>true</IsVisible>
		<MaxHealth>1000</MaxHealth>
		<Health>1000</Health>
		<IsOnFire>false</IsOnFire>
		<IsInvincible>false</IsInvincible>
		<IsBulletProof>false</IsBulletProof>
		<IsCollisionProof>false</IsCollisionProof>
		<IsExplosionProof>false</IsExplosionProof>
		<IsFireProof>false</IsFireProof>
		<IsMeleeProof>false</IsMeleeProof>
		<IsOnlyDamagedByPlayer>false</IsOnlyDamagedByPlayer>
		<PositionRotation>
			<X>-1217.06531</X>
			<Y>-1579.93542</Y>
			<Z>4.4476819</Z>
			<Pitch>-0</Pitch>
			<Roll>-0</Roll>
			<Yaw>-53.2519417</Yaw>
		</PositionRotation>
		<Attachment isAttached="true">
			<AttachedTo>169735</AttachedTo>
			<BoneIndex>0</BoneIndex>
			<X>2.49999976</X>
			<Y>0</Y>
			<Z>0.299999982</Z>
			<Pitch>0</Pitch>
			<Roll>0</Roll>
			<Yaw>0</Yaw>
		</Attachment>
	</Placement>
	<Placement>
		<ModelHash>0x8df1ec48</ModelHash>
		<Type>3</Type>
		<Dynamic>false</Dynamic>
		<HashName>p_ing_skiprope_01</HashName>
		<InitialHandle>256775</InitialHandle>
		<ObjectProperties>
			<TextureVariation>255</TextureVariation>
		</ObjectProperties>
		<OpacityLevel>255</OpacityLevel>
		<LodDistance>16960</LodDistance>
		<IsVisible>true</IsVisible>
		<MaxHealth>1000</MaxHealth>
		<Health>1000</Health>
		<IsOnFire>false</IsOnFire>
		<IsInvincible>false</IsInvincible>
		<IsBulletProof>false</IsBulletProof>
		<IsCollisionProof>false</IsCollisionProof>
		<IsExplosionProof>false</IsExplosionProof>
		<IsFireProof>false</IsFireProof>
		<IsMeleeProof>false</IsMeleeProof>
		<IsOnlyDamagedByPlayer>false</IsOnlyDamagedByPlayer>
		<PositionRotation>
			<X>-1215.39001</X>
			<Y>-1582.17896</Y>
			<Z>4.4476819</Z>
			<Pitch>-0</Pitch>
			<Roll>-0</Roll>
			<Yaw>-53.2519417</Yaw>
		</PositionRotation>
		<Attachment isAttached="true">
			<AttachedTo>169735</AttachedTo>
			<BoneIndex>0</BoneIndex>
			<X>5.29998159</X>
			<Y>-5.96046448e-006</Y>
			<Z>0.300000191</Z>
			<Pitch>0</Pitch>
			<Roll>0</Roll>
			<Yaw>0</Yaw>
		</Attachment>
	</Placement>
	<Placement>
		<ModelHash>0x8df1ec48</ModelHash>
		<Type>3</Type>
		<Dynamic>false</Dynamic>
		<HashName>p_ing_skiprope_01</HashName>
		<InitialHandle>183304</InitialHandle>
		<ObjectProperties>
			<TextureVariation>255</TextureVariation>
		</ObjectProperties>
		<OpacityLevel>255</OpacityLevel>
		<LodDistance>16960</LodDistance>
		<IsVisible>true</IsVisible>
		<MaxHealth>1000</MaxHealth>
		<Health>1000</Health>
		<IsOnFire>false</IsOnFire>
		<IsInvincible>false</IsInvincible>
		<IsBulletProof>false</IsBulletProof>
		<IsCollisionProof>false</IsCollisionProof>
		<IsExplosionProof>false</IsExplosionProof>
		<IsFireProof>false</IsFireProof>
		<IsMeleeProof>false</IsMeleeProof>
		<IsOnlyDamagedByPlayer>false</IsOnlyDamagedByPlayer>
		<PositionRotation>
			<X>-1217.06531</X>
			<Y>-1579.93542</Y>
			<Z>4.84768152</Z>
			<Pitch>0</Pitch>
			<Roll>0</Roll>
			<Yaw>-53.2519417</Yaw>
		</PositionRotation>
		<Attachment isAttached="false" />
	</Placement>
	<Placement>
		<ModelHash>0x8df1ec48</ModelHash>
		<Type>3</Type>
		<Dynamic>false</Dynamic>
		<HashName>p_ing_skiprope_01</HashName>
		<InitialHandle>35592</InitialHandle>
		<ObjectProperties>
			<TextureVariation>255</TextureVariation>
		</ObjectProperties>
		<OpacityLevel>255</OpacityLevel>
		<LodDistance>16960</LodDistance>
		<IsVisible>true</IsVisible>
		<MaxHealth>1000</MaxHealth>
		<Health>1000</Health>
		<IsOnFire>false</IsOnFire>
		<IsInvincible>false</IsInvincible>
		<IsBulletProof>false</IsBulletProof>
		<IsCollisionProof>false</IsCollisionProof>
		<IsExplosionProof>false</IsExplosionProof>
		<IsFireProof>false</IsFireProof>
		<IsMeleeProof>false</IsMeleeProof>
		<IsOnlyDamagedByPlayer>false</IsOnlyDamagedByPlayer>
		<PositionRotation>
			<X>-1217.06531</X>
			<Y>-1579.93542</Y>
			<Z>5.24768114</Z>
			<Pitch>0</Pitch>
			<Roll>0</Roll>
			<Yaw>-53.2519417</Yaw>
		</PositionRotation>
		<Attachment isAttached="false" />
	</Placement>
	<Placement>
		<ModelHash>0x8df1ec48</ModelHash>
		<Type>3</Type>
		<Dynamic>false</Dynamic>
		<HashName>p_ing_skiprope_01</HashName>
		<InitialHandle>565512</InitialHandle>
		<ObjectProperties>
			<TextureVariation>255</TextureVariation>
		</ObjectProperties>
		<OpacityLevel>255</OpacityLevel>
		<LodDistance>16960</LodDistance>
		<IsVisible>true</IsVisible>
		<MaxHealth>1000</MaxHealth>
		<Health>1000</Health>
		<IsOnFire>false</IsOnFire>
		<IsInvincible>false</IsInvincible>
		<IsBulletProof>false</IsBulletProof>
		<IsCollisionProof>false</IsCollisionProof>
		<IsExplosionProof>false</IsExplosionProof>
		<IsFireProof>false</IsFireProof>
		<IsMeleeProof>false</IsMeleeProof>
		<IsOnlyDamagedByPlayer>false</IsOnlyDamagedByPlayer>
		<PositionRotation>
			<X>-1215.39001</X>
			<Y>-1582.17896</Y>
			<Z>4.84768152</Z>
			<Pitch>0</Pitch>
			<Roll>0</Roll>
			<Yaw>-53.2519417</Yaw>
		</PositionRotation>
		<Attachment isAttached="false" />
	</Placement>
	<Placement>
		<ModelHash>0x8df1ec48</ModelHash>
		<Type>3</Type>
		<Dynamic>false</Dynamic>
		<HashName>p_ing_skiprope_01</HashName>
		<InitialHandle>248583</InitialHandle>
		<ObjectProperties>
			<TextureVariation>255</TextureVariation>
		</ObjectProperties>
		<OpacityLevel>255</OpacityLevel>
		<LodDistance>16960</LodDistance>
		<IsVisible>true</IsVisible>
		<MaxHealth>1000</MaxHealth>
		<Health>1000</Health>
		<IsOnFire>false</IsOnFire>
		<IsInvincible>false</IsInvincible>
		<IsBulletProof>false</IsBulletProof>
		<IsCollisionProof>false</IsCollisionProof>
		<IsExplosionProof>false</IsExplosionProof>
		<IsFireProof>false</IsFireProof>
		<IsMeleeProof>false</IsMeleeProof>
		<IsOnlyDamagedByPlayer>false</IsOnlyDamagedByPlayer>
		<PositionRotation>
			<X>-1215.39001</X>
			<Y>-1582.17896</Y>
			<Z>5.24768114</Z>
			<Pitch>0</Pitch>
			<Roll>0</Roll>
			<Yaw>-53.2519417</Yaw>
		</PositionRotation>
		<Attachment isAttached="false" />
	</Placement>
	<Placement>
		<ModelHash>0xa346ca47</ModelHash>
		<Type>3</Type>
		<Dynamic>false</Dynamic>
		<HashName>prop_fnclink_06gatepost</HashName>
		<InitialHandle>156677</InitialHandle>
		<ObjectProperties>
			<TextureVariation>255</TextureVariation>
		</ObjectProperties>
		<OpacityLevel>255</OpacityLevel>
		<LodDistance>16960</LodDistance>
		<IsVisible>true</IsVisible>
		<MaxHealth>1000</MaxHealth>
		<Health>1000</Health>
		<IsOnFire>false</IsOnFire>
		<IsInvincible>false</IsInvincible>
		<IsBulletProof>false</IsBulletProof>
		<IsCollisionProof>false</IsCollisionProof>
		<IsExplosionProof>false</IsExplosionProof>
		<IsFireProof>false</IsFireProof>
		<IsMeleeProof>false</IsMeleeProof>
		<IsOnlyDamagedByPlayer>false</IsOnlyDamagedByPlayer>
		<PositionRotation>
			<X>-1218.70459</X>
			<Y>-1577.73999</Y>
			<Z>3.54768181</Z>
			<Pitch>-0</Pitch>
			<Roll>-0</Roll>
			<Yaw>-53.2519417</Yaw>
		</PositionRotation>
		<Attachment isAttached="true">
			<AttachedTo>169735</AttachedTo>
			<BoneIndex>0</BoneIndex>
			<X>-0.240000024</X>
			<Y>0</Y>
			<Z>-0.599999964</Z>
			<Pitch>0</Pitch>
			<Roll>0</Roll>
			<Yaw>0</Yaw>
		</Attachment>
	</Placement>
	<Placement>
		<ModelHash>0xa346ca47</ModelHash>
		<Type>3</Type>
		<Dynamic>false</Dynamic>
		<HashName>prop_fnclink_06gatepost</HashName>
		<InitialHandle>752900</InitialHandle>
		<ObjectProperties>
			<TextureVariation>255</TextureVariation>
		</ObjectProperties>
		<OpacityLevel>255</OpacityLevel>
		<LodDistance>16960</LodDistance>
		<IsVisible>true</IsVisible>
		<MaxHealth>1000</MaxHealth>
		<Health>1000</Health>
		<IsOnFire>false</IsOnFire>
		<IsInvincible>false</IsInvincible>
		<IsBulletProof>false</IsBulletProof>
		<IsCollisionProof>false</IsCollisionProof>
		<IsExplosionProof>false</IsExplosionProof>
		<IsFireProof>false</IsFireProof>
		<IsMeleeProof>false</IsMeleeProof>
		<IsOnlyDamagedByPlayer>false</IsOnlyDamagedByPlayer>
		<PositionRotation>
			<X>-1215.34229</X>
			<Y>-1582.24316</Y>
			<Z>3.55268168</Z>
			<Pitch>0</Pitch>
			<Roll>-0</Roll>
			<Yaw>126.748032</Yaw>
		</PositionRotation>
		<Attachment isAttached="true">
			<AttachedTo>368904</AttachedTo>
			<BoneIndex>0</BoneIndex>
			<X>0.280000001</X>
			<Y>0</Y>
			<Z>-0.579999745</Z>
			<Pitch>0</Pitch>
			<Roll>0</Roll>
			<Yaw>179.999985</Yaw>
		</Attachment>
	</Placement>
	<Placement>
		<ModelHash>0x8df1ec48</ModelHash>
		<Type>3</Type>
		<Dynamic>false</Dynamic>
		<HashName>p_ing_skiprope_01</HashName>
		<InitialHandle>757764</InitialHandle>
		<ObjectProperties>
			<TextureVariation>255</TextureVariation>
		</ObjectProperties>
		<OpacityLevel>255</OpacityLevel>
		<LodDistance>16960</LodDistance>
		<IsVisible>true</IsVisible>
		<MaxHealth>1000</MaxHealth>
		<Health>1000</Health>
		<IsOnFire>false</IsOnFire>
		<IsInvincible>false</IsInvincible>
		<IsBulletProof>false</IsBulletProof>
		<IsCollisionProof>false</IsCollisionProof>
		<IsExplosionProof>false</IsExplosionProof>
		<IsFireProof>false</IsFireProof>
		<IsMeleeProof>false</IsMeleeProof>
		<IsOnlyDamagedByPlayer>false</IsOnlyDamagedByPlayer>
		<PositionRotation>
			<X>-1216.51111</X>
			<Y>-1576.06458</Y>
			<Z>4.4476819</Z>
			<Pitch>0</Pitch>
			<Roll>0</Roll>
			<Yaw>36.7480431</Yaw>
		</PositionRotation>
		<Attachment isAttached="true">
			<AttachedTo>169735</AttachedTo>
			<BoneIndex>0</BoneIndex>
			<X>-0.270018548</X>
			<Y>2.75999403</Y>
			<Z>0.300000191</Z>
			<Pitch>0</Pitch>
			<Roll>0</Roll>
			<Yaw>89.9999924</Yaw>
		</Attachment>
	</Placement>
	<Placement>
		<ModelHash>0x8df1ec48</ModelHash>
		<Type>3</Type>
		<Dynamic>false</Dynamic>
		<HashName>p_ing_skiprope_01</HashName>
		<InitialHandle>776708</InitialHandle>
		<ObjectProperties>
			<TextureVariation>255</TextureVariation>
		</ObjectProperties>
		<OpacityLevel>255</OpacityLevel>
		<LodDistance>16960</LodDistance>
		<IsVisible>true</IsVisible>
		<MaxHealth>1000</MaxHealth>
		<Health>1000</Health>
		<IsOnFire>false</IsOnFire>
		<IsInvincible>false</IsInvincible>
		<IsBulletProof>false</IsBulletProof>
		<IsCollisionProof>false</IsCollisionProof>
		<IsExplosionProof>false</IsExplosionProof>
		<IsFireProof>false</IsFireProof>
		<IsMeleeProof>false</IsMeleeProof>
		<IsOnlyDamagedByPlayer>false</IsOnlyDamagedByPlayer>
		<PositionRotation>
			<X>-1214.26758</X>
			<Y>-1574.38928</Y>
			<Z>4.4476819</Z>
			<Pitch>0</Pitch>
			<Roll>0</Roll>
			<Yaw>36.7480316</Yaw>
		</PositionRotation>
		<Attachment isAttached="true">
			<AttachedTo>169735</AttachedTo>
			<BoneIndex>0</BoneIndex>
			<X>-0.27005434</X>
			<Y>5.55997896</Y>
			<Z>0.300000191</Z>
			<Pitch>0</Pitch>
			<Roll>0</Roll>
			<Yaw>89.9999847</Yaw>
		</Attachment>
	</Placement>
	<Placement>
		<ModelHash>0xa346ca47</ModelHash>
		<Type>3</Type>
		<Dynamic>false</Dynamic>
		<HashName>prop_fnclink_06gatepost</HashName>
		<InitialHandle>21765</InitialHandle>
		<ObjectProperties>
			<TextureVariation>255</TextureVariation>
		</ObjectProperties>
		<OpacityLevel>255</OpacityLevel>
		<LodDistance>16960</LodDistance>
		<IsVisible>true</IsVisible>
		<MaxHealth>1000</MaxHealth>
		<Health>1000</Health>
		<IsOnFire>false</IsOnFire>
		<IsInvincible>false</IsInvincible>
		<IsBulletProof>false</IsBulletProof>
		<IsCollisionProof>false</IsCollisionProof>
		<IsExplosionProof>false</IsExplosionProof>
		<IsFireProof>false</IsFireProof>
		<IsMeleeProof>false</IsMeleeProof>
		<IsOnlyDamagedByPlayer>false</IsOnlyDamagedByPlayer>
		<PositionRotation>
			<X>-1214.19336</X>
			<Y>-1574.37158</Y>
			<Z>3.54768181</Z>
			<Pitch>-0</Pitch>
			<Roll>-0</Roll>
			<Yaw>-53.2519417</Yaw>
		</PositionRotation>
		<Attachment isAttached="true">
			<AttachedTo>169735</AttachedTo>
			<BoneIndex>0</BoneIndex>
			<X>-0.239941955</X>
			<Y>5.63000011</Y>
			<Z>-0.599999905</Z>
			<Pitch>0</Pitch>
			<Roll>0</Roll>
			<Yaw>0</Yaw>
		</Attachment>
	</Placement>
	<Placement>
		<ModelHash>0xa346ca47</ModelHash>
		<Type>3</Type>
		<Dynamic>false</Dynamic>
		<HashName>prop_fnclink_06gatepost</HashName>
		<InitialHandle>47109</InitialHandle>
		<ObjectProperties>
			<TextureVariation>255</TextureVariation>
		</ObjectProperties>
		<OpacityLevel>255</OpacityLevel>
		<LodDistance>16960</LodDistance>
		<IsVisible>true</IsVisible>
		<MaxHealth>1000</MaxHealth>
		<Health>1000</Health>
		<IsOnFire>false</IsOnFire>
		<IsInvincible>false</IsInvincible>
		<IsBulletProof>false</IsBulletProof>
		<IsCollisionProof>false</IsCollisionProof>
		<IsExplosionProof>false</IsExplosionProof>
		<IsFireProof>false</IsFireProof>
		<IsMeleeProof>false</IsMeleeProof>
		<IsOnlyDamagedByPlayer>false</IsOnlyDamagedByPlayer>
		<PositionRotation>
			<X>-1210.83911</X>
			<Y>-1578.88074</Y>
			<Z>3.54768157</Z>
			<Pitch>0</Pitch>
			<Roll>-0</Roll>
			<Yaw>126.748001</Yaw>
		</PositionRotation>
		<Attachment isAttached="true">
			<AttachedTo>752900</AttachedTo>
			<BoneIndex>0</BoneIndex>
			<X>0</X>
			<Y>-5.61999989</Y>
			<Z>-0.00500000035</Z>
			<Pitch>0</Pitch>
			<Roll>0</Roll>
			<Yaw>-1.52587891e-005</Yaw>
		</Attachment>
	</Placement>
	<Placement>
		<ModelHash>0x8df1ec48</ModelHash>
		<Type>3</Type>
		<Dynamic>false</Dynamic>
		<HashName>p_ing_skiprope_01</HashName>
		<InitialHandle>770308</InitialHandle>
		<ObjectProperties>
			<TextureVariation>255</TextureVariation>
		</ObjectProperties>
		<OpacityLevel>255</OpacityLevel>
		<LodDistance>16960</LodDistance>
		<IsVisible>true</IsVisible>
		<MaxHealth>1000</MaxHealth>
		<Health>1000</Health>
		<IsOnFire>false</IsOnFire>
		<IsInvincible>false</IsInvincible>
		<IsBulletProof>false</IsBulletProof>
		<IsCollisionProof>false</IsCollisionProof>
		<IsExplosionProof>false</IsExplosionProof>
		<IsFireProof>false</IsFireProof>
		<IsMeleeProof>false</IsMeleeProof>
		<IsOnlyDamagedByPlayer>false</IsOnlyDamagedByPlayer>
		<PositionRotation>
			<X>-1213.11877</X>
			<Y>-1580.60779</Y>
			<Z>4.4476819</Z>
			<Pitch>0</Pitch>
			<Roll>0</Roll>
			<Yaw>36.7480316</Yaw>
		</PositionRotation>
		<Attachment isAttached="true">
			<AttachedTo>169735</AttachedTo>
			<BoneIndex>0</BoneIndex>
			<X>5.39994192</X>
			<Y>2.75997877</Y>
			<Z>0.300000191</Z>
			<Pitch>0</Pitch>
			<Roll>0</Roll>
			<Yaw>89.9999847</Yaw>
		</Attachment>
	</Placement>
	<Placement>
		<ModelHash>0x8df1ec48</ModelHash>
		<Type>3</Type>
		<Dynamic>false</Dynamic>
		<HashName>p_ing_skiprope_01</HashName>
		<InitialHandle>77573</InitialHandle>
		<ObjectProperties>
			<TextureVariation>255</TextureVariation>
		</ObjectProperties>
		<OpacityLevel>255</OpacityLevel>
		<LodDistance>16960</LodDistance>
		<IsVisible>true</IsVisible>
		<MaxHealth>1000</MaxHealth>
		<Health>1000</Health>
		<IsOnFire>false</IsOnFire>
		<IsInvincible>false</IsInvincible>
		<IsBulletProof>false</IsBulletProof>
		<IsCollisionProof>false</IsCollisionProof>
		<IsExplosionProof>false</IsExplosionProof>
		<IsFireProof>false</IsFireProof>
		<IsMeleeProof>false</IsMeleeProof>
		<IsOnlyDamagedByPlayer>false</IsOnlyDamagedByPlayer>
		<PositionRotation>
			<X>-1210.87524</X>
			<Y>-1578.9325</Y>
			<Z>4.4476819</Z>
			<Pitch>0</Pitch>
			<Roll>0</Roll>
			<Yaw>36.7480164</Yaw>
		</PositionRotation>
		<Attachment isAttached="true">
			<AttachedTo>169735</AttachedTo>
			<BoneIndex>0</BoneIndex>
			<X>5.39987135</X>
			<Y>5.55998516</Y>
			<Z>0.300000191</Z>
			<Pitch>0</Pitch>
			<Roll>0</Roll>
			<Yaw>89.9999695</Yaw>
		</Attachment>
	</Placement>
	<Placement>
		<ModelHash>0x8df1ec48</ModelHash>
		<Type>3</Type>
		<Dynamic>false</Dynamic>
		<HashName>p_ing_skiprope_01</HashName>
		<InitialHandle>52485</InitialHandle>
		<ObjectProperties>
			<TextureVariation>255</TextureVariation>
		</ObjectProperties>
		<OpacityLevel>255</OpacityLevel>
		<LodDistance>16960</LodDistance>
		<IsVisible>true</IsVisible>
		<MaxHealth>1000</MaxHealth>
		<Health>1000</Health>
		<IsOnFire>false</IsOnFire>
		<IsInvincible>false</IsInvincible>
		<IsBulletProof>false</IsBulletProof>
		<IsCollisionProof>false</IsCollisionProof>
		<IsExplosionProof>false</IsExplosionProof>
		<IsFireProof>false</IsFireProof>
		<IsMeleeProof>false</IsMeleeProof>
		<IsOnlyDamagedByPlayer>false</IsOnlyDamagedByPlayer>
		<PositionRotation>
			<X>-1212.56213</X>
			<Y>-1576.573</Y>
			<Z>4.44268179</Z>
			<Pitch>-0</Pitch>
			<Roll>-0</Roll>
			<Yaw>-53.2519417</Yaw>
		</PositionRotation>
		<Attachment isAttached="true">
			<AttachedTo>169735</AttachedTo>
			<BoneIndex>0</BoneIndex>
			<X>2.4999814</X>
			<Y>5.6199913</Y>
			<Z>0.295000136</Z>
			<Pitch>0</Pitch>
			<Roll>0</Roll>
			<Yaw>0</Yaw>
		</Attachment>
	</Placement>
	<Placement>
		<ModelHash>0x8df1ec48</ModelHash>
		<Type>3</Type>
		<Dynamic>false</Dynamic>
		<HashName>p_ing_skiprope_01</HashName>
		<InitialHandle>75781</InitialHandle>
		<ObjectProperties>
			<TextureVariation>255</TextureVariation>
		</ObjectProperties>
		<OpacityLevel>255</OpacityLevel>
		<LodDistance>16960</LodDistance>
		<IsVisible>true</IsVisible>
		<MaxHealth>1000</MaxHealth>
		<Health>1000</Health>
		<IsOnFire>false</IsOnFire>
		<IsInvincible>false</IsInvincible>
		<IsBulletProof>false</IsBulletProof>
		<IsCollisionProof>false</IsCollisionProof>
		<IsExplosionProof>false</IsExplosionProof>
		<IsFireProof>false</IsFireProof>
		<IsMeleeProof>false</IsMeleeProof>
		<IsOnlyDamagedByPlayer>false</IsOnlyDamagedByPlayer>
		<PositionRotation>
			<X>-1210.88684</X>
			<Y>-1578.81653</Y>
			<Z>4.44168186</Z>
			<Pitch>-0</Pitch>
			<Roll>-0</Roll>
			<Yaw>-53.2519417</Yaw>
		</PositionRotation>
		<Attachment isAttached="true">
			<AttachedTo>169735</AttachedTo>
			<BoneIndex>0</BoneIndex>
			<X>5.29998732</X>
			<Y>5.62006187</Y>
			<Z>0.294000268</Z>
			<Pitch>0</Pitch>
			<Roll>0</Roll>
			<Yaw>0</Yaw>
		</Attachment>
	</Placement>
	<Placement>
		<ModelHash>0x8df1ec48</ModelHash>
		<Type>3</Type>
		<Dynamic>false</Dynamic>
		<HashName>p_ing_skiprope_01</HashName>
		<InitialHandle>739588</InitialHandle>
		<ObjectProperties>
			<TextureVariation>255</TextureVariation>
		</ObjectProperties>
		<OpacityLevel>255</OpacityLevel>
		<LodDistance>16960</LodDistance>
		<IsVisible>true</IsVisible>
		<MaxHealth>1000</MaxHealth>
		<Health>1000</Health>
		<IsOnFire>false</IsOnFire>
		<IsInvincible>false</IsInvincible>
		<IsBulletProof>false</IsBulletProof>
		<IsCollisionProof>false</IsCollisionProof>
		<IsExplosionProof>false</IsExplosionProof>
		<IsFireProof>false</IsFireProof>
		<IsMeleeProof>false</IsMeleeProof>
		<IsOnlyDamagedByPlayer>false</IsOnlyDamagedByPlayer>
		<PositionRotation>
			<X>-1216.51111</X>
			<Y>-1576.06458</Y>
			<Z>4.84768152</Z>
			<Pitch>0</Pitch>
			<Roll>0</Roll>
			<Yaw>36.7480431</Yaw>
		</PositionRotation>
		<Attachment isAttached="false" />
	</Placement>
	<Placement>
		<ModelHash>0x8df1ec48</ModelHash>
		<Type>3</Type>
		<Dynamic>false</Dynamic>
		<HashName>p_ing_skiprope_01</HashName>
		<InitialHandle>762372</InitialHandle>
		<ObjectProperties>
			<TextureVariation>255</TextureVariation>
		</ObjectProperties>
		<OpacityLevel>255</OpacityLevel>
		<LodDistance>16960</LodDistance>
		<IsVisible>true</IsVisible>
		<MaxHealth>1000</MaxHealth>
		<Health>1000</Health>
		<IsOnFire>false</IsOnFire>
		<IsInvincible>false</IsInvincible>
		<IsBulletProof>false</IsBulletProof>
		<IsCollisionProof>false</IsCollisionProof>
		<IsExplosionProof>false</IsExplosionProof>
		<IsFireProof>false</IsFireProof>
		<IsMeleeProof>false</IsMeleeProof>
		<IsOnlyDamagedByPlayer>false</IsOnlyDamagedByPlayer>
		<PositionRotation>
			<X>-1216.51111</X>
			<Y>-1576.06458</Y>
			<Z>5.24768114</Z>
			<Pitch>0</Pitch>
			<Roll>0</Roll>
			<Yaw>36.7480431</Yaw>
		</PositionRotation>
		<Attachment isAttached="false" />
	</Placement>
	<Placement>
		<ModelHash>0x8df1ec48</ModelHash>
		<Type>3</Type>
		<Dynamic>false</Dynamic>
		<HashName>p_ing_skiprope_01</HashName>
		<InitialHandle>48133</InitialHandle>
		<ObjectProperties>
			<TextureVariation>255</TextureVariation>
		</ObjectProperties>
		<OpacityLevel>255</OpacityLevel>
		<LodDistance>16960</LodDistance>
		<IsVisible>true</IsVisible>
		<MaxHealth>1000</MaxHealth>
		<Health>1000</Health>
		<IsOnFire>false</IsOnFire>
		<IsInvincible>false</IsInvincible>
		<IsBulletProof>false</IsBulletProof>
		<IsCollisionProof>false</IsCollisionProof>
		<IsExplosionProof>false</IsExplosionProof>
		<IsFireProof>false</IsFireProof>
		<IsMeleeProof>false</IsMeleeProof>
		<IsOnlyDamagedByPlayer>false</IsOnlyDamagedByPlayer>
		<PositionRotation>
			<X>-1214.26758</X>
			<Y>-1574.38928</Y>
			<Z>4.84768152</Z>
			<Pitch>0</Pitch>
			<Roll>0</Roll>
			<Yaw>36.7480087</Yaw>
		</PositionRotation>
		<Attachment isAttached="false" />
	</Placement>
	<Placement>
		<ModelHash>0x8df1ec48</ModelHash>
		<Type>3</Type>
		<Dynamic>false</Dynamic>
		<HashName>p_ing_skiprope_01</HashName>
		<InitialHandle>47365</InitialHandle>
		<ObjectProperties>
			<TextureVariation>255</TextureVariation>
		</ObjectProperties>
		<OpacityLevel>255</OpacityLevel>
		<LodDistance>16960</LodDistance>
		<IsVisible>true</IsVisible>
		<MaxHealth>1000</MaxHealth>
		<Health>1000</Health>
		<IsOnFire>false</IsOnFire>
		<IsInvincible>false</IsInvincible>
		<IsBulletProof>false</IsBulletProof>
		<IsCollisionProof>false</IsCollisionProof>
		<IsExplosionProof>false</IsExplosionProof>
		<IsFireProof>false</IsFireProof>
		<IsMeleeProof>false</IsMeleeProof>
		<IsOnlyDamagedByPlayer>false</IsOnlyDamagedByPlayer>
		<PositionRotation>
			<X>-1214.26758</X>
			<Y>-1574.38928</Y>
			<Z>5.24768114</Z>
			<Pitch>0</Pitch>
			<Roll>0</Roll>
			<Yaw>36.7480087</Yaw>
		</PositionRotation>
		<Attachment isAttached="false" />
	</Placement>
	<Placement>
		<ModelHash>0x8df1ec48</ModelHash>
		<Type>3</Type>
		<Dynamic>false</Dynamic>
		<HashName>p_ing_skiprope_01</HashName>
		<InitialHandle>539655</InitialHandle>
		<ObjectProperties>
			<TextureVariation>255</TextureVariation>
		</ObjectProperties>
		<OpacityLevel>255</OpacityLevel>
		<LodDistance>16960</LodDistance>
		<IsVisible>true</IsVisible>
		<MaxHealth>1000</MaxHealth>
		<Health>1000</Health>
		<IsOnFire>false</IsOnFire>
		<IsInvincible>false</IsInvincible>
		<IsBulletProof>false</IsBulletProof>
		<IsCollisionProof>false</IsCollisionProof>
		<IsExplosionProof>false</IsExplosionProof>
		<IsFireProof>false</IsFireProof>
		<IsMeleeProof>false</IsMeleeProof>
		<IsOnlyDamagedByPlayer>false</IsOnlyDamagedByPlayer>
		<PositionRotation>
			<X>-1213.11877</X>
			<Y>-1580.60779</Y>
			<Z>4.84768152</Z>
			<Pitch>0</Pitch>
			<Roll>0</Roll>
			<Yaw>36.7480087</Yaw>
		</PositionRotation>
		<Attachment isAttached="false" />
	</Placement>
	<Placement>
		<ModelHash>0x8df1ec48</ModelHash>
		<Type>3</Type>
		<Dynamic>false</Dynamic>
		<HashName>p_ing_skiprope_01</HashName>
		<InitialHandle>576264</InitialHandle>
		<ObjectProperties>
			<TextureVariation>255</TextureVariation>
		</ObjectProperties>
		<OpacityLevel>255</OpacityLevel>
		<LodDistance>16960</LodDistance>
		<IsVisible>true</IsVisible>
		<MaxHealth>1000</MaxHealth>
		<Health>1000</Health>
		<IsOnFire>false</IsOnFire>
		<IsInvincible>false</IsInvincible>
		<IsBulletProof>false</IsBulletProof>
		<IsCollisionProof>false</IsCollisionProof>
		<IsExplosionProof>false</IsExplosionProof>
		<IsFireProof>false</IsFireProof>
		<IsMeleeProof>false</IsMeleeProof>
		<IsOnlyDamagedByPlayer>false</IsOnlyDamagedByPlayer>
		<PositionRotation>
			<X>-1213.11877</X>
			<Y>-1580.60779</Y>
			<Z>5.24768114</Z>
			<Pitch>0</Pitch>
			<Roll>0</Roll>
			<Yaw>36.7480087</Yaw>
		</PositionRotation>
		<Attachment isAttached="false" />
	</Placement>
	<Placement>
		<ModelHash>0x8df1ec48</ModelHash>
		<Type>3</Type>
		<Dynamic>false</Dynamic>
		<HashName>p_ing_skiprope_01</HashName>
		<InitialHandle>400392</InitialHandle>
		<ObjectProperties>
			<TextureVariation>255</TextureVariation>
		</ObjectProperties>
		<OpacityLevel>255</OpacityLevel>
		<LodDistance>16960</LodDistance>
		<IsVisible>true</IsVisible>
		<MaxHealth>1000</MaxHealth>
		<Health>1000</Health>
		<IsOnFire>false</IsOnFire>
		<IsInvincible>false</IsInvincible>
		<IsBulletProof>false</IsBulletProof>
		<IsCollisionProof>false</IsCollisionProof>
		<IsExplosionProof>false</IsExplosionProof>
		<IsFireProof>false</IsFireProof>
		<IsMeleeProof>false</IsMeleeProof>
		<IsOnlyDamagedByPlayer>false</IsOnlyDamagedByPlayer>
		<PositionRotation>
			<X>-1210.88684</X>
			<Y>-1578.81653</Y>
			<Z>4.84168148</Z>
			<Pitch>0</Pitch>
			<Roll>0</Roll>
			<Yaw>-53.2519417</Yaw>
		</PositionRotation>
		<Attachment isAttached="false" />
	</Placement>
	<Placement>
		<ModelHash>0x8df1ec48</ModelHash>
		<Type>3</Type>
		<Dynamic>false</Dynamic>
		<HashName>p_ing_skiprope_01</HashName>
		<InitialHandle>729095</InitialHandle>
		<ObjectProperties>
			<TextureVariation>255</TextureVariation>
		</ObjectProperties>
		<OpacityLevel>255</OpacityLevel>
		<LodDistance>16960</LodDistance>
		<IsVisible>true</IsVisible>
		<MaxHealth>1000</MaxHealth>
		<Health>1000</Health>
		<IsOnFire>false</IsOnFire>
		<IsInvincible>false</IsInvincible>
		<IsBulletProof>false</IsBulletProof>
		<IsCollisionProof>false</IsCollisionProof>
		<IsExplosionProof>false</IsExplosionProof>
		<IsFireProof>false</IsFireProof>
		<IsMeleeProof>false</IsMeleeProof>
		<IsOnlyDamagedByPlayer>false</IsOnlyDamagedByPlayer>
		<PositionRotation>
			<X>-1210.88684</X>
			<Y>-1578.81653</Y>
			<Z>5.2416811</Z>
			<Pitch>0</Pitch>
			<Roll>0</Roll>
			<Yaw>-53.2519417</Yaw>
		</PositionRotation>
		<Attachment isAttached="false" />
	</Placement>
	<Placement>
		<ModelHash>0x8df1ec48</ModelHash>
		<Type>3</Type>
		<Dynamic>false</Dynamic>
		<HashName>p_ing_skiprope_01</HashName>
		<InitialHandle>545288</InitialHandle>
		<ObjectProperties>
			<TextureVariation>255</TextureVariation>
		</ObjectProperties>
		<OpacityLevel>255</OpacityLevel>
		<LodDistance>16960</LodDistance>
		<IsVisible>true</IsVisible>
		<MaxHealth>1000</MaxHealth>
		<Health>1000</Health>
		<IsOnFire>false</IsOnFire>
		<IsInvincible>false</IsInvincible>
		<IsBulletProof>false</IsBulletProof>
		<IsCollisionProof>false</IsCollisionProof>
		<IsExplosionProof>false</IsExplosionProof>
		<IsFireProof>false</IsFireProof>
		<IsMeleeProof>false</IsMeleeProof>
		<IsOnlyDamagedByPlayer>false</IsOnlyDamagedByPlayer>
		<PositionRotation>
			<X>-1210.87524</X>
			<Y>-1578.9325</Y>
			<Z>4.84768152</Z>
			<Pitch>0</Pitch>
			<Roll>0</Roll>
			<Yaw>36.7480087</Yaw>
		</PositionRotation>
		<Attachment isAttached="false" />
	</Placement>
	<Placement>
		<ModelHash>0x8df1ec48</ModelHash>
		<Type>3</Type>
		<Dynamic>false</Dynamic>
		<HashName>p_ing_skiprope_01</HashName>
		<InitialHandle>42504</InitialHandle>
		<ObjectProperties>
			<TextureVariation>255</TextureVariation>
		</ObjectProperties>
		<OpacityLevel>255</OpacityLevel>
		<LodDistance>16960</LodDistance>
		<IsVisible>true</IsVisible>
		<MaxHealth>1000</MaxHealth>
		<Health>1000</Health>
		<IsOnFire>false</IsOnFire>
		<IsInvincible>false</IsInvincible>
		<IsBulletProof>false</IsBulletProof>
		<IsCollisionProof>false</IsCollisionProof>
		<IsExplosionProof>false</IsExplosionProof>
		<IsFireProof>false</IsFireProof>
		<IsMeleeProof>false</IsMeleeProof>
		<IsOnlyDamagedByPlayer>false</IsOnlyDamagedByPlayer>
		<PositionRotation>
			<X>-1210.87524</X>
			<Y>-1578.9325</Y>
			<Z>5.24768114</Z>
			<Pitch>0</Pitch>
			<Roll>0</Roll>
			<Yaw>36.7480087</Yaw>
		</PositionRotation>
		<Attachment isAttached="false" />
	</Placement>
	<Placement>
		<ModelHash>0x8df1ec48</ModelHash>
		<Type>3</Type>
		<Dynamic>false</Dynamic>
		<HashName>p_ing_skiprope_01</HashName>
		<InitialHandle>192264</InitialHandle>
		<ObjectProperties>
			<TextureVariation>255</TextureVariation>
		</ObjectProperties>
		<OpacityLevel>255</OpacityLevel>
		<LodDistance>16960</LodDistance>
		<IsVisible>true</IsVisible>
		<MaxHealth>1000</MaxHealth>
		<Health>1000</Health>
		<IsOnFire>false</IsOnFire>
		<IsInvincible>false</IsInvincible>
		<IsBulletProof>false</IsBulletProof>
		<IsCollisionProof>false</IsCollisionProof>
		<IsExplosionProof>false</IsExplosionProof>
		<IsFireProof>false</IsFireProof>
		<IsMeleeProof>false</IsMeleeProof>
		<IsOnlyDamagedByPlayer>false</IsOnlyDamagedByPlayer>
		<PositionRotation>
			<X>-1212.56213</X>
			<Y>-1576.573</Y>
			<Z>4.84268141</Z>
			<Pitch>0</Pitch>
			<Roll>0</Roll>
			<Yaw>-53.2519417</Yaw>
		</PositionRotation>
		<Attachment isAttached="false" />
	</Placement>
	<Placement>
		<ModelHash>0x8df1ec48</ModelHash>
		<Type>3</Type>
		<Dynamic>false</Dynamic>
		<HashName>p_ing_skiprope_01</HashName>
		<InitialHandle>683016</InitialHandle>
		<ObjectProperties>
			<TextureVariation>255</TextureVariation>
		</ObjectProperties>
		<OpacityLevel>255</OpacityLevel>
		<LodDistance>16960</LodDistance>
		<IsVisible>true</IsVisible>
		<MaxHealth>1000</MaxHealth>
		<Health>1000</Health>
		<IsOnFire>false</IsOnFire>
		<IsInvincible>false</IsInvincible>
		<IsBulletProof>false</IsBulletProof>
		<IsCollisionProof>false</IsCollisionProof>
		<IsExplosionProof>false</IsExplosionProof>
		<IsFireProof>false</IsFireProof>
		<IsMeleeProof>false</IsMeleeProof>
		<IsOnlyDamagedByPlayer>false</IsOnlyDamagedByPlayer>
		<PositionRotation>
			<X>-1212.56213</X>
			<Y>-1576.573</Y>
			<Z>5.24268103</Z>
			<Pitch>0</Pitch>
			<Roll>0</Roll>
			<Yaw>-53.2519417</Yaw>
		</PositionRotation>
		<Attachment isAttached="false" />
	</Placement>
	<Placement>
		<ModelHash>0x6fa720a4</ModelHash>
		<Type>3</Type>
		<Dynamic>false</Dynamic>
		<HashName>p_clothtarp_down_s</HashName>
		<InitialHandle>768775</InitialHandle>
		<ObjectProperties>
			<TextureVariation>255</TextureVariation>
		</ObjectProperties>
		<OpacityLevel>255</OpacityLevel>
		<LodDistance>16960</LodDistance>
		<IsVisible>true</IsVisible>
		<MaxHealth>1000</MaxHealth>
		<Health>1000</Health>
		<IsOnFire>false</IsOnFire>
		<IsInvincible>false</IsInvincible>
		<IsBulletProof>false</IsBulletProof>
		<IsCollisionProof>false</IsCollisionProof>
		<IsExplosionProof>false</IsExplosionProof>
		<IsFireProof>false</IsFireProof>
		<IsMeleeProof>false</IsMeleeProof>
		<IsOnlyDamagedByPlayer>false</IsOnlyDamagedByPlayer>
		<PositionRotation>
			<X>-1211.77209</X>
			<Y>-1577.31348</Y>
			<Z>-0.455327511</Z>
			<Pitch>0.220000401</Pitch>
			<Roll>90.0000076</Roll>
			<Yaw>126.748062</Yaw>
		</PositionRotation>
		<Attachment isAttached="true">
			<AttachedTo>169735</AttachedTo>
			<BoneIndex>0</BoneIndex>
			<X>3.56599808</X>
			<Y>5.81000805</Y>
			<Z>-4.60300922</Z>
			<Pitch>0.220000342</Pitch>
			<Roll>90.0000076</Roll>
			<Yaw>180.000015</Yaw>
		</Attachment>
	</Placement>
	<Placement>
		<ModelHash>0x6fa720a4</ModelHash>
		<Type>3</Type>
		<Dynamic>false</Dynamic>
		<HashName>p_clothtarp_down_s</HashName>
		<InitialHandle>772103</InitialHandle>
		<ObjectProperties>
			<TextureVariation>255</TextureVariation>
		</ObjectProperties>
		<OpacityLevel>255</OpacityLevel>
		<LodDistance>16960</LodDistance>
		<IsVisible>true</IsVisible>
		<MaxHealth>1000</MaxHealth>
		<Health>1000</Health>
		<IsOnFire>false</IsOnFire>
		<IsInvincible>false</IsInvincible>
		<IsBulletProof>false</IsBulletProof>
		<IsCollisionProof>false</IsCollisionProof>
		<IsExplosionProof>false</IsExplosionProof>
		<IsFireProof>false</IsFireProof>
		<IsMeleeProof>false</IsMeleeProof>
		<IsOnlyDamagedByPlayer>false</IsOnlyDamagedByPlayer>
		<PositionRotation>
			<X>-1213.31531</X>
			<Y>-1575.25842</Y>
			<Z>-0.462300897</Z>
			<Pitch>0.219994962</Pitch>
			<Roll>90.0015411</Roll>
			<Yaw>126.348053</Yaw>
		</PositionRotation>
		<Attachment isAttached="true">
			<AttachedTo>768775</AttachedTo>
			<BoneIndex>0</BoneIndex>
			<X>0.00700000115</X>
			<Y>0.00700000115</Y>
			<Z>2.56999969</Z>
			<Pitch>0.400000125</Pitch>
			<Roll>0</Roll>
			<Yaw>0</Yaw>
		</Attachment>
	</Placement>
	<Placement>
		<ModelHash>0x6fa720a4</ModelHash>
		<Type>3</Type>
		<Dynamic>false</Dynamic>
		<HashName>p_clothtarp_down_s</HashName>
		<InitialHandle>429576</InitialHandle>
		<ObjectProperties>
			<TextureVariation>255</TextureVariation>
		</ObjectProperties>
		<OpacityLevel>255</OpacityLevel>
		<LodDistance>16960</LodDistance>
		<IsVisible>true</IsVisible>
		<MaxHealth>1000</MaxHealth>
		<Health>1000</Health>
		<IsOnFire>false</IsOnFire>
		<IsInvincible>false</IsInvincible>
		<IsBulletProof>false</IsBulletProof>
		<IsCollisionProof>false</IsCollisionProof>
		<IsExplosionProof>false</IsExplosionProof>
		<IsFireProof>false</IsFireProof>
		<IsMeleeProof>false</IsMeleeProof>
		<IsOnlyDamagedByPlayer>false</IsOnlyDamagedByPlayer>
		<PositionRotation>
			<X>-1218.03467</X>
			<Y>-1579.45618</Y>
			<Z>-0.442328453</Z>
			<Pitch>-0.499999821</Pitch>
			<Roll>90.0000076</Roll>
			<Yaw>-53.2519417</Yaw>
		</PositionRotation>
		<Attachment isAttached="false" />
	</Placement>
	<Placement>
		<ModelHash>0x6fa720a4</ModelHash>
		<Type>3</Type>
		<Dynamic>false</Dynamic>
		<HashName>p_clothtarp_down_s</HashName>
		<InitialHandle>4616</InitialHandle>
		<ObjectProperties>
			<TextureVariation>255</TextureVariation>
		</ObjectProperties>
		<OpacityLevel>255</OpacityLevel>
		<LodDistance>16960</LodDistance>
		<IsVisible>true</IsVisible>
		<MaxHealth>1000</MaxHealth>
		<Health>1000</Health>
		<IsOnFire>false</IsOnFire>
		<IsInvincible>false</IsInvincible>
		<IsBulletProof>false</IsBulletProof>
		<IsCollisionProof>false</IsCollisionProof>
		<IsExplosionProof>false</IsExplosionProof>
		<IsFireProof>false</IsFireProof>
		<IsMeleeProof>false</IsMeleeProof>
		<IsOnlyDamagedByPlayer>false</IsOnlyDamagedByPlayer>
		<PositionRotation>
			<X>-1216.49146</X>
			<Y>-1581.51135</Y>
			<Z>-0.449389577</Z>
			<Pitch>-0.49998787</Pitch>
			<Roll>89.9964905</Roll>
			<Yaw>-53.6519547</Yaw>
		</PositionRotation>
		<Attachment isAttached="false" />
	</Placement>
	<Placement>
		<ModelHash>0x6fa720a4</ModelHash>
		<Type>3</Type>
		<Dynamic>false</Dynamic>
		<HashName>p_clothtarp_down_s</HashName>
		<InitialHandle>113928</InitialHandle>
		<ObjectProperties>
			<TextureVariation>255</TextureVariation>
		</ObjectProperties>
		<OpacityLevel>255</OpacityLevel>
		<LodDistance>16960</LodDistance>
		<IsVisible>true</IsVisible>
		<MaxHealth>1000</MaxHealth>
		<Health>1000</Health>
		<IsOnFire>false</IsOnFire>
		<IsInvincible>false</IsInvincible>
		<IsBulletProof>false</IsBulletProof>
		<IsCollisionProof>false</IsCollisionProof>
		<IsExplosionProof>false</IsExplosionProof>
		<IsFireProof>false</IsFireProof>
		<IsMeleeProof>false</IsMeleeProof>
		<IsOnlyDamagedByPlayer>false</IsOnlyDamagedByPlayer>
		<PositionRotation>
			<X>-1216.34875</X>
			<Y>-1575.16711</Y>
			<Z>-0.433330059</Z>
			<Pitch>-0.500005186</Pitch>
			<Roll>90.0000076</Roll>
			<Yaw>-143.251831</Yaw>
		</PositionRotation>
		<Attachment isAttached="true">
			<AttachedTo>169735</AttachedTo>
			<BoneIndex>0</BoneIndex>
			<X>-0.891988277</X>
			<Y>3.42700148</Y>
			<Z>-4.58101177</Z>
			<Pitch>-0.5</Pitch>
			<Roll>90.0000076</Roll>
			<Yaw>270.000122</Yaw>
		</Attachment>
	</Placement>
	<Placement>
		<ModelHash>0x6fa720a4</ModelHash>
		<Type>3</Type>
		<Dynamic>false</Dynamic>
		<HashName>p_clothtarp_down_s</HashName>
		<InitialHandle>180744</InitialHandle>
		<ObjectProperties>
			<TextureVariation>255</TextureVariation>
		</ObjectProperties>
		<OpacityLevel>255</OpacityLevel>
		<LodDistance>16960</LodDistance>
		<IsVisible>true</IsVisible>
		<MaxHealth>1000</MaxHealth>
		<Health>1000</Health>
		<IsOnFire>false</IsOnFire>
		<IsInvincible>false</IsInvincible>
		<IsBulletProof>false</IsBulletProof>
		<IsCollisionProof>false</IsCollisionProof>
		<IsExplosionProof>false</IsExplosionProof>
		<IsFireProof>false</IsFireProof>
		<IsMeleeProof>false</IsMeleeProof>
		<IsOnlyDamagedByPlayer>false</IsOnlyDamagedByPlayer>
		<PositionRotation>
			<X>-1217.97839</X>
			<Y>-1576.38257</Y>
			<Z>-0.447321057</Z>
			<Pitch>-0.680005133</Pitch>
			<Roll>90.0000076</Roll>
			<Yaw>-143.251831</Yaw>
		</PositionRotation>
		<Attachment isAttached="true">
			<AttachedTo>113928</AttachedTo>
			<BoneIndex>0</BoneIndex>
			<X>0.0140000023</X>
			<Y>-0.000999996439</Y>
			<Z>2.03300166</Z>
			<Pitch>-1.20326877e-006</Pitch>
			<Roll>-1.3038516e-007</Roll>
			<Yaw>-0.179999828</Yaw>
		</Attachment>
	</Placement>
	<Placement>
		<ModelHash>0x6fa720a4</ModelHash>
		<Type>3</Type>
		<Dynamic>false</Dynamic>
		<HashName>p_clothtarp_down_s</HashName>
		<InitialHandle>504584</InitialHandle>
		<ObjectProperties>
			<TextureVariation>255</TextureVariation>
		</ObjectProperties>
		<OpacityLevel>255</OpacityLevel>
		<LodDistance>16960</LodDistance>
		<IsVisible>true</IsVisible>
		<MaxHealth>1000</MaxHealth>
		<Health>1000</Health>
		<IsOnFire>false</IsOnFire>
		<IsInvincible>false</IsInvincible>
		<IsBulletProof>false</IsBulletProof>
		<IsCollisionProof>false</IsCollisionProof>
		<IsExplosionProof>false</IsExplosionProof>
		<IsFireProof>false</IsFireProof>
		<IsMeleeProof>false</IsMeleeProof>
		<IsOnlyDamagedByPlayer>false</IsOnlyDamagedByPlayer>
		<PositionRotation>
			<X>-1213.41113</X>
			<Y>-1581.57007</Y>
			<Z>-0.452328682</Z>
			<Pitch>-0.499996722</Pitch>
			<Roll>90</Roll>
			<Yaw>36.2480659</Yaw>
		</PositionRotation>
		<Attachment isAttached="false" />
	</Placement>
	<Placement>
		<ModelHash>0x6fa720a4</ModelHash>
		<Type>3</Type>
		<Dynamic>false</Dynamic>
		<HashName>p_clothtarp_down_s</HashName>
		<InitialHandle>438024</InitialHandle>
		<ObjectProperties>
			<TextureVariation>255</TextureVariation>
		</ObjectProperties>
		<OpacityLevel>255</OpacityLevel>
		<LodDistance>16960</LodDistance>
		<IsVisible>true</IsVisible>
		<MaxHealth>1000</MaxHealth>
		<Health>1000</Health>
		<IsOnFire>false</IsOnFire>
		<IsInvincible>false</IsInvincible>
		<IsBulletProof>false</IsBulletProof>
		<IsCollisionProof>false</IsCollisionProof>
		<IsExplosionProof>false</IsExplosionProof>
		<IsFireProof>false</IsFireProof>
		<IsMeleeProof>false</IsMeleeProof>
		<IsOnlyDamagedByPlayer>false</IsOnlyDamagedByPlayer>
		<PositionRotation>
			<X>-1211.77087</X>
			<Y>-1580.3689</Y>
			<Z>-0.466319412</Z>
			<Pitch>-0.679996669</Pitch>
			<Roll>90</Roll>
			<Yaw>36.2480621</Yaw>
		</PositionRotation>
		<Attachment isAttached="false" />
	</Placement>
	<Placement>
		<ModelHash>0x2a5df4d5</ModelHash>
		<Type>3</Type>
		<Dynamic>false</Dynamic>
		<HashName>prop_fnc_omesh_01a</HashName>
		<InitialHandle>303112</InitialHandle>
		<ObjectProperties>
			<TextureVariation>255</TextureVariation>
		</ObjectProperties>
		<OpacityLevel>255</OpacityLevel>
		<LodDistance>16960</LodDistance>
		<IsVisible>false</IsVisible>
		<MaxHealth>1000</MaxHealth>
		<Health>915</Health>
		<IsOnFire>false</IsOnFire>
		<IsInvincible>false</IsInvincible>
		<IsBulletProof>false</IsBulletProof>
		<IsCollisionProof>false</IsCollisionProof>
		<IsExplosionProof>false</IsExplosionProof>
		<IsFireProof>false</IsFireProof>
		<IsMeleeProof>false</IsMeleeProof>
		<IsOnlyDamagedByPlayer>false</IsOnlyDamagedByPlayer>
		<PositionRotation>
			<X>-1216.52673</X>
			<Y>-1580.65662</Y>
			<Z>4.29768133</Z>
			<Pitch>-0</Pitch>
			<Roll>-0</Roll>
			<Yaw>-53.2519417</Yaw>
		</PositionRotation>
		<Attachment isAttached="true">
			<AttachedTo>165384</AttachedTo>
			<BoneIndex>0</BoneIndex>
			<X>3.63999867</X>
			<Y>0</Y>
			<Z>0</Z>
			<Pitch>0</Pitch>
			<Roll>0</Roll>
			<Yaw>0</Yaw>
		</Attachment>
	</Placement>
	<Placement>
		<ModelHash>0x1484b4f7</ModelHash>
		<Type>3</Type>
		<Dynamic>false</Dynamic>
		<HashName>prop_fnc_omesh_02a</HashName>
		<InitialHandle>165384</InitialHandle>
		<ObjectProperties>
			<TextureVariation>255</TextureVariation>
		</ObjectProperties>
		<OpacityLevel>255</OpacityLevel>
		<LodDistance>16960</LodDistance>
		<IsVisible>false</IsVisible>
		<MaxHealth>1000</MaxHealth>
		<Health>1000</Health>
		<IsOnFire>false</IsOnFire>
		<IsInvincible>false</IsInvincible>
		<IsBulletProof>false</IsBulletProof>
		<IsCollisionProof>false</IsCollisionProof>
		<IsExplosionProof>false</IsExplosionProof>
		<IsFireProof>false</IsFireProof>
		<IsMeleeProof>false</IsMeleeProof>
		<IsOnlyDamagedByPlayer>false</IsOnlyDamagedByPlayer>
		<PositionRotation>
			<X>-1218.70459</X>
			<Y>-1577.73999</Y>
			<Z>4.29768133</Z>
			<Pitch>-0</Pitch>
			<Roll>-0</Roll>
			<Yaw>-53.2519417</Yaw>
		</PositionRotation>
		<Attachment isAttached="true">
			<AttachedTo>156677</AttachedTo>
			<BoneIndex>0</BoneIndex>
			<X>0</X>
			<Y>0</Y>
			<Z>0.749999642</Z>
			<Pitch>0</Pitch>
			<Roll>0</Roll>
			<Yaw>0</Yaw>
		</Attachment>
	</Placement>
	<Placement>
		<ModelHash>0x1484b4f7</ModelHash>
		<Type>3</Type>
		<Dynamic>false</Dynamic>
		<HashName>prop_fnc_omesh_02a</HashName>
		<InitialHandle>122376</InitialHandle>
		<ObjectProperties>
			<TextureVariation>255</TextureVariation>
		</ObjectProperties>
		<OpacityLevel>255</OpacityLevel>
		<LodDistance>16960</LodDistance>
		<IsVisible>false</IsVisible>
		<MaxHealth>1000</MaxHealth>
		<Health>1000</Health>
		<IsOnFire>false</IsOnFire>
		<IsInvincible>false</IsInvincible>
		<IsBulletProof>false</IsBulletProof>
		<IsCollisionProof>false</IsCollisionProof>
		<IsExplosionProof>false</IsExplosionProof>
		<IsFireProof>false</IsFireProof>
		<IsMeleeProof>false</IsMeleeProof>
		<IsOnlyDamagedByPlayer>false</IsOnlyDamagedByPlayer>
		<PositionRotation>
			<X>-1215.33826</X>
			<Y>-1582.21521</Y>
			<Z>4.29268169</Z>
			<Pitch>0</Pitch>
			<Roll>0</Roll>
			<Yaw>36.7480354</Yaw>
		</PositionRotation>
		<Attachment isAttached="true">
			<AttachedTo>752900</AttachedTo>
			<BoneIndex>0</BoneIndex>
			<X>0.0200000033</X>
			<Y>-0.0200000033</Y>
			<Z>0.740000069</Z>
			<Pitch>0</Pitch>
			<Roll>0</Roll>
			<Yaw>-90.0000076</Yaw>
		</Attachment>
	</Placement>
	<Placement>
		<ModelHash>0x2a5df4d5</ModelHash>
		<Type>3</Type>
		<Dynamic>false</Dynamic>
		<HashName>prop_fnc_omesh_01a</HashName>
		<InitialHandle>409608</InitialHandle>
		<ObjectProperties>
			<TextureVariation>255</TextureVariation>
		</ObjectProperties>
		<OpacityLevel>255</OpacityLevel>
		<LodDistance>16960</LodDistance>
		<IsVisible>false</IsVisible>
		<MaxHealth>1000</MaxHealth>
		<Health>915</Health>
		<IsOnFire>false</IsOnFire>
		<IsInvincible>false</IsInvincible>
		<IsBulletProof>false</IsBulletProof>
		<IsCollisionProof>false</IsCollisionProof>
		<IsExplosionProof>false</IsExplosionProof>
		<IsFireProof>false</IsFireProof>
		<IsMeleeProof>false</IsMeleeProof>
		<IsOnlyDamagedByPlayer>false</IsOnlyDamagedByPlayer>
		<PositionRotation>
			<X>-1212.45361</X>
			<Y>-1580.0614</Y>
			<Z>4.29268169</Z>
			<Pitch>0</Pitch>
			<Roll>0</Roll>
			<Yaw>36.7480354</Yaw>
		</PositionRotation>
		<Attachment isAttached="true">
			<AttachedTo>122376</AttachedTo>
			<BoneIndex>0</BoneIndex>
			<X>3.59999871</X>
			<Y>0</Y>
			<Z>0</Z>
			<Pitch>0</Pitch>
			<Roll>0</Roll>
			<Yaw>0</Yaw>
		</Attachment>
	</Placement>
	<Placement>
		<ModelHash>0x1484b4f7</ModelHash>
		<Type>3</Type>
		<Dynamic>false</Dynamic>
		<HashName>prop_fnc_omesh_02a</HashName>
		<InitialHandle>358664</InitialHandle>
		<ObjectProperties>
			<TextureVariation>255</TextureVariation>
		</ObjectProperties>
		<OpacityLevel>255</OpacityLevel>
		<LodDistance>16960</LodDistance>
		<IsVisible>false</IsVisible>
		<MaxHealth>1000</MaxHealth>
		<Health>1000</Health>
		<IsOnFire>false</IsOnFire>
		<IsInvincible>false</IsInvincible>
		<IsBulletProof>false</IsBulletProof>
		<IsCollisionProof>false</IsCollisionProof>
		<IsExplosionProof>false</IsExplosionProof>
		<IsFireProof>false</IsFireProof>
		<IsMeleeProof>false</IsMeleeProof>
		<IsOnlyDamagedByPlayer>false</IsOnlyDamagedByPlayer>
		<PositionRotation>
			<X>-1210.88513</X>
			<Y>-1578.90259</Y>
			<Z>4.29768133</Z>
			<Pitch>0</Pitch>
			<Roll>-0</Roll>
			<Yaw>126.748001</Yaw>
		</PositionRotation>
		<Attachment isAttached="true">
			<AttachedTo>47109</AttachedTo>
			<BoneIndex>0</BoneIndex>
			<X>0.0100000016</X>
			<Y>0.0500000082</Y>
			<Z>0.749999642</Z>
			<Pitch>0</Pitch>
			<Roll>0</Roll>
			<Yaw>0</Yaw>
		</Attachment>
	</Placement>
	<Placement>
		<ModelHash>0x2a5df4d5</ModelHash>
		<Type>3</Type>
		<Dynamic>false</Dynamic>
		<HashName>prop_fnc_omesh_01a</HashName>
		<InitialHandle>331528</InitialHandle>
		<ObjectProperties>
			<TextureVariation>255</TextureVariation>
		</ObjectProperties>
		<OpacityLevel>255</OpacityLevel>
		<LodDistance>16960</LodDistance>
		<IsVisible>false</IsVisible>
		<MaxHealth>1000</MaxHealth>
		<Health>915</Health>
		<IsOnFire>false</IsOnFire>
		<IsInvincible>false</IsInvincible>
		<IsBulletProof>false</IsBulletProof>
		<IsCollisionProof>false</IsCollisionProof>
		<IsExplosionProof>false</IsExplosionProof>
		<IsFireProof>false</IsFireProof>
		<IsMeleeProof>false</IsMeleeProof>
		<IsOnlyDamagedByPlayer>false</IsOnlyDamagedByPlayer>
		<PositionRotation>
			<X>-1213.07495</X>
			<Y>-1575.96997</Y>
			<Z>4.29768133</Z>
			<Pitch>0</Pitch>
			<Roll>-0</Roll>
			<Yaw>126.748001</Yaw>
		</PositionRotation>
		<Attachment isAttached="true">
			<AttachedTo>358664</AttachedTo>
			<BoneIndex>0</BoneIndex>
			<X>3.65999866</X>
			<Y>0</Y>
			<Z>0</Z>
			<Pitch>0</Pitch>
			<Roll>0</Roll>
			<Yaw>0</Yaw>
		</Attachment>
	</Placement>
	<Placement>
		<ModelHash>0x1484b4f7</ModelHash>
		<Type>3</Type>
		<Dynamic>false</Dynamic>
		<HashName>prop_fnc_omesh_02a</HashName>
		<InitialHandle>716552</InitialHandle>
		<ObjectProperties>
			<TextureVariation>255</TextureVariation>
		</ObjectProperties>
		<OpacityLevel>255</OpacityLevel>
		<LodDistance>16960</LodDistance>
		<IsVisible>false</IsVisible>
		<MaxHealth>1000</MaxHealth>
		<Health>1000</Health>
		<IsOnFire>false</IsOnFire>
		<IsInvincible>false</IsInvincible>
		<IsBulletProof>false</IsBulletProof>
		<IsCollisionProof>false</IsCollisionProof>
		<IsExplosionProof>false</IsExplosionProof>
		<IsFireProof>false</IsFireProof>
		<IsMeleeProof>false</IsMeleeProof>
		<IsOnlyDamagedByPlayer>false</IsOnlyDamagedByPlayer>
		<PositionRotation>
			<X>-1214.2135</X>
			<Y>-1574.4115</Y>
			<Z>4.28768158</Z>
			<Pitch>0</Pitch>
			<Roll>-0</Roll>
			<Yaw>-143.251938</Yaw>
		</PositionRotation>
		<Attachment isAttached="true">
			<AttachedTo>21765</AttachedTo>
			<BoneIndex>0</BoneIndex>
			<X>0.0200000033</X>
			<Y>-0.0400000066</Y>
			<Z>0.739999652</Z>
			<Pitch>0</Pitch>
			<Roll>0</Roll>
			<Yaw>-90.0000076</Yaw>
		</Attachment>
	</Placement>
	<Placement>
		<ModelHash>0x2a5df4d5</ModelHash>
		<Type>3</Type>
		<Dynamic>false</Dynamic>
		<HashName>prop_fnc_omesh_01a</HashName>
		<InitialHandle>646408</InitialHandle>
		<ObjectProperties>
			<TextureVariation>255</TextureVariation>
		</ObjectProperties>
		<OpacityLevel>255</OpacityLevel>
		<LodDistance>16960</LodDistance>
		<IsVisible>false</IsVisible>
		<MaxHealth>1000</MaxHealth>
		<Health>915</Health>
		<IsOnFire>false</IsOnFire>
		<IsInvincible>false</IsInvincible>
		<IsBulletProof>false</IsBulletProof>
		<IsCollisionProof>false</IsCollisionProof>
		<IsExplosionProof>false</IsExplosionProof>
		<IsFireProof>false</IsFireProof>
		<IsMeleeProof>false</IsMeleeProof>
		<IsOnlyDamagedByPlayer>false</IsOnlyDamagedByPlayer>
		<PositionRotation>
			<X>-1217.10608</X>
			<Y>-1576.57141</Y>
			<Z>4.28768158</Z>
			<Pitch>0</Pitch>
			<Roll>-0</Roll>
			<Yaw>-143.251938</Yaw>
		</PositionRotation>
		<Attachment isAttached="true">
			<AttachedTo>716552</AttachedTo>
			<BoneIndex>0</BoneIndex>
			<X>3.6099987</X>
			<Y>0</Y>
			<Z>0</Z>
			<Pitch>0</Pitch>
			<Roll>0</Roll>
			<Yaw>0</Yaw>
		</Attachment>
	</Placement>
	<Placement>
		<ModelHash>0x2a8fddf3</ModelHash>
		<Type>3</Type>
		<Dynamic>false</Dynamic>
		<HashName>prop_air_terlight_01c</HashName>
		<InitialHandle>31240</InitialHandle>
		<ObjectProperties>
			<TextureVariation>255</TextureVariation>
		</ObjectProperties>
		<OpacityLevel>255</OpacityLevel>
		<LodDistance>16960</LodDistance>
		<IsVisible>true</IsVisible>
		<MaxHealth>1000</MaxHealth>
		<Health>1000</Health>
		<IsOnFire>false</IsOnFire>
		<IsInvincible>false</IsInvincible>
		<IsBulletProof>false</IsBulletProof>
		<IsCollisionProof>false</IsCollisionProof>
		<IsExplosionProof>false</IsExplosionProof>
		<IsFireProof>false</IsFireProof>
		<IsMeleeProof>false</IsMeleeProof>
		<IsOnlyDamagedByPlayer>false</IsOnlyDamagedByPlayer>
		<PositionRotation>
			<X>-1208.9104</X>
			<Y>-1580.83643</Y>
			<Z>3.17628241</Z>
			<Pitch>0</Pitch>
			<Roll>0</Roll>
			<Yaw>72.0278549</Yaw>
		</PositionRotation>
		<Attachment isAttached="false" />
	</Placement>
	<Placement>
		<ModelHash>0x2a8fddf3</ModelHash>
		<Type>3</Type>
		<Dynamic>false</Dynamic>
		<HashName>prop_air_terlight_01c</HashName>
		<InitialHandle>121351</InitialHandle>
		<ObjectProperties>
			<TextureVariation>255</TextureVariation>
		</ObjectProperties>
		<OpacityLevel>255</OpacityLevel>
		<LodDistance>16960</LodDistance>
		<IsVisible>true</IsVisible>
		<MaxHealth>1000</MaxHealth>
		<Health>1000</Health>
		<IsOnFire>false</IsOnFire>
		<IsInvincible>false</IsInvincible>
		<IsBulletProof>false</IsBulletProof>
		<IsCollisionProof>false</IsCollisionProof>
		<IsExplosionProof>false</IsExplosionProof>
		<IsFireProof>false</IsFireProof>
		<IsMeleeProof>false</IsMeleeProof>
		<IsOnlyDamagedByPlayer>false</IsOnlyDamagedByPlayer>
		<PositionRotation>
			<X>-1215.1106</X>
			<Y>-1572.13635</Y>
			<Z>3.17628241</Z>
			<Pitch>0</Pitch>
			<Roll>-0</Roll>
			<Yaw>163.027679</Yaw>
		</PositionRotation>
		<Attachment isAttached="false" />
	</Placement>
	<Placement>
		<ModelHash>0x705e61f2</ModelHash>
		<Type>1</Type>
		<Dynamic>true</Dynamic>
		<HashName>Freemode Male</HashName>
		<InitialHandle>220424</InitialHandle>
		<TaskSequence>
			<Task>
				<Type>12</Type>
				<Duration>-1884902888</Duration>
				<KeepTaskRunningAfterTime>0</KeepTaskRunningAfterTime>
				<IsLoopedTask>false</IsLoopedTask>
				<TargetInitHandle>547592</TargetInitHandle>
			</Task>
		</TaskSequence>
		<PedProperties>
			<IsStill>true</IsStill>
			<CanRagdoll>true</CanRagdoll>
			<HasShortHeight>false</HasShortHeight>
			<CurrentWeapon>0xdd5df8d9</CurrentWeapon>
			<PedProps>
				<_0>-1,-1</_0>
				<_1>-1,-1</_1>
				<_2>-1,-1</_2>
				<_3>-1,-1</_3>
				<_4>-1,-1</_4>
				<_5>-1,-1</_5>
				<_6>-1,-1</_6>
				<_7>-1,-1</_7>
				<_8>-1,-1</_8>
				<_9>-1,-1</_9>
			</PedProps>
			<PedComps>
				<_0>0,0</_0>
				<_1>15,2</_1>
				<_2>0,0</_2>
				<_3>31,0</_3>
				<_4>38,1</_4>
				<_5>0,0</_5>
				<_6>27,0</_6>
				<_7>0,0</_7>
				<_8>15,0</_8>
				<_9>0,0</_9>
				<_10>0,0</_10>
				<_11>65,1</_11>
			</PedComps>
			<HeadFeatures WasInArray="false">
				<ShapeAndSkinTone>
					<ShapeFatherId>104</ShapeFatherId>
					<ShapeMotherId>112</ShapeMotherId>
					<ShapeOverrideId>0</ShapeOverrideId>
					<ToneFatherId>32</ToneFatherId>
					<ToneMotherId>1</ToneMotherId>
					<ToneOverrideId>32</ToneOverrideId>
					<ShapeVal>1.40129846e-045</ShapeVal>
					<ToneVal>9.80908925e-044</ToneVal>
					<OverrideVal>4.59177481e-041</OverrideVal>
					<IsP>1</IsP>
				</ShapeAndSkinTone>
			</HeadFeatures>
			<DamagePacks>
				<xml:anonymous>Splashback_Torso_0</xml:anonymous>
				<xml:anonymous>SCR_TracySplash</xml:anonymous>
				<xml:anonymous>Car_Crash_Light</xml:anonymous>
				<xml:anonymous>Fall_Low</xml:anonymous>
			</DamagePacks>
			<RelationshipGroupAltered>false</RelationshipGroupAltered>
			<RelationshipGroup>0xfade4843</RelationshipGroup>
			<ScenarioActive>false</ScenarioActive>
			<AnimActive>false</AnimActive>
		</PedProperties>
		<OpacityLevel>255</OpacityLevel>
		<LodDistance>16960</LodDistance>
		<IsVisible>true</IsVisible>
		<MaxHealth>5000</MaxHealth>
		<Health>3500</Health>
		<IsOnFire>false</IsOnFire>
		<IsInvincible>false</IsInvincible>
		<IsBulletProof>false</IsBulletProof>
		<IsCollisionProof>false</IsCollisionProof>
		<IsExplosionProof>false</IsExplosionProof>
		<IsFireProof>false</IsFireProof>
		<IsMeleeProof>false</IsMeleeProof>
		<IsOnlyDamagedByPlayer>false</IsOnlyDamagedByPlayer>
		<PositionRotation>
			<X>-1218.03369</X>
			<Y>-1577.83948</Y>
			<Z>5.16767645</Z>
			<Pitch>0</Pitch>
			<Roll>-0</Roll>
			<Yaw>-95.994072</Yaw>
		</PositionRotation>
		<Attachment isAttached="false" />
	</Placement>
	<Placement>
		<ModelHash>0x705e61f2</ModelHash>
		<Type>1</Type>
		<Dynamic>true</Dynamic>
		<HashName>Freemode Male</HashName>
		<InitialHandle>547592</InitialHandle>
		<TaskSequence>
			<Task>
				<Type>12</Type>
				<Duration>-1884902888</Duration>
				<KeepTaskRunningAfterTime>0</KeepTaskRunningAfterTime>
				<IsLoopedTask>false</IsLoopedTask>
				<TargetInitHandle>220424</TargetInitHandle>
			</Task>
		</TaskSequence>
		<PedProperties>
			<IsStill>true</IsStill>
			<CanRagdoll>true</CanRagdoll>
			<HasShortHeight>false</HasShortHeight>
			<CurrentWeapon>0xdfe37640</CurrentWeapon>
			<PedProps>
				<_0>-1,-1</_0>
				<_1>-1,-1</_1>
				<_2>-1,-1</_2>
				<_3>-1,-1</_3>
				<_4>-1,-1</_4>
				<_5>-1,-1</_5>
				<_6>-1,-1</_6>
				<_7>-1,-1</_7>
				<_8>-1,-1</_8>
				<_9>-1,-1</_9>
			</PedProps>
			<PedComps>
				<_0>0,0</_0>
				<_1>62,0</_1>
				<_2>0,0</_2>
				<_3>31,0</_3>
				<_4>10,0</_4>
				<_5>0,0</_5>
				<_6>10,0</_6>
				<_7>0,0</_7>
				<_8>15,0</_8>
				<_9>0,0</_9>
				<_10>0,0</_10>
				<_11>126,10</_11>
			</PedComps>
			<HeadFeatures WasInArray="false">
				<ShapeAndSkinTone>
					<ShapeFatherId>104</ShapeFatherId>
					<ShapeMotherId>112</ShapeMotherId>
					<ShapeOverrideId>0</ShapeOverrideId>
					<ToneFatherId>32</ToneFatherId>
					<ToneMotherId>1</ToneMotherId>
					<ToneOverrideId>160</ToneOverrideId>
					<ShapeVal>1.40129846e-045</ShapeVal>
					<ToneVal>9.80908925e-044</ToneVal>
					<OverrideVal>4.59177481e-041</OverrideVal>
					<IsP>1</IsP>
				</ShapeAndSkinTone>
			</HeadFeatures>
			<RelationshipGroupAltered>false</RelationshipGroupAltered>
			<RelationshipGroup>0xfade4843</RelationshipGroup>
			<ScenarioActive>false</ScenarioActive>
			<AnimActive>false</AnimActive>
		</PedProperties>
		<OpacityLevel>255</OpacityLevel>
		<LodDistance>16960</LodDistance>
		<IsVisible>true</IsVisible>
		<MaxHealth>5000</MaxHealth>
		<Health>3500</Health>
		<IsOnFire>false</IsOnFire>
		<IsInvincible>false</IsInvincible>
		<IsBulletProof>false</IsBulletProof>
		<IsCollisionProof>false</IsCollisionProof>
		<IsExplosionProof>false</IsExplosionProof>
		<IsFireProof>false</IsFireProof>
		<IsMeleeProof>false</IsMeleeProof>
		<IsOnlyDamagedByPlayer>false</IsOnlyDamagedByPlayer>
		<PositionRotation>
			<X>-1211.55884</X>
			<Y>-1578.91541</Y>
			<Z>5.1526866</Z>
			<Pitch>0</Pitch>
			<Roll>0</Roll>
			<Yaw>76.5624313</Yaw>
		</PositionRotation>
		<Attachment isAttached="false" />
	</Placement>
</SpoonerPlacements>
