<?xml version="1.0" encoding="ISO-8859-1"?>
<OutfitPedData>
	<ClearDecalOverlays>true</ClearDecalOverlays>
	<ModelHash>0x9c9effd8</ModelHash>
	<Type>1</Type>
	<Dynamic>true</Dynamic>
	<HashName>0x9c9effd8</HashName>
	<InitialHandle>714498</InitialHandle>
	<PedProperties>
		<IsStill>false</IsStill>
		<CanRagdoll>true</CanRagdoll>
		<HasShortHeight>false</HasShortHeight>
		<CurrentWeapon>0xa2719263</CurrentWeapon>
		<PedProps>
			<_0>14,0</_0>
			<_1>0,4</_1>
			<_2>-1,-1</_2>
			<_3>-1,-1</_3>
			<_4>-1,-1</_4>
			<_5>-1,-1</_5>
			<_6>-1,-1</_6>
			<_7>-1,-1</_7>
			<_8>-1,-1</_8>
			<_9>-1,-1</_9>
		</PedProps>
		<PedComps>
			<_0>0,0</_0>
			<_1>0,0</_1>
			<_2>-1,-1</_2>
			<_3>3,0</_3>
			<_4>11,10</_4>
			<_5>0,0</_5>
			<_6>30,0</_6>
			<_7>0,0</_7>
			<_8>3,0</_8>
			<_9>0,0</_9>
			<_10>0,0</_10>
			<_11>135,2</_11>
		</PedComps>
		<HeadFeatures WasInArray="false">
			<ShapeAndSkinTone>
				<ShapeFatherId>27</ShapeFatherId>
				<ShapeMotherId>6</ShapeMotherId>
				<ShapeOverrideId>0</ShapeOverrideId>
				<ToneFatherId>27</ToneFatherId>
				<ToneMotherId>6</ToneMotherId>
				<ToneOverrideId>0</ToneOverrideId>
				<ShapeVal>0.561387539</ShapeVal>
				<ToneVal>0.786750078</ToneVal>
				<OverrideVal>0</OverrideVal>
				<IsP>1</IsP>
			</ShapeAndSkinTone>
		</HeadFeatures>
		<RelationshipGroupAltered>false</RelationshipGroupAltered>
		<RelationshipGroup>0x3933433b</RelationshipGroup>
		<ScenarioActive>false</ScenarioActive>
		<AnimActive>false</AnimActive>
	</PedProperties>
	<OpacityLevel>255</OpacityLevel>
	<LodDistance>240</LodDistance>
	<IsVisible>true</IsVisible>
	<MaxHealth>274</MaxHealth>
	<Health>274</Health>
	<IsOnFire>false</IsOnFire>
	<IsInvincible>false</IsInvincible>
	<IsBulletProof>false</IsBulletProof>
	<IsCollisionProof>false</IsCollisionProof>
	<IsExplosionProof>false</IsExplosionProof>
	<IsFireProof>false</IsFireProof>
	<IsMeleeProof>false</IsMeleeProof>
	<IsOnlyDamagedByPlayer>false</IsOnlyDamagedByPlayer>
	<PositionRotation>
		<X>725.968445</X>
		<Y>-1194.07495</Y>
		<Z>24.2781925</Z>
		<Pitch>0</Pitch>
		<Roll>-0</Roll>
		<Yaw>179.97496</Yaw>
	</PositionRotation>
	<Attachment isAttached="false" />
	<SpoonerAttachments SetAttachmentsPersistentAndAddToSpoonerDatabase="false" />
</OutfitPedData>
