<?xml version="1.0" encoding="ISO-8859-1"?>
<OutfitPedData>
	<ModelHash>0x9c9effd8</ModelHash>
	<Type>1</Type>
	<Dynamic>true</Dynamic>
	<HashName></HashName>
	<InitialHandle>503051</InitialHandle>
	<PedProperties>
		<IsStill>false</IsStill>
		<HasShortHeight>0</HasShortHeight>
		<CurrentWeapon>0x13532244</CurrentWeapon>
		<PedProps>
			<_0>58,1</_0>
			<_1>9,2</_1>
			<_2>-1,-1</_2>
			<_3>-1,-1</_3>
			<_4>-1,-1</_4>
			<_5>-1,-1</_5>
			<_6>-1,-1</_6>
			<_7>-1,-1</_7>
			<_8>-1,-1</_8>
			<_9>-1,-1</_9>
		</PedProps>
		<PedComps>
			<_0>40,0</_0>
			<_1>0,0</_1>
			<_2>-1,-1</_2>
			<_3>62,0</_3>
			<_4>30,4</_4>
			<_5>0,0</_5>
			<_6>36,0</_6>
			<_7>0,0</_7>
			<_8>3,0</_8>
			<_9>17,1</_9>
			<_10>0,0</_10>
			<_11>89,0</_11>
		</PedComps>
		<HeadFeatures WasInArray="false">
			<ShapeAndSkinTone>
				<ShapeFatherId>31</ShapeFatherId>
				<ShapeMotherId>7</ShapeMotherId>
				<ShapeOverrideId>0</ShapeOverrideId>
				<ToneFatherId>31</ToneFatherId>
				<ToneMotherId>7</ToneMotherId>
				<ToneOverrideId>0</ToneOverrideId>
				<ShapeVal>0.0494117625</ShapeVal>
				<ToneVal>0</ToneVal>
				<OverrideVal>0</OverrideVal>
				<IsP>1</IsP>
			</ShapeAndSkinTone>
		</HeadFeatures>
		<RelationshipGroupAltered>false</RelationshipGroupAltered>
		<RelationshipGroup>0x04bfda51</RelationshipGroup>
		<ScenarioActive>false</ScenarioActive>
		<AnimActive>false</AnimActive>
	</PedProperties>
	<OpacityLevel>255</OpacityLevel>
	<LodDistance>240</LodDistance>
	<IsVisible>true</IsVisible>
	<Health>210</Health>
	<IsOnFire>false</IsOnFire>
	<IsInvincible>false</IsInvincible>
	<IsBulletProof>false</IsBulletProof>
	<IsCollisionProof>false</IsCollisionProof>
	<IsExplosionProof>false</IsExplosionProof>
	<IsFireProof>false</IsFireProof>
	<IsMeleeProof>false</IsMeleeProof>
	<IsOnlyDamagedByPlayer>false</IsOnlyDamagedByPlayer>
	<PositionRotation>
		<X>-2127.33008</X>
		<Y>2306.97925</Y>
		<Z>36.8428459</Z>
		<Pitch>-1.16790903</Pitch>
		<Roll>-2.58534908</Roll>
		<Yaw>90.4610138</Yaw>
	</PositionRotation>
	<Attachment isAttached="true">
		<AttachedTo>VEHICLE</AttachedTo>
		<BoneIndex>0</BoneIndex>
		<X>0</X>
		<Y>0</Y>
		<Z>0</Z>
		<Pitch>0</Pitch>
		<Roll>0</Roll>
		<Yaw>0</Yaw>
	</Attachment>
	<SpoonerAttachments SetAttachmentsPersistentAndAddToSpoonerDatabase="false" />
</OutfitPedData>
