<?xml version="1.0" encoding="ISO-8859-1"?>
<OutfitPedData>
	<ClearDecalOverlays>true</ClearDecalOverlays>
	<ModelHash>0x9c9effd8</ModelHash>
	<Type>1</Type>
	<Dynamic>true</Dynamic>
	<FrozenPos>false</FrozenPos>
	<HashName>0x9c9effd8</HashName>
	<InitialHandle>88074</InitialHandle>
	<PedProperties>
		<IsStill>false</IsStill>
		<CanRagdoll>true</CanRagdoll>
		<HasShortHeight>false</HasShortHeight>
		<Armour>0</Armour>
		<CurrentWeapon>0xa2719263</CurrentWeapon>
		<PedProps>
			<_0>111,17</_0>
			<_1>-1,-1</_1>
			<_2>-1,-1</_2>
			<_3>-1,-1</_3>
			<_4>-1,-1</_4>
			<_5>-1,-1</_5>
			<_6>-1,-1</_6>
			<_7>-1,-1</_7>
			<_8>-1,-1</_8>
			<_9>-1,-1</_9>
		</PedProps>
		<PedComps>
			<_0>0,0</_0>
			<_1>0,0</_1>
			<_2>-1,-1</_2>
			<_3>47,0</_3>
			<_4>30,0</_4>
			<_5>0,0</_5>
			<_6>24,0</_6>
			<_7>0,0</_7>
			<_8>14,0</_8>
			<_9>12,1</_9>
			<_10>0,0</_10>
			<_11>230,20</_11>
		</PedComps>
		<HeadFeatures WasInArray="false">
			<ShapeAndSkinTone>
				<ShapeFatherId>45</ShapeFatherId>
				<ShapeMotherId>12</ShapeMotherId>
				<ShapeOverrideId>0</ShapeOverrideId>
				<ToneFatherId>45</ToneFatherId>
				<ToneMotherId>12</ToneMotherId>
				<ToneOverrideId>0</ToneOverrideId>
				<ShapeVal>0.0494117625</ShapeVal>
				<ToneVal>0.625882328</ToneVal>
				<OverrideVal>0</OverrideVal>
				<IsP>1</IsP>
			</ShapeAndSkinTone>
		</HeadFeatures>
		<RelationshipGroupAltered>false</RelationshipGroupAltered>
		<RelationshipGroup>0xd9390344</RelationshipGroup>
		<ScenarioActive>false</ScenarioActive>
		<AnimActive>false</AnimActive>
	</PedProperties>
	<OpacityLevel>255</OpacityLevel>
	<LodDistance>88074</LodDistance>
	<IsVisible>true</IsVisible>
	<MaxHealth>328</MaxHealth>
	<Health>328</Health>
	<HasGravity>true</HasGravity>
	<IsOnFire>false</IsOnFire>
	<IsInvincible>false</IsInvincible>
	<IsBulletProof>false</IsBulletProof>
	<IsCollisionProof>false</IsCollisionProof>
	<IsExplosionProof>false</IsExplosionProof>
	<IsFireProof>false</IsFireProof>
	<IsMeleeProof>false</IsMeleeProof>
	<IsOnlyDamagedByPlayer>false</IsOnlyDamagedByPlayer>
	<PositionRotation>
		<X>227.168137</X>
		<Y>-997.225891</Y>
		<Z>-98.9999466</Z>
		<Pitch>-0.000173566135</Pitch>
		<Roll>-0.000423823018</Roll>
		<Yaw>-119.055489</Yaw>
	</PositionRotation>
	<Attachment isAttached="false" />
	<SpoonerAttachments SetAttachmentsPersistentAndAddToSpoonerDatabase="false" StartTaskSequencesOnLoad="true" />
</OutfitPedData>
