<?xml version="1.0" encoding="ISO-8859-1"?>
<OutfitPedData>
	<ClearDecalOverlays>true</ClearDecalOverlays>
	<ModelHash>0x9c9effd8</ModelHash>
	<Type>1</Type>
	<Dynamic>true</Dynamic>
	<FrozenPos>false</FrozenPos>
	<HashName>0x9c9effd8</HashName>
	<InitialHandle>90627</InitialHandle>
	<PedProperties>
		<IsStill>false</IsStill>
		<CanRagdoll>true</CanRagdoll>
		<HasShortHeight>false</HasShortHeight>
		<CurrentWeapon>0xa2719263</CurrentWeapon>
		<PedProps>
			<_0>-1,-1</_0>
			<_1>-1,-1</_1>
			<_2>-1,-1</_2>
			<_3>-1,-1</_3>
			<_4>-1,-1</_4>
			<_5>-1,-1</_5>
			<_6>-1,-1</_6>
			<_7>-1,-1</_7>
			<_8>-1,-1</_8>
			<_9>-1,-1</_9>
		</PedProps>
		<PedComps>
			<_0>0,0</_0>
			<_1>0,0</_1>
			<_2>-1,-1</_2>
			<_3>2,0</_3>
			<_4>3,7</_4>
			<_5>0,0</_5>
			<_6>16,11</_6>
			<_7>1,0</_7>
			<_8>3,0</_8>
			<_9>0,0</_9>
			<_10>0,0</_10>
			<_11>2,15</_11>
		</PedComps>
		<HeadFeatures WasInArray="false">
			<ShapeAndSkinTone>
				<ShapeFatherId>25</ShapeFatherId>
				<ShapeMotherId>18</ShapeMotherId>
				<ShapeOverrideId>0</ShapeOverrideId>
				<ToneFatherId>25</ToneFatherId>
				<ToneMotherId>18</ToneMotherId>
				<ToneOverrideId>0</ToneOverrideId>
				<ShapeVal>0.0954999998</ShapeVal>
				<ToneVal>0.289999992</ToneVal>
				<OverrideVal>0</OverrideVal>
				<IsP>1</IsP>
			</ShapeAndSkinTone>
		</HeadFeatures>
		<RelationshipGroupAltered>false</RelationshipGroupAltered>
		<RelationshipGroup>0xb99bc40e</RelationshipGroup>
		<ScenarioActive>false</ScenarioActive>
		<AnimActive>false</AnimActive>
	</PedProperties>
	<OpacityLevel>255</OpacityLevel>
	<LodDistance>240</LodDistance>
	<IsVisible>true</IsVisible>
	<MaxHealth>238</MaxHealth>
	<Health>238</Health>
	<HasGravity>true</HasGravity>
	<IsOnFire>false</IsOnFire>
	<IsInvincible>false</IsInvincible>
	<IsBulletProof>false</IsBulletProof>
	<IsCollisionProof>false</IsCollisionProof>
	<IsExplosionProof>false</IsExplosionProof>
	<IsFireProof>false</IsFireProof>
	<IsMeleeProof>false</IsMeleeProof>
	<IsOnlyDamagedByPlayer>false</IsOnlyDamagedByPlayer>
	<PositionRotation>
		<X>77.8588867</X>
		<Y>-1389.65137</Y>
		<Z>29.3761425</Z>
		<Pitch>0</Pitch>
		<Roll>-0</Roll>
		<Yaw>-152.218262</Yaw>
	</PositionRotation>
	<Attachment isAttached="false" />
	<SpoonerAttachments SetAttachmentsPersistentAndAddToSpoonerDatabase="false" StartTaskSequencesOnLoad="true" />
</OutfitPedData>
