<?xml version="1.0" encoding="ISO-8859-1"?>
<OutfitPedData>
	<ClearDecalOverlays>true</ClearDecalOverlays>
	<ModelHash>0x9c9effd8</ModelHash>
	<Type>1</Type>
	<Dynamic>true</Dynamic>
	<FrozenPos>false</FrozenPos>
	<HashName>0x9c9effd8</HashName>
	<InitialHandle>564226</InitialHandle>
	<PedProperties>
		<IsStill>false</IsStill>
		<CanRagdoll>true</CanRagdoll>
		<HasShortHeight>false</HasShortHeight>
		<CurrentWeapon>0xa2719263</CurrentWeapon>
		<PedProps>
			<_0>-1,-1</_0>
			<_1>-1,-1</_1>
			<_2>-1,-1</_2>
			<_3>-1,-1</_3>
			<_4>-1,-1</_4>
			<_5>-1,-1</_5>
			<_6>-1,-1</_6>
			<_7>-1,-1</_7>
			<_8>-1,-1</_8>
			<_9>-1,-1</_9>
		</PedProps>
		<PedComps>
			<_0>0,0</_0>
			<_1>91,3</_1>
			<_2>-1,-1</_2>
			<_3>49,0</_3>
			<_4>86,3</_4>
			<_5>0,0</_5>
			<_6>1,16</_6>
			<_7>0,0</_7>
			<_8>105,3</_8>
			<_9>0,0</_9>
			<_10>0,0</_10>
			<_11>188,3</_11>
		</PedComps>
		<HeadFeatures WasInArray="false">
			<ShapeAndSkinTone>
				<ShapeFatherId>0</ShapeFatherId>
				<ShapeMotherId>0</ShapeMotherId>
				<ShapeOverrideId>128</ShapeOverrideId>
				<ToneFatherId>-2046423728</ToneFatherId>
				<ToneMotherId>2</ToneMotherId>
				<ToneOverrideId>1782132192</ToneOverrideId>
				<ShapeVal>0</ShapeVal>
				<ToneVal>1.79366203e-43</ToneVal>
				<OverrideVal>0</OverrideVal>
				<IsP>0</IsP>
			</ShapeAndSkinTone>
		</HeadFeatures>
		<RelationshipGroupAltered>false</RelationshipGroupAltered>
		<RelationshipGroup>0x6f0783f5</RelationshipGroup>
		<ScenarioActive>false</ScenarioActive>
		<AnimActive>false</AnimActive>
	</PedProperties>
	<OpacityLevel>255</OpacityLevel>
	<LodDistance>240</LodDistance>
	<IsVisible>true</IsVisible>
	<MaxHealth>175</MaxHealth>
	<Health>175</Health>
	<HasGravity>true</HasGravity>
	<IsOnFire>false</IsOnFire>
	<IsInvincible>false</IsInvincible>
	<IsBulletProof>true</IsBulletProof>
	<IsCollisionProof>false</IsCollisionProof>
	<IsExplosionProof>true</IsExplosionProof>
	<IsFireProof>false</IsFireProof>
	<IsMeleeProof>true</IsMeleeProof>
	<IsOnlyDamagedByPlayer>false</IsOnlyDamagedByPlayer>
	<PositionRotation>
		<X>1691.55481</X>
		<Y>3252.82983</Y>
		<Z>40.8936234</Z>
		<Pitch>0</Pitch>
		<Roll>-0</Roll>
		<Yaw>75.017067</Yaw>
	</PositionRotation>
	<Attachment isAttached="false" />
	<SpoonerAttachments SetAttachmentsPersistentAndAddToSpoonerDatabase="false" StartTaskSequencesOnLoad="true" />
</OutfitPedData>
