<?xml version="1.0" encoding="ISO-8859-1"?>
<Vehicle menyoo_ver="0.9998b">
	<ModelHash>0x42f2ed16</ModelHash>
	<InitialHandle>697096</InitialHandle>
	<VehicleProperties>
		<Colours>
			<Primary>0</Primary>
			<Secondary>0</Secondary>
			<Pearl>10</Pearl>
			<Rim>156</Rim>
			<Mod1_a>6</Mod1_a>
			<Mod1_b>-1</Mod1_b>
			<Mod1_c>-1</Mod1_c>
			<Mod2_a>6</Mod2_a>
			<Mod2_b>-1</Mod2_b>
			<IsPrimaryColourCustom>false</IsPrimaryColourCustom>
			<IsSecondaryColourCustom>false</IsSecondaryColourCustom>
			<tyreSmoke_R>255</tyreSmoke_R>
			<tyreSmoke_G>255</tyreSmoke_G>
			<tyreSmoke_B>255</tyreSmoke_B>
			<LrInterior>0</LrInterior>
			<LrDashboard>0</LrDashboard>
		</Colours>
		<Livery>-1</Livery>
		<NumberPlateText>GAMBETTI</NumberPlateText>
		<NumberPlateIndex>1</NumberPlateIndex>
		<WheelType>7</WheelType>
		<WheelsInvisible>false</WheelsInvisible>
		<WindowTint>1</WindowTint>
		<BulletProofTyres>true</BulletProofTyres>
		<DirtLevel>3.00449276</DirtLevel>
		<PaintFade>0.223529428</PaintFade>
		<RoofState>0</RoofState>
		<SirenActive>false</SirenActive>
		<EngineOn>true</EngineOn>
		<EngineHealth>1000</EngineHealth>
		<LightsOn>true</LightsOn>
		<Neons>
			<Left>false</Left>
			<Right>false</Right>
			<Front>false</Front>
			<Back>false</Back>
			<R>255</R>
			<G>0</G>
			<B>255</B>
		</Neons>
		<ModExtras>
			<_12>false</_12>
		</ModExtras>
		<Mods>
			<_0>-1,0</_0>
			<_1>-1,0</_1>
			<_2>-1,0</_2>
			<_3>-1,0</_3>
			<_4>-1,0</_4>
			<_5>-1,0</_5>
			<_6>-1,0</_6>
			<_7>-1,0</_7>
			<_8>-1,0</_8>
			<_9>-1,0</_9>
			<_10>-1,0</_10>
			<_11>3,0</_11>
			<_12>2,0</_12>
			<_13>2,0</_13>
			<_14>-1,0</_14>
			<_15>3,0</_15>
			<_16>4,0</_16>
			<_17>false</_17>
			<_18>true</_18>
			<_19>false</_19>
			<_20>false</_20>
			<_21>false</_21>
			<_22>true</_22>
			<_23>23,0</_23>
			<_24>-1,0</_24>
			<_25>-1,0</_25>
			<_26>-1,0</_26>
			<_27>-1,0</_27>
			<_28>-1,0</_28>
			<_29>-1,0</_29>
			<_30>-1,0</_30>
			<_31>-1,0</_31>
			<_32>-1,0</_32>
			<_33>-1,0</_33>
			<_34>-1,0</_34>
			<_35>-1,0</_35>
			<_36>-1,0</_36>
			<_37>-1,0</_37>
			<_38>-1,0</_38>
			<_39>-1,0</_39>
			<_40>-1,0</_40>
			<_41>-1,0</_41>
			<_42>-1,0</_42>
			<_43>-1,0</_43>
			<_44>-1,0</_44>
			<_45>-1,0</_45>
			<_46>-1,0</_46>
			<_47>-1,0</_47>
			<_48>-1,0</_48>
		</Mods>
		<DoorsOpen>
			<BackLeftDoor>false</BackLeftDoor>
			<BackRightDoor>false</BackRightDoor>
			<FrontLeftDoor>false</FrontLeftDoor>
			<FrontRightDoor>false</FrontRightDoor>
			<Hood>false</Hood>
			<Trunk>false</Trunk>
			<Trunk2>false</Trunk2>
		</DoorsOpen>
		<DoorsBroken>
			<BackLeftDoor>false</BackLeftDoor>
			<BackRightDoor>false</BackRightDoor>
			<FrontLeftDoor>false</FrontLeftDoor>
			<FrontRightDoor>false</FrontRightDoor>
			<Hood>false</Hood>
			<Trunk>false</Trunk>
			<Trunk2>false</Trunk2>
		</DoorsBroken>
		<TyresBursted>
			<FrontLeft>false</FrontLeft>
			<FrontRight>false</FrontRight>
			<_2>false</_2>
			<_3>false</_3>
			<BackLeft>false</BackLeft>
			<BackRight>false</BackRight>
			<_6>false</_6>
			<_7>false</_7>
			<_8>false</_8>
		</TyresBursted>
		<RpmMultiplier>1</RpmMultiplier>
		<TorqueMultiplier>1</TorqueMultiplier>
		<HeadlightIntensity>1</HeadlightIntensity>
	</VehicleProperties>
	<OpacityLevel>255</OpacityLevel>
	<LodDistance>16960</LodDistance>
	<IsVisible>true</IsVisible>
	<IsDriverVisible>true</IsDriverVisible>
	<IsOnFire>false</IsOnFire>
	<IsInvincible>false</IsInvincible>
	<IsBulletProof>false</IsBulletProof>
	<IsExplosionProof>false</IsExplosionProof>
	<IsFireProof>true</IsFireProof>
	<IsMeleeProof>false</IsMeleeProof>
	<IsOnlyDamagedByPlayer>false</IsOnlyDamagedByPlayer>
	<SpoonerAttachments SetAttachmentsPersistentAndAddToSpoonerDatabase="false">
		<Attachment>
			<ModelHash>0xe8739c51</ModelHash>
			<Type>3</Type>
			<Dynamic>false</Dynamic>
			<HashName>hei_prop_hei_drug_pack_01b</HashName>
			<InitialHandle>717070</InitialHandle>
			<OpacityLevel>255</OpacityLevel>
			<LodDistance>16960</LodDistance>
			<IsVisible>true</IsVisible>
			<Health>1000</Health>
			<IsOnFire>false</IsOnFire>
			<IsInvincible>false</IsInvincible>
			<IsBulletProof>false</IsBulletProof>
			<IsCollisionProof>false</IsCollisionProof>
			<IsExplosionProof>false</IsExplosionProof>
			<IsFireProof>true</IsFireProof>
			<IsMeleeProof>false</IsMeleeProof>
			<IsOnlyDamagedByPlayer>false</IsOnlyDamagedByPlayer>
			<PositionRotation>
				<X>-113.797653</X>
				<Y>1004.75183</Y>
				<Z>235.438812</Z>
				<Pitch>-0.220700234</Pitch>
				<Roll>0.310384154</Roll>
				<Yaw>122.540771</Yaw>
			</PositionRotation>
			<Attachment isAttached="true">
				<AttachedTo>697096</AttachedTo>
				<BoneIndex>0</BoneIndex>
				<X>-0.489999861</X>
				<Y>-2.39999986</Y>
				<Z>0.150000006</Z>
				<Pitch>0</Pitch>
				<Roll>0</Roll>
				<Yaw>0</Yaw>
			</Attachment>
		</Attachment>
		<Attachment>
			<ModelHash>0xe8739c51</ModelHash>
			<Type>3</Type>
			<Dynamic>false</Dynamic>
			<HashName>hei_prop_hei_drug_pack_01b</HashName>
			<InitialHandle>742158</InitialHandle>
			<OpacityLevel>255</OpacityLevel>
			<LodDistance>16960</LodDistance>
			<IsVisible>true</IsVisible>
			<Health>1000</Health>
			<IsOnFire>false</IsOnFire>
			<IsInvincible>false</IsInvincible>
			<IsBulletProof>false</IsBulletProof>
			<IsCollisionProof>false</IsCollisionProof>
			<IsExplosionProof>false</IsExplosionProof>
			<IsFireProof>true</IsFireProof>
			<IsMeleeProof>false</IsMeleeProof>
			<IsOnlyDamagedByPlayer>false</IsOnlyDamagedByPlayer>
			<PositionRotation>
				<X>-114.061211</X>
				<Y>1005.16492</Y>
				<Z>235.436157</Z>
				<Pitch>-0.220700234</Pitch>
				<Roll>0.310384154</Roll>
				<Yaw>122.540771</Yaw>
			</PositionRotation>
			<Attachment isAttached="true">
				<AttachedTo>697096</AttachedTo>
				<BoneIndex>0</BoneIndex>
				<X>3.7252903e-009</X>
				<Y>-2.39999986</Y>
				<Z>0.150000006</Z>
				<Pitch>0</Pitch>
				<Roll>0</Roll>
				<Yaw>0</Yaw>
			</Attachment>
		</Attachment>
		<Attachment>
			<ModelHash>0xe8739c51</ModelHash>
			<Type>3</Type>
			<Dynamic>false</Dynamic>
			<HashName>hei_prop_hei_drug_pack_01b</HashName>
			<InitialHandle>188942</InitialHandle>
			<OpacityLevel>255</OpacityLevel>
			<LodDistance>16960</LodDistance>
			<IsVisible>true</IsVisible>
			<Health>1000</Health>
			<IsOnFire>false</IsOnFire>
			<IsInvincible>false</IsInvincible>
			<IsBulletProof>false</IsBulletProof>
			<IsCollisionProof>false</IsCollisionProof>
			<IsExplosionProof>false</IsExplosionProof>
			<IsFireProof>true</IsFireProof>
			<IsMeleeProof>false</IsMeleeProof>
			<IsOnlyDamagedByPlayer>false</IsOnlyDamagedByPlayer>
			<PositionRotation>
				<X>-114.324776</X>
				<Y>1005.578</Y>
				<Z>235.433502</Z>
				<Pitch>-0.220700234</Pitch>
				<Roll>0.310384154</Roll>
				<Yaw>122.540771</Yaw>
			</PositionRotation>
			<Attachment isAttached="true">
				<AttachedTo>697096</AttachedTo>
				<BoneIndex>0</BoneIndex>
				<X>0.48999989</X>
				<Y>-2.39999986</Y>
				<Z>0.150000006</Z>
				<Pitch>0</Pitch>
				<Roll>0</Roll>
				<Yaw>0</Yaw>
			</Attachment>
		</Attachment>
		<Attachment>
			<ModelHash>0xe8739c51</ModelHash>
			<Type>3</Type>
			<Dynamic>false</Dynamic>
			<HashName>hei_prop_hei_drug_pack_01b</HashName>
			<InitialHandle>656398</InitialHandle>
			<OpacityLevel>255</OpacityLevel>
			<LodDistance>16960</LodDistance>
			<IsVisible>true</IsVisible>
			<Health>1000</Health>
			<IsOnFire>false</IsOnFire>
			<IsInvincible>false</IsInvincible>
			<IsBulletProof>false</IsBulletProof>
			<IsCollisionProof>false</IsCollisionProof>
			<IsExplosionProof>false</IsExplosionProof>
			<IsFireProof>true</IsFireProof>
			<IsMeleeProof>false</IsMeleeProof>
			<IsOnlyDamagedByPlayer>false</IsOnlyDamagedByPlayer>
			<PositionRotation>
				<X>-113.610023</X>
				<Y>1004.97833</Y>
				<Z>235.439407</Z>
				<Pitch>-0.220700234</Pitch>
				<Roll>0.310384154</Roll>
				<Yaw>122.540771</Yaw>
			</PositionRotation>
			<Attachment isAttached="true">
				<AttachedTo>697096</AttachedTo>
				<BoneIndex>0</BoneIndex>
				<X>-0.399999946</X>
				<Y>-2.67999959</Y>
				<Z>0.150000006</Z>
				<Pitch>0</Pitch>
				<Roll>0</Roll>
				<Yaw>0</Yaw>
			</Attachment>
		</Attachment>
		<Attachment>
			<ModelHash>0xe8739c51</ModelHash>
			<Type>3</Type>
			<Dynamic>false</Dynamic>
			<HashName>hei_prop_hei_drug_pack_01b</HashName>
			<InitialHandle>9234</InitialHandle>
			<OpacityLevel>255</OpacityLevel>
			<LodDistance>16960</LodDistance>
			<IsVisible>true</IsVisible>
			<Health>1000</Health>
			<IsOnFire>false</IsOnFire>
			<IsInvincible>false</IsInvincible>
			<IsBulletProof>false</IsBulletProof>
			<IsCollisionProof>false</IsCollisionProof>
			<IsExplosionProof>false</IsExplosionProof>
			<IsFireProof>true</IsFireProof>
			<IsMeleeProof>false</IsMeleeProof>
			<IsOnlyDamagedByPlayer>false</IsOnlyDamagedByPlayer>
			<PositionRotation>
				<X>-113.825172</X>
				<Y>1005.31555</Y>
				<Z>235.437241</Z>
				<Pitch>-0.220700234</Pitch>
				<Roll>0.310384154</Roll>
				<Yaw>122.540771</Yaw>
			</PositionRotation>
			<Attachment isAttached="true">
				<AttachedTo>697096</AttachedTo>
				<BoneIndex>0</BoneIndex>
				<X>0</X>
				<Y>-2.67999959</Y>
				<Z>0.150000006</Z>
				<Pitch>0</Pitch>
				<Roll>0</Roll>
				<Yaw>0</Yaw>
			</Attachment>
		</Attachment>
		<Attachment>
			<ModelHash>0xe8739c51</ModelHash>
			<Type>3</Type>
			<Dynamic>false</Dynamic>
			<HashName>hei_prop_hei_drug_pack_01b</HashName>
			<InitialHandle>12561</InitialHandle>
			<OpacityLevel>255</OpacityLevel>
			<LodDistance>16960</LodDistance>
			<IsVisible>true</IsVisible>
			<Health>1000</Health>
			<IsOnFire>false</IsOnFire>
			<IsInvincible>false</IsInvincible>
			<IsBulletProof>false</IsBulletProof>
			<IsCollisionProof>false</IsCollisionProof>
			<IsExplosionProof>false</IsExplosionProof>
			<IsFireProof>true</IsFireProof>
			<IsMeleeProof>false</IsMeleeProof>
			<IsOnlyDamagedByPlayer>false</IsOnlyDamagedByPlayer>
			<PositionRotation>
				<X>-114.040321</X>
				<Y>1005.65271</Y>
				<Z>235.435074</Z>
				<Pitch>-0.220700234</Pitch>
				<Roll>0.310384154</Roll>
				<Yaw>122.540771</Yaw>
			</PositionRotation>
			<Attachment isAttached="true">
				<AttachedTo>697096</AttachedTo>
				<BoneIndex>0</BoneIndex>
				<X>0.399999946</X>
				<Y>-2.67999959</Y>
				<Z>0.150000006</Z>
				<Pitch>0</Pitch>
				<Roll>0</Roll>
				<Yaw>0</Yaw>
			</Attachment>
		</Attachment>
		<Attachment>
			<ModelHash>0x1f588a1a</ModelHash>
			<Type>3</Type>
			<Dynamic>false</Dynamic>
			<HashName>hei_prop_hei_drug_pack_01a</HashName>
			<InitialHandle>332307</InitialHandle>
			<OpacityLevel>255</OpacityLevel>
			<LodDistance>16960</LodDistance>
			<IsVisible>true</IsVisible>
			<Health>1000</Health>
			<IsOnFire>false</IsOnFire>
			<IsInvincible>false</IsInvincible>
			<IsBulletProof>false</IsBulletProof>
			<IsCollisionProof>false</IsCollisionProof>
			<IsExplosionProof>false</IsExplosionProof>
			<IsFireProof>true</IsFireProof>
			<IsMeleeProof>false</IsMeleeProof>
			<IsOnlyDamagedByPlayer>false</IsOnlyDamagedByPlayer>
			<PositionRotation>
				<X>-113.426765</X>
				<Y>1005.11884</Y>
				<Z>235.420181</Z>
				<Pitch>-0.220700234</Pitch>
				<Roll>0.310384154</Roll>
				<Yaw>122.540771</Yaw>
			</PositionRotation>
			<Attachment isAttached="true">
				<AttachedTo>697096</AttachedTo>
				<BoneIndex>0</BoneIndex>
				<X>-0.379999965</X>
				<Y>-2.90999937</Y>
				<Z>0.130000025</Z>
				<Pitch>0</Pitch>
				<Roll>0</Roll>
				<Yaw>0</Yaw>
			</Attachment>
		</Attachment>
		<Attachment>
			<ModelHash>0x1f588a1a</ModelHash>
			<Type>3</Type>
			<Dynamic>false</Dynamic>
			<HashName>hei_prop_hei_drug_pack_01a</HashName>
			<InitialHandle>202259</InitialHandle>
			<OpacityLevel>255</OpacityLevel>
			<LodDistance>16960</LodDistance>
			<IsVisible>true</IsVisible>
			<Health>1000</Health>
			<IsOnFire>false</IsOnFire>
			<IsInvincible>false</IsInvincible>
			<IsBulletProof>false</IsBulletProof>
			<IsCollisionProof>false</IsCollisionProof>
			<IsExplosionProof>false</IsExplosionProof>
			<IsFireProof>true</IsFireProof>
			<IsMeleeProof>false</IsMeleeProof>
			<IsOnlyDamagedByPlayer>false</IsOnlyDamagedByPlayer>
			<PositionRotation>
				<X>-113.566612</X>
				<Y>1005.33801</Y>
				<Z>235.418777</Z>
				<Pitch>-0.220700234</Pitch>
				<Roll>0.310384154</Roll>
				<Yaw>122.540771</Yaw>
			</PositionRotation>
			<Attachment isAttached="true">
				<AttachedTo>697096</AttachedTo>
				<BoneIndex>0</BoneIndex>
				<X>-0.120000035</X>
				<Y>-2.90999937</Y>
				<Z>0.130000025</Z>
				<Pitch>0</Pitch>
				<Roll>0</Roll>
				<Yaw>0</Yaw>
			</Attachment>
		</Attachment>
		<Attachment>
			<ModelHash>0x1f588a1a</ModelHash>
			<Type>3</Type>
			<Dynamic>false</Dynamic>
			<HashName>hei_prop_hei_drug_pack_01a</HashName>
			<InitialHandle>322835</InitialHandle>
			<OpacityLevel>255</OpacityLevel>
			<LodDistance>16960</LodDistance>
			<IsVisible>true</IsVisible>
			<Health>1000</Health>
			<IsOnFire>false</IsOnFire>
			<IsInvincible>false</IsInvincible>
			<IsBulletProof>false</IsBulletProof>
			<IsCollisionProof>false</IsCollisionProof>
			<IsExplosionProof>false</IsExplosionProof>
			<IsFireProof>true</IsFireProof>
			<IsMeleeProof>false</IsMeleeProof>
			<IsOnlyDamagedByPlayer>false</IsOnlyDamagedByPlayer>
			<PositionRotation>
				<X>-113.695702</X>
				<Y>1005.54034</Y>
				<Z>235.417465</Z>
				<Pitch>-0.220700234</Pitch>
				<Roll>0.310384154</Roll>
				<Yaw>122.540771</Yaw>
			</PositionRotation>
			<Attachment isAttached="true">
				<AttachedTo>697096</AttachedTo>
				<BoneIndex>0</BoneIndex>
				<X>0.120000035</X>
				<Y>-2.90999937</Y>
				<Z>0.130000025</Z>
				<Pitch>0</Pitch>
				<Roll>0</Roll>
				<Yaw>0</Yaw>
			</Attachment>
		</Attachment>
		<Attachment>
			<ModelHash>0x1f588a1a</ModelHash>
			<Type>3</Type>
			<Dynamic>false</Dynamic>
			<HashName>hei_prop_hei_drug_pack_01a</HashName>
			<InitialHandle>549397</InitialHandle>
			<OpacityLevel>255</OpacityLevel>
			<LodDistance>16960</LodDistance>
			<IsVisible>true</IsVisible>
			<Health>1000</Health>
			<IsOnFire>false</IsOnFire>
			<IsInvincible>false</IsInvincible>
			<IsBulletProof>false</IsBulletProof>
			<IsCollisionProof>false</IsCollisionProof>
			<IsExplosionProof>false</IsExplosionProof>
			<IsFireProof>true</IsFireProof>
			<IsMeleeProof>false</IsMeleeProof>
			<IsOnlyDamagedByPlayer>false</IsOnlyDamagedByPlayer>
			<PositionRotation>
				<X>-113.835556</X>
				<Y>1005.75952</Y>
				<Z>235.416061</Z>
				<Pitch>-0.220700234</Pitch>
				<Roll>0.310384154</Roll>
				<Yaw>122.540771</Yaw>
			</PositionRotation>
			<Attachment isAttached="true">
				<AttachedTo>697096</AttachedTo>
				<BoneIndex>0</BoneIndex>
				<X>0.379999965</X>
				<Y>-2.90999937</Y>
				<Z>0.130000025</Z>
				<Pitch>0</Pitch>
				<Roll>0</Roll>
				<Yaw>0</Yaw>
			</Attachment>
		</Attachment>
		<Attachment>
			<ModelHash>0x58c91467</ModelHash>
			<Type>3</Type>
			<Dynamic>false</Dynamic>
			<HashName>prop_ld_gold_chest</HashName>
			<InitialHandle>589078</InitialHandle>
			<OpacityLevel>255</OpacityLevel>
			<LodDistance>16960</LodDistance>
			<IsVisible>true</IsVisible>
			<Health>1000</Health>
			<IsOnFire>false</IsOnFire>
			<IsInvincible>false</IsInvincible>
			<IsBulletProof>false</IsBulletProof>
			<IsCollisionProof>false</IsCollisionProof>
			<IsExplosionProof>false</IsExplosionProof>
			<IsFireProof>true</IsFireProof>
			<IsMeleeProof>false</IsMeleeProof>
			<IsOnlyDamagedByPlayer>false</IsOnlyDamagedByPlayer>
			<PositionRotation>
				<X>-113.81723</X>
				<Y>1004.7998</Y>
				<Z>235.618576</Z>
				<Pitch>-0.220700234</Pitch>
				<Roll>0.310384154</Roll>
				<Yaw>122.540771</Yaw>
			</PositionRotation>
			<Attachment isAttached="true">
				<AttachedTo>697096</AttachedTo>
				<BoneIndex>0</BoneIndex>
				<X>-0.439999908</X>
				<Y>-2.40999985</Y>
				<Z>0.330000013</Z>
				<Pitch>0</Pitch>
				<Roll>0</Roll>
				<Yaw>0</Yaw>
			</Attachment>
		</Attachment>
		<Attachment>
			<ModelHash>0x58c91467</ModelHash>
			<Type>3</Type>
			<Dynamic>false</Dynamic>
			<HashName>prop_ld_gold_chest</HashName>
			<InitialHandle>96023</InitialHandle>
			<OpacityLevel>255</OpacityLevel>
			<LodDistance>16960</LodDistance>
			<IsVisible>true</IsVisible>
			<Health>1000</Health>
			<IsOnFire>false</IsOnFire>
			<IsInvincible>false</IsInvincible>
			<IsBulletProof>false</IsBulletProof>
			<IsCollisionProof>false</IsCollisionProof>
			<IsExplosionProof>false</IsExplosionProof>
			<IsFireProof>true</IsFireProof>
			<IsMeleeProof>false</IsMeleeProof>
			<IsOnlyDamagedByPlayer>false</IsOnlyDamagedByPlayer>
			<PositionRotation>
				<X>-114.290558</X>
				<Y>1005.54169</Y>
				<Z>235.613815</Z>
				<Pitch>-0.220700234</Pitch>
				<Roll>0.310384154</Roll>
				<Yaw>122.540771</Yaw>
			</PositionRotation>
			<Attachment isAttached="true">
				<AttachedTo>697096</AttachedTo>
				<BoneIndex>0</BoneIndex>
				<X>0.439999908</X>
				<Y>-2.40999985</Y>
				<Z>0.330000013</Z>
				<Pitch>0</Pitch>
				<Roll>0</Roll>
				<Yaw>0</Yaw>
			</Attachment>
		</Attachment>
		<Attachment>
			<ModelHash>0x2f9f084d</ModelHash>
			<Type>3</Type>
			<Dynamic>false</Dynamic>
			<HashName>prop_box_guncase_03a</HashName>
			<InitialHandle>401689</InitialHandle>
			<OpacityLevel>255</OpacityLevel>
			<LodDistance>16960</LodDistance>
			<IsVisible>true</IsVisible>
			<Health>1000</Health>
			<IsOnFire>false</IsOnFire>
			<IsInvincible>false</IsInvincible>
			<IsBulletProof>false</IsBulletProof>
			<IsCollisionProof>false</IsCollisionProof>
			<IsExplosionProof>false</IsExplosionProof>
			<IsFireProof>true</IsFireProof>
			<IsMeleeProof>false</IsMeleeProof>
			<IsOnlyDamagedByPlayer>false</IsOnlyDamagedByPlayer>
			<PositionRotation>
				<X>-113.749611</X>
				<Y>1005.36407</Y>
				<Z>235.487579</Z>
				<Pitch>89.6205063</Pitch>
				<Roll>54.5881462</Roll>
				<Yaw>67.9520264</Yaw>
			</PositionRotation>
			<Attachment isAttached="true">
				<AttachedTo>697096</AttachedTo>
				<BoneIndex>0</BoneIndex>
				<X>0</X>
				<Y>-2.7699995</Y>
				<Z>0.199999809</Z>
				<Pitch>90.0000305</Pitch>
				<Roll>0</Roll>
				<Yaw>0</Yaw>
			</Attachment>
		</Attachment>
		<Attachment>
			<ModelHash>0xe8739c51</ModelHash>
			<Type>3</Type>
			<Dynamic>false</Dynamic>
			<HashName>hei_prop_hei_drug_pack_01b</HashName>
			<InitialHandle>358173</InitialHandle>
			<OpacityLevel>255</OpacityLevel>
			<LodDistance>16960</LodDistance>
			<IsVisible>true</IsVisible>
			<Health>1000</Health>
			<IsOnFire>false</IsOnFire>
			<IsInvincible>false</IsInvincible>
			<IsBulletProof>false</IsBulletProof>
			<IsCollisionProof>false</IsCollisionProof>
			<IsExplosionProof>false</IsExplosionProof>
			<IsFireProof>true</IsFireProof>
			<IsMeleeProof>false</IsMeleeProof>
			<IsOnlyDamagedByPlayer>false</IsOnlyDamagedByPlayer>
			<PositionRotation>
				<X>-114.06208</X>
				<Y>1005.16528</Y>
				<Z>235.576157</Z>
				<Pitch>-0.220700234</Pitch>
				<Roll>0.310384154</Roll>
				<Yaw>122.540771</Yaw>
			</PositionRotation>
			<Attachment isAttached="true">
				<AttachedTo>697096</AttachedTo>
				<BoneIndex>0</BoneIndex>
				<X>0</X>
				<Y>-2.39999986</Y>
				<Z>0.290000021</Z>
				<Pitch>0</Pitch>
				<Roll>0</Roll>
				<Yaw>0</Yaw>
			</Attachment>
		</Attachment>
		<Attachment>
			<ModelHash>0x4ad4095a</ModelHash>
			<Type>3</Type>
			<Dynamic>false</Dynamic>
			<HashName>w_sg_assaultshotgun</HashName>
			<InitialHandle>409885</InitialHandle>
			<OpacityLevel>255</OpacityLevel>
			<LodDistance>16960</LodDistance>
			<IsVisible>true</IsVisible>
			<Health>1000</Health>
			<IsOnFire>false</IsOnFire>
			<IsInvincible>false</IsInvincible>
			<IsBulletProof>false</IsBulletProof>
			<IsCollisionProof>false</IsCollisionProof>
			<IsExplosionProof>false</IsExplosionProof>
			<IsFireProof>true</IsFireProof>
			<IsMeleeProof>false</IsMeleeProof>
			<IsOnlyDamagedByPlayer>false</IsOnlyDamagedByPlayer>
			<PositionRotation>
				<X>-113.560341</X>
				<Y>1005.1413</Y>
				<Z>235.559311</Z>
				<Pitch>-89.6194763</Pitch>
				<Roll>125.414352</Roll>
				<Yaw>-112.045448</Yaw>
			</PositionRotation>
			<Attachment isAttached="true">
				<AttachedTo>697096</AttachedTo>
				<BoneIndex>0</BoneIndex>
				<X>-0.290000051</X>
				<Y>-2.80999947</Y>
				<Z>0.27000007</Z>
				<Pitch>-90</Pitch>
				<Roll>0</Roll>
				<Yaw>7.62939453e-006</Yaw>
			</Attachment>
		</Attachment>
		<Attachment>
			<ModelHash>0x35fde08c</ModelHash>
			<Type>3</Type>
			<Dynamic>false</Dynamic>
			<HashName>w_pi_appistol</HashName>
			<InitialHandle>245022</InitialHandle>
			<OpacityLevel>255</OpacityLevel>
			<LodDistance>16960</LodDistance>
			<IsVisible>true</IsVisible>
			<Health>1000</Health>
			<IsOnFire>false</IsOnFire>
			<IsInvincible>false</IsInvincible>
			<IsBulletProof>false</IsBulletProof>
			<IsCollisionProof>false</IsCollisionProof>
			<IsExplosionProof>false</IsExplosionProof>
			<IsFireProof>true</IsFireProof>
			<IsMeleeProof>false</IsMeleeProof>
			<IsOnlyDamagedByPlayer>false</IsOnlyDamagedByPlayer>
			<PositionRotation>
				<X>-116.937759</X>
				<Y>1003.92542</Y>
				<Z>235.864532</Z>
				<Pitch>-89.6205063</Pitch>
				<Roll>125.415192</Roll>
				<Yaw>-112.044609</Yaw>
			</PositionRotation>
			<Attachment isAttached="true">
				<AttachedTo>697096</AttachedTo>
				<BoneIndex>0</BoneIndex>
				<X>0.50000006</X>
				<Y>0.690000117</Y>
				<Z>0.593000174</Z>
				<Pitch>-90.0000076</Pitch>
				<Roll>0</Roll>
				<Yaw>0</Yaw>
			</Attachment>
		</Attachment>
		<Attachment>
			<ModelHash>0xd3edbc71</ModelHash>
			<Type>3</Type>
			<Dynamic>false</Dynamic>
			<HashName>w_mg_combatmg</HashName>
			<InitialHandle>494366</InitialHandle>
			<OpacityLevel>255</OpacityLevel>
			<LodDistance>16960</LodDistance>
			<IsVisible>true</IsVisible>
			<Health>1000</Health>
			<IsOnFire>false</IsOnFire>
			<IsInvincible>false</IsInvincible>
			<IsBulletProof>false</IsBulletProof>
			<IsCollisionProof>false</IsCollisionProof>
			<IsExplosionProof>false</IsExplosionProof>
			<IsFireProof>true</IsFireProof>
			<IsMeleeProof>false</IsMeleeProof>
			<IsOnlyDamagedByPlayer>false</IsOnlyDamagedByPlayer>
			<PositionRotation>
				<X>-113.94352</X>
				<Y>1005.53735</Y>
				<Z>235.555954</Z>
				<Pitch>89.6205063</Pitch>
				<Roll>-125.410217</Roll>
				<Yaw>67.9503555</Yaw>
			</PositionRotation>
			<Attachment isAttached="true">
				<AttachedTo>697096</AttachedTo>
				<BoneIndex>0</BoneIndex>
				<X>0.25000003</X>
				<Y>-2.69999957</Y>
				<Z>0.27000007</Z>
				<Pitch>90.0000458</Pitch>
				<Roll>-180</Roll>
				<Yaw>-3.81469727e-005</Yaw>
			</Attachment>
		</Attachment>
		<Attachment>
			<ModelHash>0x1807703d</ModelHash>
			<Type>3</Type>
			<Dynamic>false</Dynamic>
			<HashName>w_pi_combatpistol</HashName>
			<InitialHandle>772126</InitialHandle>
			<OpacityLevel>255</OpacityLevel>
			<LodDistance>16960</LodDistance>
			<IsVisible>true</IsVisible>
			<Health>1000</Health>
			<IsOnFire>false</IsOnFire>
			<IsInvincible>false</IsInvincible>
			<IsBulletProof>false</IsBulletProof>
			<IsCollisionProof>false</IsCollisionProof>
			<IsExplosionProof>false</IsExplosionProof>
			<IsFireProof>true</IsFireProof>
			<IsMeleeProof>false</IsMeleeProof>
			<IsOnlyDamagedByPlayer>false</IsOnlyDamagedByPlayer>
			<PositionRotation>
				<X>-114.10022</X>
				<Y>1005.22449</Y>
				<Z>235.655777</Z>
				<Pitch>-89.6194763</Pitch>
				<Roll>35.4142838</Roll>
				<Yaw>-112.045525</Yaw>
			</PositionRotation>
			<Attachment isAttached="true">
				<AttachedTo>697096</AttachedTo>
				<BoneIndex>0</BoneIndex>
				<X>0.0700000152</X>
				<Y>-2.4000001</Y>
				<Z>0.370000124</Z>
				<Pitch>-90.0000076</Pitch>
				<Roll>-90.0000076</Roll>
				<Yaw>0</Yaw>
			</Attachment>
		</Attachment>
		<Attachment>
			<ModelHash>0x1807703d</ModelHash>
			<Type>3</Type>
			<Dynamic>false</Dynamic>
			<HashName>w_pi_combatpistol</HashName>
			<InitialHandle>50215</InitialHandle>
			<OpacityLevel>255</OpacityLevel>
			<LodDistance>16960</LodDistance>
			<IsVisible>true</IsVisible>
			<Health>1000</Health>
			<IsOnFire>false</IsOnFire>
			<IsInvincible>false</IsInvincible>
			<IsBulletProof>false</IsBulletProof>
			<IsCollisionProof>false</IsCollisionProof>
			<IsExplosionProof>false</IsExplosionProof>
			<IsFireProof>true</IsFireProof>
			<IsMeleeProof>false</IsMeleeProof>
			<IsOnlyDamagedByPlayer>false</IsOnlyDamagedByPlayer>
			<PositionRotation>
				<X>-114.030296</X>
				<Y>1005.11487</Y>
				<Z>235.656479</Z>
				<Pitch>89.6205063</Pitch>
				<Roll>144.583374</Roll>
				<Yaw>67.9567947</Yaw>
			</PositionRotation>
			<Attachment isAttached="true">
				<AttachedTo>697096</AttachedTo>
				<BoneIndex>0</BoneIndex>
				<X>-0.0600000136</X>
				<Y>-2.4000001</Y>
				<Z>0.370000124</Z>
				<Pitch>90</Pitch>
				<Roll>90.0000076</Roll>
				<Yaw>0</Yaw>
			</Attachment>
		</Attachment>
		<Attachment>
			<ModelHash>0xd37a33c0</ModelHash>
			<Type>3</Type>
			<Dynamic>false</Dynamic>
			<HashName>w_sr_heavysniper</HashName>
			<InitialHandle>40999</InitialHandle>
			<OpacityLevel>255</OpacityLevel>
			<LodDistance>16960</LodDistance>
			<IsVisible>true</IsVisible>
			<Health>1000</Health>
			<IsOnFire>false</IsOnFire>
			<IsInvincible>false</IsInvincible>
			<IsBulletProof>false</IsBulletProof>
			<IsCollisionProof>false</IsCollisionProof>
			<IsExplosionProof>false</IsExplosionProof>
			<IsFireProof>true</IsFireProof>
			<IsMeleeProof>false</IsMeleeProof>
			<IsOnlyDamagedByPlayer>false</IsOnlyDamagedByPlayer>
			<PositionRotation>
				<X>-113.901703</X>
				<Y>1004.91278</Y>
				<Z>235.737778</Z>
				<Pitch>-89.6205063</Pitch>
				<Roll>125.415192</Roll>
				<Yaw>-112.044609</Yaw>
			</PositionRotation>
			<Attachment isAttached="true">
				<AttachedTo>697096</AttachedTo>
				<BoneIndex>0</BoneIndex>
				<X>-0.300000072</X>
				<Y>-2.4000001</Y>
				<Z>0.450000167</Z>
				<Pitch>-90.0000076</Pitch>
				<Roll>0</Roll>
				<Yaw>0</Yaw>
			</Attachment>
		</Attachment>
	</SpoonerAttachments>
</Vehicle>
