<?xml version="1.0" encoding="ISO-8859-1"?>
<Vehicle menyoo_ver="0.9998b">
	<ModelHash>0xe882e5f6</ModelHash>
	<InitialHandle>379143</InitialHandle>
	<VehicleProperties>
		<Colours>
			<Primary>0</Primary>
			<Secondary>0</Secondary>
			<Pearl>10</Pearl>
			<Rim>156</Rim>
			<Mod1_a>6</Mod1_a>
			<Mod1_b>-1</Mod1_b>
			<Mod1_c>-1</Mod1_c>
			<Mod2_a>6</Mod2_a>
			<Mod2_b>-1</Mod2_b>
			<IsPrimaryColourCustom>false</IsPrimaryColourCustom>
			<IsSecondaryColourCustom>false</IsSecondaryColourCustom>
			<tyreSmoke_R>255</tyreSmoke_R>
			<tyreSmoke_G>255</tyreSmoke_G>
			<tyreSmoke_B>255</tyreSmoke_B>
			<LrInterior>0</LrInterior>
			<LrDashboard>0</LrDashboard>
		</Colours>
		<Livery>-1</Livery>
		<NumberPlateText>DRAGNSKY</NumberPlateText>
		<NumberPlateIndex>1</NumberPlateIndex>
		<WheelType>3</WheelType>
		<WheelsInvisible>false</WheelsInvisible>
		<WindowTint>1</WindowTint>
		<BulletProofTyres>true</BulletProofTyres>
		<DirtLevel>0.132241219</DirtLevel>
		<PaintFade>0</PaintFade>
		<RoofState>0</RoofState>
		<SirenActive>false</SirenActive>
		<EngineOn>true</EngineOn>
		<EngineHealth>1000</EngineHealth>
		<LightsOn>false</LightsOn>
		<Neons>
			<Left>false</Left>
			<Right>false</Right>
			<Front>false</Front>
			<Back>false</Back>
			<R>255</R>
			<G>0</G>
			<B>255</B>
		</Neons>
		<ModExtras>
			<_11>false</_11>
			<_12>false</_12>
		</ModExtras>
		<Mods>
			<_0>-1,0</_0>
			<_1>-1,0</_1>
			<_2>-1,0</_2>
			<_3>-1,0</_3>
			<_4>1,0</_4>
			<_5>-1,0</_5>
			<_6>-1,0</_6>
			<_7>-1,0</_7>
			<_8>-1,0</_8>
			<_9>-1,0</_9>
			<_10>1,0</_10>
			<_11>3,0</_11>
			<_12>2,0</_12>
			<_13>2,0</_13>
			<_14>-1,0</_14>
			<_15>3,0</_15>
			<_16>4,0</_16>
			<_17>false</_17>
			<_18>true</_18>
			<_19>false</_19>
			<_20>false</_20>
			<_21>false</_21>
			<_22>true</_22>
			<_23>-1,0</_23>
			<_24>-1,0</_24>
			<_25>-1,0</_25>
			<_26>-1,0</_26>
			<_27>-1,0</_27>
			<_28>-1,0</_28>
			<_29>-1,0</_29>
			<_30>-1,0</_30>
			<_31>-1,0</_31>
			<_32>-1,0</_32>
			<_33>-1,0</_33>
			<_34>-1,0</_34>
			<_35>-1,0</_35>
			<_36>-1,0</_36>
			<_37>-1,0</_37>
			<_38>-1,0</_38>
			<_39>-1,0</_39>
			<_40>-1,0</_40>
			<_41>-1,0</_41>
			<_42>-1,0</_42>
			<_43>-1,0</_43>
			<_44>-1,0</_44>
			<_45>-1,0</_45>
			<_46>-1,0</_46>
			<_47>-1,0</_47>
			<_48>-1,0</_48>
		</Mods>
		<DoorsOpen>
			<BackLeftDoor>false</BackLeftDoor>
			<BackRightDoor>false</BackRightDoor>
			<FrontLeftDoor>false</FrontLeftDoor>
			<FrontRightDoor>false</FrontRightDoor>
			<Hood>false</Hood>
			<Trunk>false</Trunk>
			<Trunk2>false</Trunk2>
		</DoorsOpen>
		<DoorsBroken>
			<BackLeftDoor>false</BackLeftDoor>
			<BackRightDoor>false</BackRightDoor>
			<FrontLeftDoor>false</FrontLeftDoor>
			<FrontRightDoor>false</FrontRightDoor>
			<Hood>false</Hood>
			<Trunk>false</Trunk>
			<Trunk2>false</Trunk2>
		</DoorsBroken>
		<TyresBursted>
			<FrontLeft>false</FrontLeft>
			<FrontRight>false</FrontRight>
			<_2>false</_2>
			<_3>false</_3>
			<BackLeft>false</BackLeft>
			<BackRight>false</BackRight>
			<_6>false</_6>
			<_7>false</_7>
			<_8>false</_8>
		</TyresBursted>
		<RpmMultiplier>1</RpmMultiplier>
		<TorqueMultiplier>1</TorqueMultiplier>
		<HeadlightIntensity>1</HeadlightIntensity>
	</VehicleProperties>
	<OpacityLevel>255</OpacityLevel>
	<LodDistance>16960</LodDistance>
	<IsVisible>true</IsVisible>
	<IsDriverVisible>true</IsDriverVisible>
	<IsOnFire>false</IsOnFire>
	<IsInvincible>false</IsInvincible>
	<IsBulletProof>false</IsBulletProof>
	<IsExplosionProof>false</IsExplosionProof>
	<IsFireProof>true</IsFireProof>
	<IsMeleeProof>false</IsMeleeProof>
	<IsOnlyDamagedByPlayer>false</IsOnlyDamagedByPlayer>
	<SpoonerAttachments SetAttachmentsPersistentAndAddToSpoonerDatabase="false">
		<Attachment>
			<ModelHash>0xab39f229</ModelHash>
			<Type>3</Type>
			<Dynamic>false</Dynamic>
			<HashName>prop_box_ammo03a</HashName>
			<InitialHandle>189194</InitialHandle>
			<OpacityLevel>255</OpacityLevel>
			<LodDistance>16960</LodDistance>
			<IsVisible>true</IsVisible>
			<Health>1000</Health>
			<IsOnFire>false</IsOnFire>
			<IsInvincible>false</IsInvincible>
			<IsBulletProof>false</IsBulletProof>
			<IsCollisionProof>false</IsCollisionProof>
			<IsExplosionProof>false</IsExplosionProof>
			<IsFireProof>true</IsFireProof>
			<IsMeleeProof>false</IsMeleeProof>
			<IsOnlyDamagedByPlayer>false</IsOnlyDamagedByPlayer>
			<PositionRotation>
				<X>-1645.20728</X>
				<Y>-3162.46313</Y>
				<Z>14.8478327</Z>
				<Pitch>0.0484994017</Pitch>
				<Roll>0.164060608</Roll>
				<Yaw>-28.498436</Yaw>
			</PositionRotation>
			<Attachment isAttached="true">
				<AttachedTo>379143</AttachedTo>
				<BoneIndex>0</BoneIndex>
				<X>0</X>
				<Y>-0.099999994</Y>
				<Z>1.30000007</Z>
				<Pitch>0</Pitch>
				<Roll>0</Roll>
				<Yaw>-5.7220459e-006</Yaw>
			</Attachment>
		</Attachment>
		<Attachment>
			<ModelHash>0xab39f229</ModelHash>
			<Type>3</Type>
			<Dynamic>false</Dynamic>
			<HashName>prop_box_ammo03a</HashName>
			<InitialHandle>202762</InitialHandle>
			<OpacityLevel>255</OpacityLevel>
			<LodDistance>16960</LodDistance>
			<IsVisible>true</IsVisible>
			<Health>1000</Health>
			<IsOnFire>false</IsOnFire>
			<IsInvincible>false</IsInvincible>
			<IsBulletProof>false</IsBulletProof>
			<IsCollisionProof>false</IsCollisionProof>
			<IsExplosionProof>false</IsExplosionProof>
			<IsFireProof>true</IsFireProof>
			<IsMeleeProof>false</IsMeleeProof>
			<IsOnlyDamagedByPlayer>false</IsOnlyDamagedByPlayer>
			<PositionRotation>
				<X>-1645.58899</X>
				<Y>-3163.16626</Y>
				<Z>14.8471556</Z>
				<Pitch>0.0484993309</Pitch>
				<Roll>0.164060622</Roll>
				<Yaw>-28.4984589</Yaw>
			</PositionRotation>
			<Attachment isAttached="true">
				<AttachedTo>379143</AttachedTo>
				<BoneIndex>0</BoneIndex>
				<X>-1.49011612e-008</X>
				<Y>-0.899999976</Y>
				<Z>1.30000007</Z>
				<Pitch>0</Pitch>
				<Roll>0</Roll>
				<Yaw>-2.86102295e-005</Yaw>
			</Attachment>
		</Attachment>
		<Attachment>
			<ModelHash>0x6cb93ba4</ModelHash>
			<Type>3</Type>
			<Dynamic>false</Dynamic>
			<HashName>prop_box_ammo06a</HashName>
			<InitialHandle>48396</InitialHandle>
			<OpacityLevel>255</OpacityLevel>
			<LodDistance>16960</LodDistance>
			<IsVisible>true</IsVisible>
			<Health>1000</Health>
			<IsOnFire>false</IsOnFire>
			<IsInvincible>false</IsInvincible>
			<IsBulletProof>false</IsBulletProof>
			<IsCollisionProof>false</IsCollisionProof>
			<IsExplosionProof>false</IsExplosionProof>
			<IsFireProof>true</IsFireProof>
			<IsMeleeProof>false</IsMeleeProof>
			<IsOnlyDamagedByPlayer>false</IsOnlyDamagedByPlayer>
			<PositionRotation>
				<X>-1645.87793</X>
				<Y>-3163.69092</Y>
				<Z>13.596653</Z>
				<Pitch>0.0484994166</Pitch>
				<Roll>0.164060608</Roll>
				<Yaw>-28.4984303</Yaw>
			</PositionRotation>
			<Attachment isAttached="true">
				<AttachedTo>379143</AttachedTo>
				<BoneIndex>0</BoneIndex>
				<X>0</X>
				<Y>-1.50000012</Y>
				<Z>0.0499999374</Z>
				<Pitch>0</Pitch>
				<Roll>0</Roll>
				<Yaw>0</Yaw>
			</Attachment>
		</Attachment>
		<Attachment>
			<ModelHash>0xab39f229</ModelHash>
			<Type>3</Type>
			<Dynamic>false</Dynamic>
			<HashName>prop_box_ammo03a</HashName>
			<InitialHandle>647947</InitialHandle>
			<OpacityLevel>255</OpacityLevel>
			<LodDistance>16960</LodDistance>
			<IsVisible>true</IsVisible>
			<Health>1000</Health>
			<IsOnFire>false</IsOnFire>
			<IsInvincible>false</IsInvincible>
			<IsBulletProof>false</IsBulletProof>
			<IsCollisionProof>false</IsCollisionProof>
			<IsExplosionProof>false</IsExplosionProof>
			<IsFireProof>true</IsFireProof>
			<IsMeleeProof>false</IsMeleeProof>
			<IsOnlyDamagedByPlayer>false</IsOnlyDamagedByPlayer>
			<PositionRotation>
				<X>-1645.9707</X>
				<Y>-3163.86938</Y>
				<Z>14.8464785</Z>
				<Pitch>0.0484994166</Pitch>
				<Roll>0.164060608</Roll>
				<Yaw>-28.4984303</Yaw>
			</PositionRotation>
			<Attachment isAttached="true">
				<AttachedTo>379143</AttachedTo>
				<BoneIndex>0</BoneIndex>
				<X>0</X>
				<Y>-1.70000017</Y>
				<Z>1.30000007</Z>
				<Pitch>0</Pitch>
				<Roll>0</Roll>
				<Yaw>0</Yaw>
			</Attachment>
		</Attachment>
		<Attachment>
			<ModelHash>0x6cb93ba4</ModelHash>
			<Type>3</Type>
			<Dynamic>false</Dynamic>
			<HashName>prop_box_ammo06a</HashName>
			<InitialHandle>173836</InitialHandle>
			<OpacityLevel>255</OpacityLevel>
			<LodDistance>16960</LodDistance>
			<IsVisible>true</IsVisible>
			<Health>1000</Health>
			<IsOnFire>false</IsOnFire>
			<IsInvincible>false</IsInvincible>
			<IsBulletProof>false</IsBulletProof>
			<IsCollisionProof>false</IsCollisionProof>
			<IsExplosionProof>false</IsExplosionProof>
			<IsFireProof>true</IsFireProof>
			<IsMeleeProof>false</IsMeleeProof>
			<IsOnlyDamagedByPlayer>false</IsOnlyDamagedByPlayer>
			<PositionRotation>
				<X>-1645.8772</X>
				<Y>-3163.69165</Y>
				<Z>13.9666519</Z>
				<Pitch>0.0484994166</Pitch>
				<Roll>0.164060608</Roll>
				<Yaw>-28.4984303</Yaw>
			</PositionRotation>
			<Attachment isAttached="true">
				<AttachedTo>379143</AttachedTo>
				<BoneIndex>0</BoneIndex>
				<X>0</X>
				<Y>-1.50000012</Y>
				<Z>0.419999957</Z>
				<Pitch>0</Pitch>
				<Roll>0</Roll>
				<Yaw>0</Yaw>
			</Attachment>
		</Attachment>
		<Attachment>
			<ModelHash>0x6cb93ba4</ModelHash>
			<Type>3</Type>
			<Dynamic>false</Dynamic>
			<HashName>prop_box_ammo06a</HashName>
			<InitialHandle>655629</InitialHandle>
			<OpacityLevel>255</OpacityLevel>
			<LodDistance>16960</LodDistance>
			<IsVisible>true</IsVisible>
			<Health>1000</Health>
			<IsOnFire>false</IsOnFire>
			<IsInvincible>false</IsInvincible>
			<IsBulletProof>false</IsBulletProof>
			<IsCollisionProof>false</IsCollisionProof>
			<IsExplosionProof>false</IsExplosionProof>
			<IsFireProof>true</IsFireProof>
			<IsMeleeProof>false</IsMeleeProof>
			<IsOnlyDamagedByPlayer>false</IsOnlyDamagedByPlayer>
			<PositionRotation>
				<X>-1646.08313</X>
				<Y>-3164.06885</Y>
				<Z>13.5962887</Z>
				<Pitch>0.0484994166</Pitch>
				<Roll>0.164060608</Roll>
				<Yaw>-28.4984303</Yaw>
			</PositionRotation>
			<Attachment isAttached="true">
				<AttachedTo>379143</AttachedTo>
				<BoneIndex>0</BoneIndex>
				<X>0</X>
				<Y>-1.93000031</Y>
				<Z>0.049999997</Z>
				<Pitch>0</Pitch>
				<Roll>0</Roll>
				<Yaw>0</Yaw>
			</Attachment>
		</Attachment>
		<Attachment>
			<ModelHash>0x6cb93ba4</ModelHash>
			<Type>3</Type>
			<Dynamic>false</Dynamic>
			<HashName>prop_box_ammo06a</HashName>
			<InitialHandle>724237</InitialHandle>
			<OpacityLevel>255</OpacityLevel>
			<LodDistance>16960</LodDistance>
			<IsVisible>true</IsVisible>
			<Health>1000</Health>
			<IsOnFire>false</IsOnFire>
			<IsInvincible>false</IsInvincible>
			<IsBulletProof>false</IsBulletProof>
			<IsCollisionProof>false</IsCollisionProof>
			<IsExplosionProof>false</IsExplosionProof>
			<IsFireProof>true</IsFireProof>
			<IsMeleeProof>false</IsMeleeProof>
			<IsOnlyDamagedByPlayer>false</IsOnlyDamagedByPlayer>
			<PositionRotation>
				<X>-1646.08228</X>
				<Y>-3164.06958</Y>
				<Z>13.9662876</Z>
				<Pitch>0.0484994166</Pitch>
				<Roll>0.164060608</Roll>
				<Yaw>-28.4984303</Yaw>
			</PositionRotation>
			<Attachment isAttached="true">
				<AttachedTo>379143</AttachedTo>
				<BoneIndex>0</BoneIndex>
				<X>0</X>
				<Y>-1.93000019</Y>
				<Z>0.419999957</Z>
				<Pitch>0</Pitch>
				<Roll>0</Roll>
				<Yaw>0</Yaw>
			</Attachment>
		</Attachment>
		<Attachment>
			<ModelHash>0xa53de4d1</ModelHash>
			<Type>3</Type>
			<Dynamic>false</Dynamic>
			<HashName>prop_box_ammo02a</HashName>
			<InitialHandle>208142</InitialHandle>
			<OpacityLevel>255</OpacityLevel>
			<LodDistance>16960</LodDistance>
			<IsVisible>true</IsVisible>
			<Health>1000</Health>
			<IsOnFire>false</IsOnFire>
			<IsInvincible>false</IsInvincible>
			<IsBulletProof>false</IsBulletProof>
			<IsCollisionProof>false</IsCollisionProof>
			<IsExplosionProof>false</IsExplosionProof>
			<IsFireProof>true</IsFireProof>
			<IsMeleeProof>false</IsMeleeProof>
			<IsOnlyDamagedByPlayer>false</IsOnlyDamagedByPlayer>
			<PositionRotation>
				<X>-1645.61548</X>
				<Y>-3164.40234</Y>
				<Z>13.6545973</Z>
				<Pitch>0.0484994166</Pitch>
				<Roll>0.164060608</Roll>
				<Yaw>-28.4984303</Yaw>
			</PositionRotation>
			<Attachment isAttached="true">
				<AttachedTo>379143</AttachedTo>
				<BoneIndex>0</BoneIndex>
				<X>0.569999933</X>
				<Y>-2.00000024</Y>
				<Z>0.109999992</Z>
				<Pitch>0</Pitch>
				<Roll>0</Roll>
				<Yaw>0</Yaw>
			</Attachment>
		</Attachment>
		<Attachment>
			<ModelHash>0x0b5daaec</ModelHash>
			<Type>3</Type>
			<Dynamic>false</Dynamic>
			<HashName>prop_ld_ammo_pack_01</HashName>
			<InitialHandle>580622</InitialHandle>
			<OpacityLevel>255</OpacityLevel>
			<LodDistance>16960</LodDistance>
			<IsVisible>true</IsVisible>
			<Health>1000</Health>
			<IsOnFire>false</IsOnFire>
			<IsInvincible>false</IsInvincible>
			<IsBulletProof>false</IsBulletProof>
			<IsCollisionProof>false</IsCollisionProof>
			<IsExplosionProof>false</IsExplosionProof>
			<IsFireProof>true</IsFireProof>
			<IsMeleeProof>false</IsMeleeProof>
			<IsOnlyDamagedByPlayer>false</IsOnlyDamagedByPlayer>
			<PositionRotation>
				<X>-1645.50024</X>
				<Y>-3164.46533</Y>
				<Z>14.0842237</Z>
				<Pitch>0.164060563</Pitch>
				<Roll>-0.0484995805</Roll>
				<Yaw>61.5016899</Yaw>
			</PositionRotation>
			<Attachment isAttached="true">
				<AttachedTo>379143</AttachedTo>
				<BoneIndex>0</BoneIndex>
				<X>0.699999928</X>
				<Y>-2.00000048</Y>
				<Z>0.540000021</Z>
				<Pitch>0</Pitch>
				<Roll>0</Roll>
				<Yaw>89.9999924</Yaw>
			</Attachment>
		</Attachment>
		<Attachment>
			<ModelHash>0x5cfbce2b</ModelHash>
			<Type>3</Type>
			<Dynamic>false</Dynamic>
			<HashName>prop_ld_ammo_pack_02</HashName>
			<InitialHandle>266766</InitialHandle>
			<OpacityLevel>255</OpacityLevel>
			<LodDistance>16960</LodDistance>
			<IsVisible>true</IsVisible>
			<Health>1000</Health>
			<IsOnFire>false</IsOnFire>
			<IsInvincible>false</IsInvincible>
			<IsBulletProof>false</IsBulletProof>
			<IsCollisionProof>false</IsCollisionProof>
			<IsExplosionProof>false</IsExplosionProof>
			<IsFireProof>true</IsFireProof>
			<IsMeleeProof>false</IsMeleeProof>
			<IsOnlyDamagedByPlayer>false</IsOnlyDamagedByPlayer>
			<PositionRotation>
				<X>-1645.5011</X>
				<Y>-3164.4646</Y>
				<Z>13.7042246</Z>
				<Pitch>0.164060563</Pitch>
				<Roll>-0.0484995805</Roll>
				<Yaw>61.5016899</Yaw>
			</PositionRotation>
			<Attachment isAttached="true">
				<AttachedTo>379143</AttachedTo>
				<BoneIndex>0</BoneIndex>
				<X>0.699999928</X>
				<Y>-2.00000024</Y>
				<Z>0.159999907</Z>
				<Pitch>0</Pitch>
				<Roll>0</Roll>
				<Yaw>89.9999924</Yaw>
			</Attachment>
		</Attachment>
		<Attachment>
			<ModelHash>0x27e363f7</ModelHash>
			<Type>3</Type>
			<Dynamic>false</Dynamic>
			<HashName>prop_ld_ammo_pack_03</HashName>
			<InitialHandle>416525</InitialHandle>
			<OpacityLevel>255</OpacityLevel>
			<LodDistance>16960</LodDistance>
			<IsVisible>true</IsVisible>
			<Health>1000</Health>
			<IsOnFire>false</IsOnFire>
			<IsInvincible>false</IsInvincible>
			<IsBulletProof>false</IsBulletProof>
			<IsCollisionProof>false</IsCollisionProof>
			<IsExplosionProof>false</IsExplosionProof>
			<IsFireProof>true</IsFireProof>
			<IsMeleeProof>false</IsMeleeProof>
			<IsOnlyDamagedByPlayer>false</IsOnlyDamagedByPlayer>
			<PositionRotation>
				<X>-1645.50085</X>
				<Y>-3164.46484</Y>
				<Z>13.804225</Z>
				<Pitch>0.164060563</Pitch>
				<Roll>-0.0484995805</Roll>
				<Yaw>61.5016899</Yaw>
			</PositionRotation>
			<Attachment isAttached="true">
				<AttachedTo>379143</AttachedTo>
				<BoneIndex>0</BoneIndex>
				<X>0.699999928</X>
				<Y>-2.00000024</Y>
				<Z>0.25999999</Z>
				<Pitch>0</Pitch>
				<Roll>0</Roll>
				<Yaw>89.9999924</Yaw>
			</Attachment>
		</Attachment>
		<Attachment>
			<ModelHash>0xa53de4d1</ModelHash>
			<Type>3</Type>
			<Dynamic>false</Dynamic>
			<HashName>prop_box_ammo02a</HashName>
			<InitialHandle>136719</InitialHandle>
			<OpacityLevel>255</OpacityLevel>
			<LodDistance>16960</LodDistance>
			<IsVisible>true</IsVisible>
			<Health>1000</Health>
			<IsOnFire>false</IsOnFire>
			<IsInvincible>false</IsInvincible>
			<IsBulletProof>false</IsBulletProof>
			<IsCollisionProof>false</IsCollisionProof>
			<IsExplosionProof>false</IsExplosionProof>
			<IsFireProof>true</IsFireProof>
			<IsMeleeProof>false</IsMeleeProof>
			<IsOnlyDamagedByPlayer>false</IsOnlyDamagedByPlayer>
			<PositionRotation>
				<X>-1646.65247</X>
				<Y>-3163.83936</Y>
				<Z>13.6579762</Z>
				<Pitch>0.0484994166</Pitch>
				<Roll>0.164060608</Roll>
				<Yaw>-28.4984303</Yaw>
			</PositionRotation>
			<Attachment isAttached="true">
				<AttachedTo>379143</AttachedTo>
				<BoneIndex>0</BoneIndex>
				<X>-0.609999895</X>
				<Y>-2.00000024</Y>
				<Z>0.109999806</Z>
				<Pitch>0</Pitch>
				<Roll>0</Roll>
				<Yaw>0</Yaw>
			</Attachment>
		</Attachment>
		<Attachment>
			<ModelHash>0xa53de4d1</ModelHash>
			<Type>3</Type>
			<Dynamic>false</Dynamic>
			<HashName>prop_box_ammo02a</HashName>
			<InitialHandle>764686</InitialHandle>
			<OpacityLevel>255</OpacityLevel>
			<LodDistance>16960</LodDistance>
			<IsVisible>true</IsVisible>
			<Health>1000</Health>
			<IsOnFire>false</IsOnFire>
			<IsInvincible>false</IsInvincible>
			<IsBulletProof>false</IsBulletProof>
			<IsCollisionProof>false</IsCollisionProof>
			<IsExplosionProof>false</IsExplosionProof>
			<IsFireProof>true</IsFireProof>
			<IsMeleeProof>false</IsMeleeProof>
			<IsOnlyDamagedByPlayer>false</IsOnlyDamagedByPlayer>
			<PositionRotation>
				<X>-1645.61499</X>
				<Y>-3164.40283</Y>
				<Z>13.9045963</Z>
				<Pitch>0.0484994166</Pitch>
				<Roll>0.164060608</Roll>
				<Yaw>-28.4984303</Yaw>
			</PositionRotation>
			<Attachment isAttached="true">
				<AttachedTo>379143</AttachedTo>
				<BoneIndex>0</BoneIndex>
				<X>0.569999993</X>
				<Y>-2.00000024</Y>
				<Z>0.360000014</Z>
				<Pitch>0</Pitch>
				<Roll>0</Roll>
				<Yaw>0</Yaw>
			</Attachment>
		</Attachment>
		<Attachment>
			<ModelHash>0xa53de4d1</ModelHash>
			<Type>3</Type>
			<Dynamic>false</Dynamic>
			<HashName>prop_box_ammo02a</HashName>
			<InitialHandle>631058</InitialHandle>
			<OpacityLevel>255</OpacityLevel>
			<LodDistance>16960</LodDistance>
			<IsVisible>true</IsVisible>
			<Health>1000</Health>
			<IsOnFire>false</IsOnFire>
			<IsInvincible>false</IsInvincible>
			<IsBulletProof>false</IsBulletProof>
			<IsCollisionProof>false</IsCollisionProof>
			<IsExplosionProof>false</IsExplosionProof>
			<IsFireProof>true</IsFireProof>
			<IsMeleeProof>false</IsMeleeProof>
			<IsOnlyDamagedByPlayer>false</IsOnlyDamagedByPlayer>
			<PositionRotation>
				<X>-1646.65137</X>
				<Y>-3163.84058</Y>
				<Z>14.1579742</Z>
				<Pitch>0.0484994166</Pitch>
				<Roll>0.164060608</Roll>
				<Yaw>-28.4984303</Yaw>
			</PositionRotation>
			<Attachment isAttached="true">
				<AttachedTo>379143</AttachedTo>
				<BoneIndex>0</BoneIndex>
				<X>-0.610000074</X>
				<Y>-2.00000024</Y>
				<Z>0.610000074</Z>
				<Pitch>0</Pitch>
				<Roll>0</Roll>
				<Yaw>0</Yaw>
			</Attachment>
		</Attachment>
		<Attachment>
			<ModelHash>0x27e363f7</ModelHash>
			<Type>3</Type>
			<Dynamic>false</Dynamic>
			<HashName>prop_ld_ammo_pack_03</HashName>
			<InitialHandle>769042</InitialHandle>
			<OpacityLevel>255</OpacityLevel>
			<LodDistance>16960</LodDistance>
			<IsVisible>true</IsVisible>
			<Health>1000</Health>
			<IsOnFire>false</IsOnFire>
			<IsInvincible>false</IsInvincible>
			<IsBulletProof>false</IsBulletProof>
			<IsCollisionProof>false</IsCollisionProof>
			<IsExplosionProof>false</IsExplosionProof>
			<IsFireProof>true</IsFireProof>
			<IsMeleeProof>false</IsMeleeProof>
			<IsOnlyDamagedByPlayer>false</IsOnlyDamagedByPlayer>
			<PositionRotation>
				<X>-1645.50073</X>
				<Y>-3164.46484</Y>
				<Z>13.8942242</Z>
				<Pitch>0.164060533</Pitch>
				<Roll>-0.0484996215</Roll>
				<Yaw>61.5017052</Yaw>
			</PositionRotation>
			<Attachment isAttached="true">
				<AttachedTo>379143</AttachedTo>
				<BoneIndex>0</BoneIndex>
				<X>0.700000107</X>
				<Y>-2.00000048</Y>
				<Z>0.350000083</Z>
				<Pitch>0</Pitch>
				<Roll>0</Roll>
				<Yaw>90.0000076</Yaw>
			</Attachment>
		</Attachment>
		<Attachment>
			<ModelHash>0x27e363f7</ModelHash>
			<Type>3</Type>
			<Dynamic>false</Dynamic>
			<HashName>prop_ld_ammo_pack_03</HashName>
			<InitialHandle>635154</InitialHandle>
			<OpacityLevel>255</OpacityLevel>
			<LodDistance>16960</LodDistance>
			<IsVisible>true</IsVisible>
			<Health>1000</Health>
			<IsOnFire>false</IsOnFire>
			<IsInvincible>false</IsInvincible>
			<IsBulletProof>false</IsBulletProof>
			<IsCollisionProof>false</IsCollisionProof>
			<IsExplosionProof>false</IsExplosionProof>
			<IsFireProof>true</IsFireProof>
			<IsMeleeProof>false</IsMeleeProof>
			<IsOnlyDamagedByPlayer>false</IsOnlyDamagedByPlayer>
			<PositionRotation>
				<X>-1645.50049</X>
				<Y>-3164.46509</Y>
				<Z>13.9942236</Z>
				<Pitch>0.164060533</Pitch>
				<Roll>-0.0484996215</Roll>
				<Yaw>61.5017052</Yaw>
			</PositionRotation>
			<Attachment isAttached="true">
				<AttachedTo>379143</AttachedTo>
				<BoneIndex>0</BoneIndex>
				<X>0.700000107</X>
				<Y>-2.00000024</Y>
				<Z>0.450000107</Z>
				<Pitch>0</Pitch>
				<Roll>0</Roll>
				<Yaw>90.0000076</Yaw>
			</Attachment>
		</Attachment>
		<Attachment>
			<ModelHash>0xa53de4d1</ModelHash>
			<Type>3</Type>
			<Dynamic>false</Dynamic>
			<HashName>prop_box_ammo02a</HashName>
			<InitialHandle>109072</InitialHandle>
			<OpacityLevel>255</OpacityLevel>
			<LodDistance>16960</LodDistance>
			<IsVisible>true</IsVisible>
			<Health>1000</Health>
			<IsOnFire>false</IsOnFire>
			<IsInvincible>false</IsInvincible>
			<IsBulletProof>false</IsBulletProof>
			<IsCollisionProof>false</IsCollisionProof>
			<IsExplosionProof>false</IsExplosionProof>
			<IsFireProof>true</IsFireProof>
			<IsMeleeProof>false</IsMeleeProof>
			<IsOnlyDamagedByPlayer>false</IsOnlyDamagedByPlayer>
			<PositionRotation>
				<X>-1645.61438</X>
				<Y>-3164.40356</Y>
				<Z>14.1545954</Z>
				<Pitch>0.0484994166</Pitch>
				<Roll>0.164060608</Roll>
				<Yaw>-28.4984303</Yaw>
			</PositionRotation>
			<Attachment isAttached="true">
				<AttachedTo>379143</AttachedTo>
				<BoneIndex>0</BoneIndex>
				<X>0.570000112</X>
				<Y>-2.00000024</Y>
				<Z>0.610000074</Z>
				<Pitch>0</Pitch>
				<Roll>0</Roll>
				<Yaw>0</Yaw>
			</Attachment>
		</Attachment>
		<Attachment>
			<ModelHash>0xa53de4d1</ModelHash>
			<Type>3</Type>
			<Dynamic>false</Dynamic>
			<HashName>prop_box_ammo02a</HashName>
			<InitialHandle>46355</InitialHandle>
			<OpacityLevel>255</OpacityLevel>
			<LodDistance>16960</LodDistance>
			<IsVisible>true</IsVisible>
			<Health>1000</Health>
			<IsOnFire>false</IsOnFire>
			<IsInvincible>false</IsInvincible>
			<IsBulletProof>false</IsBulletProof>
			<IsCollisionProof>false</IsCollisionProof>
			<IsExplosionProof>false</IsExplosionProof>
			<IsFireProof>true</IsFireProof>
			<IsMeleeProof>false</IsMeleeProof>
			<IsOnlyDamagedByPlayer>false</IsOnlyDamagedByPlayer>
			<PositionRotation>
				<X>-1646.65198</X>
				<Y>-3163.83984</Y>
				<Z>13.9079752</Z>
				<Pitch>0.0484994166</Pitch>
				<Roll>0.164060608</Roll>
				<Yaw>-28.4984303</Yaw>
			</PositionRotation>
			<Attachment isAttached="true">
				<AttachedTo>379143</AttachedTo>
				<BoneIndex>0</BoneIndex>
				<X>-0.610000074</X>
				<Y>-2.00000024</Y>
				<Z>0.360000104</Z>
				<Pitch>0</Pitch>
				<Roll>0</Roll>
				<Yaw>0</Yaw>
			</Attachment>
		</Attachment>
		<Attachment>
			<ModelHash>0xd37a33c0</ModelHash>
			<Type>3</Type>
			<Dynamic>false</Dynamic>
			<HashName>w_sr_heavysniper</HashName>
			<InitialHandle>344853</InitialHandle>
			<OpacityLevel>255</OpacityLevel>
			<LodDistance>16960</LodDistance>
			<IsVisible>true</IsVisible>
			<Health>1000</Health>
			<IsOnFire>false</IsOnFire>
			<IsInvincible>false</IsInvincible>
			<IsBulletProof>false</IsBulletProof>
			<IsCollisionProof>false</IsCollisionProof>
			<IsExplosionProof>false</IsExplosionProof>
			<IsFireProof>true</IsFireProof>
			<IsMeleeProof>false</IsMeleeProof>
			<IsOnlyDamagedByPlayer>false</IsOnlyDamagedByPlayer>
			<PositionRotation>
				<X>-1646.11023</X>
				<Y>-3163.59985</Y>
				<Z>14.4273405</Z>
				<Pitch>-89.8298264</Pitch>
				<Roll>73.5309982</Roll>
				<Yaw>45.0326385</Yaw>
			</PositionRotation>
			<Attachment isAttached="true">
				<AttachedTo>379143</AttachedTo>
				<BoneIndex>0</BoneIndex>
				<X>-0.25000006</X>
				<Y>-1.53000021</Y>
				<Z>0.880000174</Z>
				<Pitch>-90.0000076</Pitch>
				<Roll>0</Roll>
				<Yaw>0</Yaw>
			</Attachment>
		</Attachment>
		<Attachment>
			<ModelHash>0xd3edbc71</ModelHash>
			<Type>3</Type>
			<Dynamic>false</Dynamic>
			<HashName>w_mg_combatmg</HashName>
			<InitialHandle>126742</InitialHandle>
			<OpacityLevel>255</OpacityLevel>
			<LodDistance>16960</LodDistance>
			<IsVisible>true</IsVisible>
			<Health>1000</Health>
			<IsOnFire>false</IsOnFire>
			<IsInvincible>false</IsInvincible>
			<IsBulletProof>false</IsBulletProof>
			<IsCollisionProof>false</IsCollisionProof>
			<IsExplosionProof>false</IsExplosionProof>
			<IsFireProof>true</IsFireProof>
			<IsMeleeProof>false</IsMeleeProof>
			<IsOnlyDamagedByPlayer>false</IsOnlyDamagedByPlayer>
			<PositionRotation>
				<X>-1646.00305</X>
				<Y>-3164.13574</Y>
				<Z>14.4259825</Z>
				<Pitch>89.8298264</Pitch>
				<Roll>-73.5265961</Roll>
				<Yaw>-134.971741</Yaw>
			</PositionRotation>
			<Attachment isAttached="true">
				<AttachedTo>379143</AttachedTo>
				<BoneIndex>0</BoneIndex>
				<X>0.100000016</X>
				<Y>-1.95000005</Y>
				<Z>0.880000174</Z>
				<Pitch>90.0000076</Pitch>
				<Roll>180.000015</Roll>
				<Yaw>0</Yaw>
			</Attachment>
		</Attachment>
		<Attachment>
			<ModelHash>0xc103d44a</ModelHash>
			<Type>3</Type>
			<Dynamic>false</Dynamic>
			<HashName>w_sb_microsmg</HashName>
			<InitialHandle>735253</InitialHandle>
			<OpacityLevel>255</OpacityLevel>
			<LodDistance>16960</LodDistance>
			<IsVisible>true</IsVisible>
			<Health>1000</Health>
			<IsOnFire>false</IsOnFire>
			<IsInvincible>false</IsInvincible>
			<IsBulletProof>false</IsBulletProof>
			<IsCollisionProof>false</IsCollisionProof>
			<IsExplosionProof>false</IsExplosionProof>
			<IsFireProof>true</IsFireProof>
			<IsMeleeProof>false</IsMeleeProof>
			<IsOnlyDamagedByPlayer>false</IsOnlyDamagedByPlayer>
			<PositionRotation>
				<X>-1646.63733</X>
				<Y>-3163.83691</Y>
				<Z>14.4279528</Z>
				<Pitch>89.8298264</Pitch>
				<Roll>16.4616261</Roll>
				<Yaw>-134.959961</Yaw>
			</PositionRotation>
			<Attachment isAttached="true">
				<AttachedTo>379143</AttachedTo>
				<BoneIndex>0</BoneIndex>
				<X>-0.600000083</X>
				<Y>-1.99000025</Y>
				<Z>0.880000114</Z>
				<Pitch>90</Pitch>
				<Roll>90.0000076</Roll>
				<Yaw>180.000015</Yaw>
			</Attachment>
		</Attachment>
		<Attachment>
			<ModelHash>0x35fde08c</ModelHash>
			<Type>3</Type>
			<Dynamic>false</Dynamic>
			<HashName>w_pi_appistol</HashName>
			<InitialHandle>663063</InitialHandle>
			<OpacityLevel>255</OpacityLevel>
			<LodDistance>16960</LodDistance>
			<IsVisible>true</IsVisible>
			<Health>1000</Health>
			<IsOnFire>false</IsOnFire>
			<IsInvincible>false</IsInvincible>
			<IsBulletProof>false</IsBulletProof>
			<IsCollisionProof>false</IsCollisionProof>
			<IsExplosionProof>false</IsExplosionProof>
			<IsFireProof>true</IsFireProof>
			<IsMeleeProof>false</IsMeleeProof>
			<IsOnlyDamagedByPlayer>false</IsOnlyDamagedByPlayer>
			<PositionRotation>
				<X>-1645.68384</X>
				<Y>-3164.09302</Y>
				<Z>14.4153986</Z>
				<Pitch>89.8298264</Pitch>
				<Roll>-73.5265961</Roll>
				<Yaw>-134.971741</Yaw>
			</PositionRotation>
			<Attachment isAttached="true">
				<AttachedTo>379143</AttachedTo>
				<BoneIndex>0</BoneIndex>
				<X>0.360000193</X>
				<Y>-1.76000023</Y>
				<Z>0.870000124</Z>
				<Pitch>90.0000076</Pitch>
				<Roll>180.000015</Roll>
				<Yaw>0</Yaw>
			</Attachment>
		</Attachment>
		<Attachment>
			<ModelHash>0x1807703d</ModelHash>
			<Type>3</Type>
			<Dynamic>false</Dynamic>
			<HashName>w_pi_combatpistol</HashName>
			<InitialHandle>722199</InitialHandle>
			<OpacityLevel>255</OpacityLevel>
			<LodDistance>16960</LodDistance>
			<IsVisible>true</IsVisible>
			<Health>1000</Health>
			<IsOnFire>false</IsOnFire>
			<IsInvincible>false</IsInvincible>
			<IsBulletProof>false</IsBulletProof>
			<IsCollisionProof>false</IsCollisionProof>
			<IsExplosionProof>false</IsExplosionProof>
			<IsFireProof>true</IsFireProof>
			<IsMeleeProof>false</IsMeleeProof>
			<IsOnlyDamagedByPlayer>false</IsOnlyDamagedByPlayer>
			<PositionRotation>
				<X>-1646.33276</X>
				<Y>-3163.69507</Y>
				<Z>14.407609</Z>
				<Pitch>-89.8298264</Pitch>
				<Roll>73.5309982</Roll>
				<Yaw>45.0326385</Yaw>
			</PositionRotation>
			<Attachment isAttached="true">
				<AttachedTo>379143</AttachedTo>
				<BoneIndex>0</BoneIndex>
				<X>-0.400000036</X>
				<Y>-1.72000015</Y>
				<Z>0.860000193</Z>
				<Pitch>-90.0000076</Pitch>
				<Roll>0</Roll>
				<Yaw>0</Yaw>
			</Attachment>
		</Attachment>
		<Attachment>
			<ModelHash>0x72e1c281</ModelHash>
			<Type>3</Type>
			<Dynamic>false</Dynamic>
			<HashName>w_pi_heavypistol</HashName>
			<InitialHandle>734999</InitialHandle>
			<OpacityLevel>255</OpacityLevel>
			<LodDistance>16960</LodDistance>
			<IsVisible>true</IsVisible>
			<Health>1000</Health>
			<IsOnFire>false</IsOnFire>
			<IsInvincible>false</IsInvincible>
			<IsBulletProof>false</IsBulletProof>
			<IsCollisionProof>false</IsCollisionProof>
			<IsExplosionProof>false</IsExplosionProof>
			<IsFireProof>true</IsFireProof>
			<IsMeleeProof>false</IsMeleeProof>
			<IsOnlyDamagedByPlayer>false</IsOnlyDamagedByPlayer>
			<PositionRotation>
				<X>-1646.40552</X>
				<Y>-3163.99707</Y>
				<Z>14.4171257</Z>
				<Pitch>89.8286743</Pitch>
				<Roll>106.473381</Roll>
				<Yaw>-134.971741</Yaw>
			</PositionRotation>
			<Attachment isAttached="true">
				<AttachedTo>379143</AttachedTo>
				<BoneIndex>60</BoneIndex>
				<X>-0.320000023</X>
				<Y>-2.02000022</Y>
				<Z>0.870000184</Z>
				<Pitch>90.0000153</Pitch>
				<Roll>1.90734863e-006</Roll>
				<Yaw>0</Yaw>
			</Attachment>
		</Attachment>
		<Attachment>
			<ModelHash>0x5778a9b1</ModelHash>
			<Type>3</Type>
			<Dynamic>false</Dynamic>
			<HashName>w_pi_pistol</HashName>
			<InitialHandle>712983</InitialHandle>
			<OpacityLevel>255</OpacityLevel>
			<LodDistance>16960</LodDistance>
			<IsVisible>true</IsVisible>
			<Health>1000</Health>
			<IsOnFire>false</IsOnFire>
			<IsInvincible>false</IsInvincible>
			<IsBulletProof>false</IsBulletProof>
			<IsCollisionProof>false</IsCollisionProof>
			<IsExplosionProof>false</IsExplosionProof>
			<IsFireProof>true</IsFireProof>
			<IsMeleeProof>false</IsMeleeProof>
			<IsOnlyDamagedByPlayer>false</IsOnlyDamagedByPlayer>
			<PositionRotation>
				<X>-1645.50891</X>
				<Y>-3164.46069</Y>
				<Z>14.1442518</Z>
				<Pitch>89.8321304</Pitch>
				<Roll>16.4677296</Roll>
				<Yaw>-134.966095</Yaw>
			</PositionRotation>
			<Attachment isAttached="true">
				<AttachedTo>379143</AttachedTo>
				<BoneIndex>0</BoneIndex>
				<X>0.690000117</X>
				<Y>-2.00000024</Y>
				<Z>0.600000083</Z>
				<Pitch>90.0000076</Pitch>
				<Roll>-90.0000076</Roll>
				<Yaw>0</Yaw>
			</Attachment>
		</Attachment>
	</SpoonerAttachments>
</Vehicle>
