<?xml version="1.0" encoding="ISO-8859-1"?>
<Vehicle menyoo_ver="0.9998b">
	<ModelHash>0x761e2ad3</ModelHash>
	<InitialHandle>28422</InitialHandle>
	<VehicleProperties>
		<Colours>
			<Primary>0</Primary>
			<Secondary>0</Secondary>
			<Pearl>10</Pearl>
			<Rim>156</Rim>
			<Mod1_a>2</Mod1_a>
			<Mod1_b>0</Mod1_b>
			<Mod1_c>59</Mod1_c>
			<Mod2_a>0</Mod2_a>
			<Mod2_b>1036831949</Mod2_b>
			<IsPrimaryColourCustom>false</IsPrimaryColourCustom>
			<IsSecondaryColourCustom>false</IsSecondaryColourCustom>
			<tyreSmoke_R>255</tyreSmoke_R>
			<tyreSmoke_G>255</tyreSmoke_G>
			<tyreSmoke_B>255</tyreSmoke_B>
			<LrInterior>0</LrInterior>
			<LrDashboard>0</LrDashboard>
		</Colours>
		<Livery>-1</Livery>
		<NumberPlateText>29DTV671</NumberPlateText>
		<NumberPlateIndex>4</NumberPlateIndex>
		<WheelType>0</WheelType>
		<WheelsInvisible>false</WheelsInvisible>
		<WindowTint>1</WindowTint>
		<BulletProofTyres>true</BulletProofTyres>
		<DirtLevel>3.09201226e-007</DirtLevel>
		<PaintFade>0.011764707</PaintFade>
		<RoofState>0</RoofState>
		<SirenActive>false</SirenActive>
		<EngineOn>true</EngineOn>
		<EngineHealth>1250</EngineHealth>
		<LightsOn>false</LightsOn>
		<Neons>
			<Left>false</Left>
			<Right>false</Right>
			<Front>false</Front>
			<Back>false</Back>
			<R>255</R>
			<G>0</G>
			<B>255</B>
		</Neons>
		<ModExtras />
		<Mods>
			<_0>-1,0</_0>
			<_1>-1,0</_1>
			<_2>-1,0</_2>
			<_3>-1,0</_3>
			<_4>-1,0</_4>
			<_5>-1,0</_5>
			<_6>-1,0</_6>
			<_7>-1,0</_7>
			<_8>-1,0</_8>
			<_9>-1,0</_9>
			<_10>-1,0</_10>
			<_11>-1,0</_11>
			<_12>-1,0</_12>
			<_13>-1,0</_13>
			<_14>-1,0</_14>
			<_15>-1,0</_15>
			<_16>-1,0</_16>
			<_17>false</_17>
			<_18>true</_18>
			<_19>false</_19>
			<_20>true</_20>
			<_21>false</_21>
			<_22>true</_22>
			<_23>-1,0</_23>
			<_24>-1,0</_24>
			<_25>-1,0</_25>
			<_26>-1,0</_26>
			<_27>-1,0</_27>
			<_28>-1,0</_28>
			<_29>-1,0</_29>
			<_30>-1,0</_30>
			<_31>-1,0</_31>
			<_32>-1,0</_32>
			<_33>-1,0</_33>
			<_34>-1,0</_34>
			<_35>-1,0</_35>
			<_36>-1,0</_36>
			<_37>-1,0</_37>
			<_38>-1,0</_38>
			<_39>-1,0</_39>
			<_40>-1,0</_40>
			<_41>-1,0</_41>
			<_42>-1,0</_42>
			<_43>-1,0</_43>
			<_44>-1,0</_44>
			<_45>-1,0</_45>
			<_46>-1,0</_46>
			<_47>-1,0</_47>
			<_48>-1,0</_48>
		</Mods>
		<DoorsOpen>
			<BackLeftDoor>false</BackLeftDoor>
			<BackRightDoor>false</BackRightDoor>
			<FrontLeftDoor>false</FrontLeftDoor>
			<FrontRightDoor>false</FrontRightDoor>
			<Hood>false</Hood>
			<Trunk>false</Trunk>
			<Trunk2>false</Trunk2>
		</DoorsOpen>
		<DoorsBroken>
			<BackLeftDoor>false</BackLeftDoor>
			<BackRightDoor>false</BackRightDoor>
			<FrontLeftDoor>false</FrontLeftDoor>
			<FrontRightDoor>false</FrontRightDoor>
			<Hood>false</Hood>
			<Trunk>false</Trunk>
			<Trunk2>false</Trunk2>
		</DoorsBroken>
		<TyresBursted>
			<FrontLeft>false</FrontLeft>
			<FrontRight>false</FrontRight>
			<_2>false</_2>
			<_3>false</_3>
			<BackLeft>false</BackLeft>
			<BackRight>false</BackRight>
			<_6>false</_6>
			<_7>false</_7>
			<_8>false</_8>
		</TyresBursted>
		<RpmMultiplier>1</RpmMultiplier>
		<TorqueMultiplier>1</TorqueMultiplier>
		<HeadlightIntensity>1</HeadlightIntensity>
	</VehicleProperties>
	<OpacityLevel>255</OpacityLevel>
	<LodDistance>1000</LodDistance>
	<IsVisible>true</IsVisible>
	<IsDriverVisible>true</IsDriverVisible>
	<IsOnFire>false</IsOnFire>
	<IsInvincible>false</IsInvincible>
	<IsBulletProof>true</IsBulletProof>
	<IsExplosionProof>false</IsExplosionProof>
	<IsFireProof>true</IsFireProof>
	<IsMeleeProof>false</IsMeleeProof>
	<IsOnlyDamagedByPlayer>false</IsOnlyDamagedByPlayer>
	<SpoonerAttachments SetAttachmentsPersistentAndAddToSpoonerDatabase="false">
		<Attachment>
			<ModelHash>0x05699673</ModelHash>
			<Type>3</Type>
			<Dynamic>false</Dynamic>
			<HashName>prop_mil_crate_01</HashName>
			<InitialHandle>294663</InitialHandle>
			<OpacityLevel>255</OpacityLevel>
			<LodDistance>16960</LodDistance>
			<IsVisible>true</IsVisible>
			<Health>1000</Health>
			<IsOnFire>false</IsOnFire>
			<IsInvincible>false</IsInvincible>
			<IsBulletProof>false</IsBulletProof>
			<IsCollisionProof>false</IsCollisionProof>
			<IsExplosionProof>false</IsExplosionProof>
			<IsFireProof>true</IsFireProof>
			<IsMeleeProof>false</IsMeleeProof>
			<IsOnlyDamagedByPlayer>false</IsOnlyDamagedByPlayer>
			<PositionRotation>
				<X>-1920.82031</X>
				<Y>3029.88135</Y>
				<Z>33.669735</Z>
				<Pitch>-0.454851955</Pitch>
				<Roll>0.00574537041</Roll>
				<Yaw>57.4263344</Yaw>
			</PositionRotation>
			<Attachment isAttached="true">
				<AttachedTo>28422</AttachedTo>
				<BoneIndex>0</BoneIndex>
				<X>0</X>
				<Y>-2.20000029</Y>
				<Z>0</Z>
				<Pitch>0</Pitch>
				<Roll>0</Roll>
				<Yaw>0</Yaw>
			</Attachment>
		</Attachment>
		<Attachment>
			<ModelHash>0x05699673</ModelHash>
			<Type>3</Type>
			<Dynamic>false</Dynamic>
			<HashName>prop_mil_crate_01</HashName>
			<InitialHandle>531463</InitialHandle>
			<OpacityLevel>255</OpacityLevel>
			<LodDistance>16960</LodDistance>
			<IsVisible>true</IsVisible>
			<Health>1000</Health>
			<IsOnFire>false</IsOnFire>
			<IsInvincible>false</IsInvincible>
			<IsBulletProof>false</IsBulletProof>
			<IsCollisionProof>false</IsCollisionProof>
			<IsExplosionProof>false</IsExplosionProof>
			<IsFireProof>true</IsFireProof>
			<IsMeleeProof>false</IsMeleeProof>
			<IsOnlyDamagedByPlayer>false</IsOnlyDamagedByPlayer>
			<PositionRotation>
				<X>-1920.82764</X>
				<Y>3029.88599</Y>
				<Z>34.7697029</Z>
				<Pitch>-0.454851955</Pitch>
				<Roll>0.00574537041</Roll>
				<Yaw>57.4263344</Yaw>
			</PositionRotation>
			<Attachment isAttached="true">
				<AttachedTo>28422</AttachedTo>
				<BoneIndex>0</BoneIndex>
				<X>0</X>
				<Y>-2.20000029</Y>
				<Z>1.10000014</Z>
				<Pitch>0</Pitch>
				<Roll>0</Roll>
				<Yaw>0</Yaw>
			</Attachment>
		</Attachment>
		<Attachment>
			<ModelHash>0x05699673</ModelHash>
			<Type>3</Type>
			<Dynamic>false</Dynamic>
			<HashName>prop_mil_crate_01</HashName>
			<InitialHandle>398343</InitialHandle>
			<OpacityLevel>255</OpacityLevel>
			<LodDistance>16960</LodDistance>
			<IsVisible>true</IsVisible>
			<Health>1000</Health>
			<IsOnFire>false</IsOnFire>
			<IsInvincible>false</IsInvincible>
			<IsBulletProof>false</IsBulletProof>
			<IsCollisionProof>false</IsCollisionProof>
			<IsExplosionProof>false</IsExplosionProof>
			<IsFireProof>true</IsFireProof>
			<IsMeleeProof>false</IsMeleeProof>
			<IsOnlyDamagedByPlayer>false</IsOnlyDamagedByPlayer>
			<PositionRotation>
				<X>-1919.80908</X>
				<Y>3029.23511</Y>
				<Z>33.6792641</Z>
				<Pitch>-0.454851955</Pitch>
				<Roll>0.00574537041</Roll>
				<Yaw>57.4263344</Yaw>
			</PositionRotation>
			<Attachment isAttached="true">
				<AttachedTo>28422</AttachedTo>
				<BoneIndex>0</BoneIndex>
				<X>0</X>
				<Y>-3.3999989</Y>
				<Z>1.49011612e-008</Z>
				<Pitch>0</Pitch>
				<Roll>0</Roll>
				<Yaw>0</Yaw>
			</Attachment>
		</Attachment>
		<Attachment>
			<ModelHash>0x05699673</ModelHash>
			<Type>3</Type>
			<Dynamic>false</Dynamic>
			<HashName>prop_mil_crate_01</HashName>
			<InitialHandle>520967</InitialHandle>
			<OpacityLevel>255</OpacityLevel>
			<LodDistance>16960</LodDistance>
			<IsVisible>true</IsVisible>
			<Health>1000</Health>
			<IsOnFire>false</IsOnFire>
			<IsInvincible>false</IsInvincible>
			<IsBulletProof>false</IsBulletProof>
			<IsCollisionProof>false</IsCollisionProof>
			<IsExplosionProof>false</IsExplosionProof>
			<IsFireProof>true</IsFireProof>
			<IsMeleeProof>false</IsMeleeProof>
			<IsOnlyDamagedByPlayer>false</IsOnlyDamagedByPlayer>
			<PositionRotation>
				<X>-1919.81641</X>
				<Y>3029.23999</Y>
				<Z>34.7792282</Z>
				<Pitch>-0.454851955</Pitch>
				<Roll>0.00574537041</Roll>
				<Yaw>57.4263344</Yaw>
			</PositionRotation>
			<Attachment isAttached="true">
				<AttachedTo>28422</AttachedTo>
				<BoneIndex>0</BoneIndex>
				<X>0</X>
				<Y>-3.39999914</Y>
				<Z>1.10000014</Z>
				<Pitch>0</Pitch>
				<Roll>0</Roll>
				<Yaw>0</Yaw>
			</Attachment>
		</Attachment>
		<Attachment>
			<ModelHash>0x7da33acb</ModelHash>
			<Type>3</Type>
			<Dynamic>false</Dynamic>
			<HashName>prop_box_ammo03a_set2</HashName>
			<InitialHandle>520199</InitialHandle>
			<OpacityLevel>255</OpacityLevel>
			<LodDistance>16960</LodDistance>
			<IsVisible>true</IsVisible>
			<Health>1000</Health>
			<IsOnFire>false</IsOnFire>
			<IsInvincible>false</IsInvincible>
			<IsBulletProof>false</IsBulletProof>
			<IsCollisionProof>false</IsCollisionProof>
			<IsExplosionProof>false</IsExplosionProof>
			<IsFireProof>true</IsFireProof>
			<IsMeleeProof>false</IsMeleeProof>
			<IsOnlyDamagedByPlayer>false</IsOnlyDamagedByPlayer>
			<PositionRotation>
				<X>-1922.37561</X>
				<Y>3030.04419</Y>
				<Z>33.4586983</Z>
				<Pitch>-0.454851955</Pitch>
				<Roll>0.00574537041</Roll>
				<Yaw>57.4263344</Yaw>
			</PositionRotation>
			<Attachment isAttached="true">
				<AttachedTo>28422</AttachedTo>
				<BoneIndex>0</BoneIndex>
				<X>-0.700000107</X>
				<Y>-0.799999952</Y>
				<Z>-0.200000018</Z>
				<Pitch>0</Pitch>
				<Roll>0</Roll>
				<Yaw>0</Yaw>
			</Attachment>
		</Attachment>
		<Attachment>
			<ModelHash>0x7da33acb</ModelHash>
			<Type>3</Type>
			<Dynamic>false</Dynamic>
			<HashName>prop_box_ammo03a_set2</HashName>
			<InitialHandle>59143</InitialHandle>
			<OpacityLevel>255</OpacityLevel>
			<LodDistance>16960</LodDistance>
			<IsVisible>true</IsVisible>
			<Health>1000</Health>
			<IsOnFire>false</IsOnFire>
			<IsInvincible>false</IsInvincible>
			<IsBulletProof>false</IsBulletProof>
			<IsCollisionProof>false</IsCollisionProof>
			<IsExplosionProof>false</IsExplosionProof>
			<IsFireProof>true</IsFireProof>
			<IsMeleeProof>false</IsMeleeProof>
			<IsOnlyDamagedByPlayer>false</IsOnlyDamagedByPlayer>
			<PositionRotation>
				<X>-1921.72949</X>
				<Y>3031.05542</Y>
				<Z>33.45858</Z>
				<Pitch>-0.454851955</Pitch>
				<Roll>0.00574537041</Roll>
				<Yaw>57.4263344</Yaw>
			</PositionRotation>
			<Attachment isAttached="true">
				<AttachedTo>28422</AttachedTo>
				<BoneIndex>0</BoneIndex>
				<X>0.50000006</X>
				<Y>-0.799999952</Y>
				<Z>-0.200000033</Z>
				<Pitch>0</Pitch>
				<Roll>0</Roll>
				<Yaw>0</Yaw>
			</Attachment>
		</Attachment>
		<Attachment>
			<ModelHash>0x7da33acb</ModelHash>
			<Type>3</Type>
			<Dynamic>false</Dynamic>
			<HashName>prop_box_ammo03a_set2</HashName>
			<InitialHandle>504583</InitialHandle>
			<OpacityLevel>255</OpacityLevel>
			<LodDistance>16960</LodDistance>
			<IsVisible>true</IsVisible>
			<Health>1000</Health>
			<IsOnFire>false</IsOnFire>
			<IsInvincible>false</IsInvincible>
			<IsBulletProof>false</IsBulletProof>
			<IsCollisionProof>false</IsCollisionProof>
			<IsExplosionProof>false</IsExplosionProof>
			<IsFireProof>true</IsFireProof>
			<IsMeleeProof>false</IsMeleeProof>
			<IsOnlyDamagedByPlayer>false</IsOnlyDamagedByPlayer>
			<PositionRotation>
				<X>-1922.38159</X>
				<Y>3030.0481</Y>
				<Z>34.3586693</Z>
				<Pitch>-0.454851955</Pitch>
				<Roll>0.00574537041</Roll>
				<Yaw>57.4263344</Yaw>
			</PositionRotation>
			<Attachment isAttached="true">
				<AttachedTo>28422</AttachedTo>
				<BoneIndex>0</BoneIndex>
				<X>-0.700000107</X>
				<Y>-0.799999952</Y>
				<Z>0.700000107</Z>
				<Pitch>0</Pitch>
				<Roll>0</Roll>
				<Yaw>0</Yaw>
			</Attachment>
		</Attachment>
		<Attachment>
			<ModelHash>0x7da33acb</ModelHash>
			<Type>3</Type>
			<Dynamic>false</Dynamic>
			<HashName>prop_box_ammo03a_set2</HashName>
			<InitialHandle>284167</InitialHandle>
			<OpacityLevel>255</OpacityLevel>
			<LodDistance>16960</LodDistance>
			<IsVisible>true</IsVisible>
			<Health>1000</Health>
			<IsOnFire>false</IsOnFire>
			<IsInvincible>false</IsInvincible>
			<IsBulletProof>false</IsBulletProof>
			<IsCollisionProof>false</IsCollisionProof>
			<IsExplosionProof>false</IsExplosionProof>
			<IsFireProof>true</IsFireProof>
			<IsMeleeProof>false</IsMeleeProof>
			<IsOnlyDamagedByPlayer>false</IsOnlyDamagedByPlayer>
			<PositionRotation>
				<X>-1921.73547</X>
				<Y>3031.05933</Y>
				<Z>34.358551</Z>
				<Pitch>-0.454851955</Pitch>
				<Roll>0.00574537041</Roll>
				<Yaw>57.4263344</Yaw>
			</PositionRotation>
			<Attachment isAttached="true">
				<AttachedTo>28422</AttachedTo>
				<BoneIndex>0</BoneIndex>
				<X>0.50000006</X>
				<Y>-0.799999952</Y>
				<Z>0.700000107</Z>
				<Pitch>0</Pitch>
				<Roll>0</Roll>
				<Yaw>0</Yaw>
			</Attachment>
		</Attachment>
		<Attachment>
			<ModelHash>0x7da33acb</ModelHash>
			<Type>3</Type>
			<Dynamic>false</Dynamic>
			<HashName>prop_box_ammo03a_set2</HashName>
			<InitialHandle>35335</InitialHandle>
			<OpacityLevel>255</OpacityLevel>
			<LodDistance>16960</LodDistance>
			<IsVisible>true</IsVisible>
			<Health>1000</Health>
			<IsOnFire>false</IsOnFire>
			<IsInvincible>false</IsInvincible>
			<IsBulletProof>false</IsBulletProof>
			<IsCollisionProof>false</IsCollisionProof>
			<IsExplosionProof>false</IsExplosionProof>
			<IsFireProof>true</IsFireProof>
			<IsMeleeProof>false</IsMeleeProof>
			<IsOnlyDamagedByPlayer>false</IsOnlyDamagedByPlayer>
			<PositionRotation>
				<X>-1922.38757</X>
				<Y>3030.052</Y>
				<Z>35.2586441</Z>
				<Pitch>-0.454851955</Pitch>
				<Roll>0.00574537041</Roll>
				<Yaw>57.4263344</Yaw>
			</PositionRotation>
			<Attachment isAttached="true">
				<AttachedTo>28422</AttachedTo>
				<BoneIndex>0</BoneIndex>
				<X>-0.700000107</X>
				<Y>-0.799999952</Y>
				<Z>1.60000026</Z>
				<Pitch>0</Pitch>
				<Roll>0</Roll>
				<Yaw>0</Yaw>
			</Attachment>
		</Attachment>
		<Attachment>
			<ModelHash>0x7da33acb</ModelHash>
			<Type>3</Type>
			<Dynamic>false</Dynamic>
			<HashName>prop_box_ammo03a_set2</HashName>
			<InitialHandle>261127</InitialHandle>
			<OpacityLevel>255</OpacityLevel>
			<LodDistance>16960</LodDistance>
			<IsVisible>true</IsVisible>
			<Health>1000</Health>
			<IsOnFire>false</IsOnFire>
			<IsInvincible>false</IsInvincible>
			<IsBulletProof>false</IsBulletProof>
			<IsCollisionProof>false</IsCollisionProof>
			<IsExplosionProof>false</IsExplosionProof>
			<IsFireProof>true</IsFireProof>
			<IsMeleeProof>false</IsMeleeProof>
			<IsOnlyDamagedByPlayer>false</IsOnlyDamagedByPlayer>
			<PositionRotation>
				<X>-1921.74146</X>
				<Y>3031.06323</Y>
				<Z>35.258522</Z>
				<Pitch>-0.454851955</Pitch>
				<Roll>0.00574537041</Roll>
				<Yaw>57.4263344</Yaw>
			</PositionRotation>
			<Attachment isAttached="true">
				<AttachedTo>28422</AttachedTo>
				<BoneIndex>0</BoneIndex>
				<X>0.50000006</X>
				<Y>-0.800000072</Y>
				<Z>1.60000026</Z>
				<Pitch>0</Pitch>
				<Roll>0</Roll>
				<Yaw>0</Yaw>
			</Attachment>
		</Attachment>
		<Attachment>
			<ModelHash>0x1cb21205</ModelHash>
			<Type>3</Type>
			<Dynamic>false</Dynamic>
			<HashName>prop_mb_crate_01a</HashName>
			<InitialHandle>136210</InitialHandle>
			<OpacityLevel>255</OpacityLevel>
			<LodDistance>16960</LodDistance>
			<IsVisible>true</IsVisible>
			<Health>1000</Health>
			<IsOnFire>false</IsOnFire>
			<IsInvincible>false</IsInvincible>
			<IsBulletProof>false</IsBulletProof>
			<IsCollisionProof>false</IsCollisionProof>
			<IsExplosionProof>false</IsExplosionProof>
			<IsFireProof>true</IsFireProof>
			<IsMeleeProof>false</IsMeleeProof>
			<IsOnlyDamagedByPlayer>false</IsOnlyDamagedByPlayer>
			<PositionRotation>
				<X>-1918.89453</X>
				<Y>3028.05762</Y>
				<Z>33.0904465</Z>
				<Pitch>0.00574526936</Pitch>
				<Roll>0.454851776</Roll>
				<Yaw>147.4263</Yaw>
			</PositionRotation>
			<Attachment isAttached="true">
				<AttachedTo>28422</AttachedTo>
				<BoneIndex>0</BoneIndex>
				<X>-0.50000006</X>
				<Y>-4.79999781</Y>
				<Z>-0.600000083</Z>
				<Pitch>0</Pitch>
				<Roll>0</Roll>
				<Yaw>90.0000153</Yaw>
			</Attachment>
		</Attachment>
		<Attachment>
			<ModelHash>0x1cb21205</ModelHash>
			<Type>3</Type>
			<Dynamic>false</Dynamic>
			<HashName>prop_mb_crate_01a</HashName>
			<InitialHandle>505617</InitialHandle>
			<OpacityLevel>255</OpacityLevel>
			<LodDistance>16960</LodDistance>
			<IsVisible>true</IsVisible>
			<Health>1000</Health>
			<IsOnFire>false</IsOnFire>
			<IsInvincible>false</IsInvincible>
			<IsBulletProof>false</IsBulletProof>
			<IsCollisionProof>false</IsCollisionProof>
			<IsExplosionProof>false</IsExplosionProof>
			<IsFireProof>true</IsFireProof>
			<IsMeleeProof>false</IsMeleeProof>
			<IsOnlyDamagedByPlayer>false</IsOnlyDamagedByPlayer>
			<PositionRotation>
				<X>-1918.3562</X>
				<Y>3028.90015</Y>
				<Z>33.0903435</Z>
				<Pitch>-0.00574508263</Pitch>
				<Roll>-0.454851836</Roll>
				<Yaw>-32.5737152</Yaw>
			</PositionRotation>
			<Attachment isAttached="true">
				<AttachedTo>28422</AttachedTo>
				<BoneIndex>0</BoneIndex>
				<X>0.500000119</X>
				<Y>-4.80000067</Y>
				<Z>-0.600000083</Z>
				<Pitch>0</Pitch>
				<Roll>0</Roll>
				<Yaw>-90.0000153</Yaw>
			</Attachment>
		</Attachment>
		<Attachment>
			<ModelHash>0x1cb21205</ModelHash>
			<Type>3</Type>
			<Dynamic>false</Dynamic>
			<HashName>prop_mb_crate_01a</HashName>
			<InitialHandle>732177</InitialHandle>
			<OpacityLevel>255</OpacityLevel>
			<LodDistance>16960</LodDistance>
			<IsVisible>true</IsVisible>
			<Health>1000</Health>
			<IsOnFire>false</IsOnFire>
			<IsInvincible>false</IsInvincible>
			<IsBulletProof>false</IsBulletProof>
			<IsCollisionProof>false</IsCollisionProof>
			<IsExplosionProof>false</IsExplosionProof>
			<IsFireProof>true</IsFireProof>
			<IsMeleeProof>false</IsMeleeProof>
			<IsOnlyDamagedByPlayer>false</IsOnlyDamagedByPlayer>
			<PositionRotation>
				<X>-1918.89832</X>
				<Y>3028.06006</Y>
				<Z>33.6504288</Z>
				<Pitch>0.00574517576</Pitch>
				<Roll>0.454851836</Roll>
				<Yaw>147.426285</Yaw>
			</PositionRotation>
			<Attachment isAttached="true">
				<AttachedTo>28422</AttachedTo>
				<BoneIndex>0</BoneIndex>
				<X>-0.50000006</X>
				<Y>-4.80000067</Y>
				<Z>-0.0400000066</Z>
				<Pitch>0</Pitch>
				<Roll>0</Roll>
				<Yaw>90.0000076</Yaw>
			</Attachment>
		</Attachment>
		<Attachment>
			<ModelHash>0x1cb21205</ModelHash>
			<Type>3</Type>
			<Dynamic>false</Dynamic>
			<HashName>prop_mb_crate_01a</HashName>
			<InitialHandle>33812</InitialHandle>
			<OpacityLevel>255</OpacityLevel>
			<LodDistance>16960</LodDistance>
			<IsVisible>true</IsVisible>
			<Health>1000</Health>
			<IsOnFire>false</IsOnFire>
			<IsInvincible>false</IsInvincible>
			<IsBulletProof>false</IsBulletProof>
			<IsCollisionProof>false</IsCollisionProof>
			<IsExplosionProof>false</IsExplosionProof>
			<IsFireProof>true</IsFireProof>
			<IsMeleeProof>false</IsMeleeProof>
			<IsOnlyDamagedByPlayer>false</IsOnlyDamagedByPlayer>
			<PositionRotation>
				<X>-1918.35986</X>
				<Y>3028.90259</Y>
				<Z>33.6503258</Z>
				<Pitch>-0.00574517576</Pitch>
				<Roll>-0.454851836</Roll>
				<Yaw>-32.5737</Yaw>
			</PositionRotation>
			<Attachment isAttached="true">
				<AttachedTo>28422</AttachedTo>
				<BoneIndex>0</BoneIndex>
				<X>0.50000006</X>
				<Y>-4.80000067</Y>
				<Z>-0.0400000066</Z>
				<Pitch>0</Pitch>
				<Roll>0</Roll>
				<Yaw>-90.0000076</Yaw>
			</Attachment>
		</Attachment>
		<Attachment>
			<ModelHash>0x1cb21205</ModelHash>
			<Type>3</Type>
			<Dynamic>false</Dynamic>
			<HashName>prop_mb_crate_01a</HashName>
			<InitialHandle>232469</InitialHandle>
			<OpacityLevel>255</OpacityLevel>
			<LodDistance>16960</LodDistance>
			<IsVisible>true</IsVisible>
			<Health>1000</Health>
			<IsOnFire>false</IsOnFire>
			<IsInvincible>false</IsInvincible>
			<IsBulletProof>false</IsBulletProof>
			<IsCollisionProof>false</IsCollisionProof>
			<IsExplosionProof>false</IsExplosionProof>
			<IsFireProof>true</IsFireProof>
			<IsMeleeProof>false</IsMeleeProof>
			<IsOnlyDamagedByPlayer>false</IsOnlyDamagedByPlayer>
			<PositionRotation>
				<X>-1918.90198</X>
				<Y>3028.0625</Y>
				<Z>34.2104111</Z>
				<Pitch>0.00574517576</Pitch>
				<Roll>0.454851836</Roll>
				<Yaw>147.426285</Yaw>
			</PositionRotation>
			<Attachment isAttached="true">
				<AttachedTo>28422</AttachedTo>
				<BoneIndex>0</BoneIndex>
				<X>-0.50000006</X>
				<Y>-4.80000067</Y>
				<Z>0.520000041</Z>
				<Pitch>0</Pitch>
				<Roll>0</Roll>
				<Yaw>90.0000076</Yaw>
			</Attachment>
		</Attachment>
		<Attachment>
			<ModelHash>0x1cb21205</ModelHash>
			<Type>3</Type>
			<Dynamic>false</Dynamic>
			<HashName>prop_mb_crate_01a</HashName>
			<InitialHandle>516117</InitialHandle>
			<OpacityLevel>255</OpacityLevel>
			<LodDistance>16960</LodDistance>
			<IsVisible>true</IsVisible>
			<Health>1000</Health>
			<IsOnFire>false</IsOnFire>
			<IsInvincible>false</IsInvincible>
			<IsBulletProof>false</IsBulletProof>
			<IsCollisionProof>false</IsCollisionProof>
			<IsExplosionProof>false</IsExplosionProof>
			<IsFireProof>true</IsFireProof>
			<IsMeleeProof>false</IsMeleeProof>
			<IsOnlyDamagedByPlayer>false</IsOnlyDamagedByPlayer>
			<PositionRotation>
				<X>-1918.36365</X>
				<Y>3028.90503</Y>
				<Z>34.2103119</Z>
				<Pitch>-0.00574517576</Pitch>
				<Roll>-0.454851836</Roll>
				<Yaw>-32.5737</Yaw>
			</PositionRotation>
			<Attachment isAttached="true">
				<AttachedTo>28422</AttachedTo>
				<BoneIndex>0</BoneIndex>
				<X>0.50000006</X>
				<Y>-4.80000114</Y>
				<Z>0.520000041</Z>
				<Pitch>0</Pitch>
				<Roll>0</Roll>
				<Yaw>-90.0000076</Yaw>
			</Attachment>
		</Attachment>
		<Attachment>
			<ModelHash>0x5869a8f8</ModelHash>
			<Type>3</Type>
			<Dynamic>false</Dynamic>
			<HashName>prop_large_gold</HashName>
			<InitialHandle>566038</InitialHandle>
			<OpacityLevel>255</OpacityLevel>
			<LodDistance>16960</LodDistance>
			<IsVisible>true</IsVisible>
			<Health>1000</Health>
			<IsOnFire>false</IsOnFire>
			<IsInvincible>false</IsInvincible>
			<IsBulletProof>false</IsBulletProof>
			<IsCollisionProof>false</IsCollisionProof>
			<IsExplosionProof>false</IsExplosionProof>
			<IsFireProof>true</IsFireProof>
			<IsMeleeProof>false</IsMeleeProof>
			<IsOnlyDamagedByPlayer>false</IsOnlyDamagedByPlayer>
			<PositionRotation>
				<X>-1917.44812</X>
				<Y>3027.72681</Y>
				<Z>33.4714966</Z>
				<Pitch>-0.454851955</Pitch>
				<Roll>0.00574537041</Roll>
				<Yaw>57.4263344</Yaw>
			</PositionRotation>
			<Attachment isAttached="true">
				<AttachedTo>28422</AttachedTo>
				<BoneIndex>0</BoneIndex>
				<X>0</X>
				<Y>-6.19999647</Y>
				<Z>-0.230000019</Z>
				<Pitch>0</Pitch>
				<Roll>0</Roll>
				<Yaw>0</Yaw>
			</Attachment>
		</Attachment>
		<Attachment>
			<ModelHash>0xa5c3f740</ModelHash>
			<Type>3</Type>
			<Dynamic>false</Dynamic>
			<HashName>prop_box_wood05a</HashName>
			<InitialHandle>276760</InitialHandle>
			<OpacityLevel>255</OpacityLevel>
			<LodDistance>16960</LodDistance>
			<IsVisible>true</IsVisible>
			<Health>1000</Health>
			<IsOnFire>false</IsOnFire>
			<IsInvincible>false</IsInvincible>
			<IsBulletProof>false</IsBulletProof>
			<IsCollisionProof>false</IsCollisionProof>
			<IsExplosionProof>false</IsExplosionProof>
			<IsFireProof>true</IsFireProof>
			<IsMeleeProof>false</IsMeleeProof>
			<IsOnlyDamagedByPlayer>false</IsOnlyDamagedByPlayer>
			<PositionRotation>
				<X>-1916.51917</X>
				<Y>3027.1333</Y>
				<Z>33.1802406</Z>
				<Pitch>-0.454851955</Pitch>
				<Roll>0.00574537041</Roll>
				<Yaw>57.4263344</Yaw>
			</PositionRotation>
			<Attachment isAttached="true">
				<AttachedTo>28422</AttachedTo>
				<BoneIndex>0</BoneIndex>
				<X>0</X>
				<Y>-7.30000019</Y>
				<Z>-0.530000031</Z>
				<Pitch>0</Pitch>
				<Roll>0</Roll>
				<Yaw>0</Yaw>
			</Attachment>
		</Attachment>
		<Attachment>
			<ModelHash>0xe9e2ec92</ModelHash>
			<Type>3</Type>
			<Dynamic>false</Dynamic>
			<HashName>prop_box_ammo04a</HashName>
			<InitialHandle>68632</InitialHandle>
			<OpacityLevel>255</OpacityLevel>
			<LodDistance>16960</LodDistance>
			<IsVisible>true</IsVisible>
			<Health>1000</Health>
			<IsOnFire>false</IsOnFire>
			<IsInvincible>false</IsInvincible>
			<IsBulletProof>false</IsBulletProof>
			<IsCollisionProof>false</IsCollisionProof>
			<IsExplosionProof>false</IsExplosionProof>
			<IsFireProof>true</IsFireProof>
			<IsMeleeProof>false</IsMeleeProof>
			<IsOnlyDamagedByPlayer>false</IsOnlyDamagedByPlayer>
			<PositionRotation>
				<X>-1916.77905</X>
				<Y>3026.11255</Y>
				<Z>33.1129608</Z>
				<Pitch>0.00574517576</Pitch>
				<Roll>0.454851836</Roll>
				<Yaw>147.426285</Yaw>
			</PositionRotation>
			<Attachment isAttached="true">
				<AttachedTo>28422</AttachedTo>
				<BoneIndex>0</BoneIndex>
				<X>-1.00000012</X>
				<Y>-7.63000441</Y>
				<Z>-0.600000083</Z>
				<Pitch>0</Pitch>
				<Roll>0</Roll>
				<Yaw>90.0000076</Yaw>
			</Attachment>
		</Attachment>
		<Attachment>
			<ModelHash>0xe9e2ec92</ModelHash>
			<Type>3</Type>
			<Dynamic>false</Dynamic>
			<HashName>prop_box_ammo04a</HashName>
			<InitialHandle>538648</InitialHandle>
			<OpacityLevel>255</OpacityLevel>
			<LodDistance>16960</LodDistance>
			<IsVisible>true</IsVisible>
			<Health>1000</Health>
			<IsOnFire>false</IsOnFire>
			<IsInvincible>false</IsInvincible>
			<IsBulletProof>false</IsBulletProof>
			<IsCollisionProof>false</IsCollisionProof>
			<IsExplosionProof>false</IsExplosionProof>
			<IsFireProof>true</IsFireProof>
			<IsMeleeProof>false</IsMeleeProof>
			<IsOnlyDamagedByPlayer>false</IsOnlyDamagedByPlayer>
			<PositionRotation>
				<X>-1915.70227</X>
				<Y>3027.7981</Y>
				<Z>33.1127625</Z>
				<Pitch>-0.00574517576</Pitch>
				<Roll>-0.454851836</Roll>
				<Yaw>-32.5737</Yaw>
			</PositionRotation>
			<Attachment isAttached="true">
				<AttachedTo>28422</AttachedTo>
				<BoneIndex>0</BoneIndex>
				<X>1.00000012</X>
				<Y>-7.63000202</Y>
				<Z>-0.600000083</Z>
				<Pitch>0</Pitch>
				<Roll>0</Roll>
				<Yaw>-90.0000076</Yaw>
			</Attachment>
		</Attachment>
		<Attachment>
			<ModelHash>0x1625b91e</ModelHash>
			<Type>3</Type>
			<Dynamic>false</Dynamic>
			<HashName>hei_prop_drug_statue_box_big</HashName>
			<InitialHandle>637976</InitialHandle>
			<OpacityLevel>255</OpacityLevel>
			<LodDistance>16960</LodDistance>
			<IsVisible>true</IsVisible>
			<Health>1000</Health>
			<IsOnFire>false</IsOnFire>
			<IsInvincible>false</IsInvincible>
			<IsBulletProof>false</IsBulletProof>
			<IsCollisionProof>false</IsCollisionProof>
			<IsExplosionProof>false</IsExplosionProof>
			<IsFireProof>true</IsFireProof>
			<IsMeleeProof>false</IsMeleeProof>
			<IsOnlyDamagedByPlayer>false</IsOnlyDamagedByPlayer>
			<PositionRotation>
				<X>-1916.67334</X>
				<Y>3027.25928</Y>
				<Z>34.1596985</Z>
				<Pitch>-0.454851955</Pitch>
				<Roll>0.00574537041</Roll>
				<Yaw>57.4263344</Yaw>
			</PositionRotation>
			<Attachment isAttached="true">
				<AttachedTo>28422</AttachedTo>
				<BoneIndex>0</BoneIndex>
				<X>0.0230000038</X>
				<Y>-7.11000204</Y>
				<Z>0.450999379</Z>
				<Pitch>0</Pitch>
				<Roll>0</Roll>
				<Yaw>0</Yaw>
			</Attachment>
		</Attachment>
		<Attachment>
			<ModelHash>0xe9e2ec92</ModelHash>
			<Type>3</Type>
			<Dynamic>false</Dynamic>
			<HashName>prop_box_ammo04a</HashName>
			<InitialHandle>261405</InitialHandle>
			<OpacityLevel>255</OpacityLevel>
			<LodDistance>16960</LodDistance>
			<IsVisible>true</IsVisible>
			<Health>1000</Health>
			<IsOnFire>false</IsOnFire>
			<IsInvincible>false</IsInvincible>
			<IsBulletProof>false</IsBulletProof>
			<IsCollisionProof>false</IsCollisionProof>
			<IsExplosionProof>false</IsExplosionProof>
			<IsFireProof>true</IsFireProof>
			<IsMeleeProof>false</IsMeleeProof>
			<IsOnlyDamagedByPlayer>false</IsOnlyDamagedByPlayer>
			<PositionRotation>
				<X>-1915.7063</X>
				<Y>3027.80078</Y>
				<Z>33.7227402</Z>
				<Pitch>-0.00574517576</Pitch>
				<Roll>-0.454851836</Roll>
				<Yaw>-32.5737</Yaw>
			</PositionRotation>
			<Attachment isAttached="true">
				<AttachedTo>28422</AttachedTo>
				<BoneIndex>0</BoneIndex>
				<X>0.999999881</X>
				<Y>-7.63000202</Y>
				<Z>0.0100000016</Z>
				<Pitch>0</Pitch>
				<Roll>0</Roll>
				<Yaw>-90.0000076</Yaw>
			</Attachment>
		</Attachment>
		<Attachment>
			<ModelHash>0xe9e2ec92</ModelHash>
			<Type>3</Type>
			<Dynamic>false</Dynamic>
			<HashName>prop_box_ammo04a</HashName>
			<InitialHandle>129822</InitialHandle>
			<OpacityLevel>255</OpacityLevel>
			<LodDistance>16960</LodDistance>
			<IsVisible>true</IsVisible>
			<Health>1000</Health>
			<IsOnFire>false</IsOnFire>
			<IsInvincible>false</IsInvincible>
			<IsBulletProof>false</IsBulletProof>
			<IsCollisionProof>false</IsCollisionProof>
			<IsExplosionProof>false</IsExplosionProof>
			<IsFireProof>true</IsFireProof>
			<IsMeleeProof>false</IsMeleeProof>
			<IsOnlyDamagedByPlayer>false</IsOnlyDamagedByPlayer>
			<PositionRotation>
				<X>-1916.78308</X>
				<Y>3026.11523</Y>
				<Z>33.7229424</Z>
				<Pitch>0.00574517576</Pitch>
				<Roll>0.454851836</Roll>
				<Yaw>147.426285</Yaw>
			</PositionRotation>
			<Attachment isAttached="true">
				<AttachedTo>28422</AttachedTo>
				<BoneIndex>0</BoneIndex>
				<X>-1.00000012</X>
				<Y>-7.63000202</Y>
				<Z>0.0100000016</Z>
				<Pitch>0</Pitch>
				<Roll>0</Roll>
				<Yaw>90.0000076</Yaw>
			</Attachment>
		</Attachment>
		<Attachment>
			<ModelHash>0x936cd0e4</ModelHash>
			<Type>3</Type>
			<Dynamic>false</Dynamic>
			<HashName>prop_gun_case_01</HashName>
			<InitialHandle>747294</InitialHandle>
			<OpacityLevel>255</OpacityLevel>
			<LodDistance>16960</LodDistance>
			<IsVisible>true</IsVisible>
			<Health>1000</Health>
			<IsOnFire>false</IsOnFire>
			<IsInvincible>false</IsInvincible>
			<IsBulletProof>false</IsBulletProof>
			<IsCollisionProof>false</IsCollisionProof>
			<IsExplosionProof>false</IsExplosionProof>
			<IsFireProof>true</IsFireProof>
			<IsMeleeProof>false</IsMeleeProof>
			<IsOnlyDamagedByPlayer>false</IsOnlyDamagedByPlayer>
			<PositionRotation>
				<X>-1916.07813</X>
				<Y>3026.85156</Y>
				<Z>34.0244217</Z>
				<Pitch>-0.454851955</Pitch>
				<Roll>0.00574537041</Roll>
				<Yaw>57.4263344</Yaw>
			</PositionRotation>
			<Attachment isAttached="true">
				<AttachedTo>28422</AttachedTo>
				<BoneIndex>0</BoneIndex>
				<X>0</X>
				<Y>-7.83000183</Y>
				<Z>0.310000032</Z>
				<Pitch>0</Pitch>
				<Roll>0</Roll>
				<Yaw>0</Yaw>
			</Attachment>
		</Attachment>
		<Attachment>
			<ModelHash>0x936cd0e4</ModelHash>
			<Type>3</Type>
			<Dynamic>false</Dynamic>
			<HashName>prop_gun_case_01</HashName>
			<InitialHandle>776222</InitialHandle>
			<OpacityLevel>255</OpacityLevel>
			<LodDistance>16960</LodDistance>
			<IsVisible>true</IsVisible>
			<Health>1000</Health>
			<IsOnFire>false</IsOnFire>
			<IsInvincible>false</IsInvincible>
			<IsBulletProof>false</IsBulletProof>
			<IsCollisionProof>false</IsCollisionProof>
			<IsExplosionProof>false</IsExplosionProof>
			<IsFireProof>true</IsFireProof>
			<IsMeleeProof>false</IsMeleeProof>
			<IsOnlyDamagedByPlayer>false</IsOnlyDamagedByPlayer>
			<PositionRotation>
				<X>-1916.07898</X>
				<Y>3026.85229</Y>
				<Z>34.1544151</Z>
				<Pitch>-0.454851955</Pitch>
				<Roll>0.00574537041</Roll>
				<Yaw>57.4263344</Yaw>
			</PositionRotation>
			<Attachment isAttached="true">
				<AttachedTo>28422</AttachedTo>
				<BoneIndex>0</BoneIndex>
				<X>0</X>
				<Y>-7.83000183</Y>
				<Z>0.440000027</Z>
				<Pitch>0</Pitch>
				<Roll>0</Roll>
				<Yaw>0</Yaw>
			</Attachment>
		</Attachment>
		<Attachment>
			<ModelHash>0x6cb93ba4</ModelHash>
			<Type>3</Type>
			<Dynamic>false</Dynamic>
			<HashName>prop_box_ammo06a</HashName>
			<InitialHandle>384031</InitialHandle>
			<OpacityLevel>255</OpacityLevel>
			<LodDistance>16960</LodDistance>
			<IsVisible>true</IsVisible>
			<Health>1000</Health>
			<IsOnFire>false</IsOnFire>
			<IsInvincible>false</IsInvincible>
			<IsBulletProof>false</IsBulletProof>
			<IsCollisionProof>false</IsCollisionProof>
			<IsExplosionProof>false</IsExplosionProof>
			<IsFireProof>true</IsFireProof>
			<IsMeleeProof>false</IsMeleeProof>
			<IsOnlyDamagedByPlayer>false</IsOnlyDamagedByPlayer>
			<PositionRotation>
				<X>-1917.60242</X>
				<Y>3026.55566</Y>
				<Z>33.4055748</Z>
				<Pitch>0.00574517576</Pitch>
				<Roll>0.454851836</Roll>
				<Yaw>147.426285</Yaw>
			</PositionRotation>
			<Attachment isAttached="true">
				<AttachedTo>28422</AttachedTo>
				<BoneIndex>0</BoneIndex>
				<X>-1.07000005</X>
				<Y>-6.70000172</Y>
				<Z>-0.299999982</Z>
				<Pitch>0</Pitch>
				<Roll>0</Roll>
				<Yaw>90.0000076</Yaw>
			</Attachment>
		</Attachment>
		<Attachment>
			<ModelHash>0x6cb93ba4</ModelHash>
			<Type>3</Type>
			<Dynamic>false</Dynamic>
			<HashName>prop_box_ammo06a</HashName>
			<InitialHandle>436000</InitialHandle>
			<OpacityLevel>255</OpacityLevel>
			<LodDistance>16960</LodDistance>
			<IsVisible>true</IsVisible>
			<Health>1000</Health>
			<IsOnFire>false</IsOnFire>
			<IsInvincible>false</IsInvincible>
			<IsBulletProof>false</IsBulletProof>
			<IsCollisionProof>false</IsCollisionProof>
			<IsExplosionProof>false</IsExplosionProof>
			<IsFireProof>true</IsFireProof>
			<IsMeleeProof>false</IsMeleeProof>
			<IsOnlyDamagedByPlayer>false</IsOnlyDamagedByPlayer>
			<PositionRotation>
				<X>-1916.4502</X>
				<Y>3028.35889</Y>
				<Z>33.4053612</Z>
				<Pitch>-0.00574517576</Pitch>
				<Roll>-0.454851836</Roll>
				<Yaw>-32.5737</Yaw>
			</PositionRotation>
			<Attachment isAttached="true">
				<AttachedTo>28422</AttachedTo>
				<BoneIndex>0</BoneIndex>
				<X>1.07000005</X>
				<Y>-6.70000124</Y>
				<Z>-0.300000042</Z>
				<Pitch>0</Pitch>
				<Roll>0</Roll>
				<Yaw>-90.0000076</Yaw>
			</Attachment>
		</Attachment>
		<Attachment>
			<ModelHash>0x6cb93ba4</ModelHash>
			<Type>3</Type>
			<Dynamic>false</Dynamic>
			<HashName>prop_box_ammo06a</HashName>
			<InitialHandle>44067</InitialHandle>
			<OpacityLevel>255</OpacityLevel>
			<LodDistance>16960</LodDistance>
			<IsVisible>true</IsVisible>
			<Health>1000</Health>
			<IsOnFire>false</IsOnFire>
			<IsInvincible>false</IsInvincible>
			<IsBulletProof>false</IsBulletProof>
			<IsCollisionProof>false</IsCollisionProof>
			<IsExplosionProof>false</IsExplosionProof>
			<IsFireProof>true</IsFireProof>
			<IsMeleeProof>false</IsMeleeProof>
			<IsOnlyDamagedByPlayer>false</IsOnlyDamagedByPlayer>
			<PositionRotation>
				<X>-1917.60486</X>
				<Y>3026.55713</Y>
				<Z>33.7755661</Z>
				<Pitch>0.00574517576</Pitch>
				<Roll>0.454851836</Roll>
				<Yaw>147.426285</Yaw>
			</PositionRotation>
			<Attachment isAttached="true">
				<AttachedTo>28422</AttachedTo>
				<BoneIndex>0</BoneIndex>
				<X>-1.07000017</X>
				<Y>-6.69999981</Y>
				<Z>0.0700000077</Z>
				<Pitch>0</Pitch>
				<Roll>0</Roll>
				<Yaw>90.0000076</Yaw>
			</Attachment>
		</Attachment>
		<Attachment>
			<ModelHash>0x6cb93ba4</ModelHash>
			<Type>3</Type>
			<Dynamic>false</Dynamic>
			<HashName>prop_box_ammo06a</HashName>
			<InitialHandle>705315</InitialHandle>
			<OpacityLevel>255</OpacityLevel>
			<LodDistance>16960</LodDistance>
			<IsVisible>true</IsVisible>
			<Health>1000</Health>
			<IsOnFire>false</IsOnFire>
			<IsInvincible>false</IsInvincible>
			<IsBulletProof>false</IsBulletProof>
			<IsCollisionProof>false</IsCollisionProof>
			<IsExplosionProof>false</IsExplosionProof>
			<IsFireProof>true</IsFireProof>
			<IsMeleeProof>false</IsMeleeProof>
			<IsOnlyDamagedByPlayer>false</IsOnlyDamagedByPlayer>
			<PositionRotation>
				<X>-1916.45264</X>
				<Y>3028.3606</Y>
				<Z>33.7753487</Z>
				<Pitch>-0.00574517576</Pitch>
				<Roll>-0.454851836</Roll>
				<Yaw>-32.5737</Yaw>
			</PositionRotation>
			<Attachment isAttached="true">
				<AttachedTo>28422</AttachedTo>
				<BoneIndex>0</BoneIndex>
				<X>1.07000017</X>
				<Y>-6.70000076</Y>
				<Z>0.0700000077</Z>
				<Pitch>0</Pitch>
				<Roll>0</Roll>
				<Yaw>-90.0000076</Yaw>
			</Attachment>
		</Attachment>
	</SpoonerAttachments>
</Vehicle>
