<?xml version="1.0" encoding="ISO-8859-1"?>
<Vehicle menyoo_ver="0.9998b">
	<ModelHash>0x9d0450ca</ModelHash>
	<InitialHandle>464701</InitialHandle>
	<VehicleProperties>
		<Colours>
			<Primary>0</Primary>
			<Secondary>0</Secondary>
			<Pearl>10</Pearl>
			<Rim>156</Rim>
			<Mod1_a>2</Mod1_a>
			<Mod1_b>0</Mod1_b>
			<Mod1_c>59</Mod1_c>
			<Mod2_a>0</Mod2_a>
			<Mod2_b>1036831949</Mod2_b>
			<IsPrimaryColourCustom>false</IsPrimaryColourCustom>
			<IsSecondaryColourCustom>false</IsSecondaryColourCustom>
			<tyreSmoke_R>255</tyreSmoke_R>
			<tyreSmoke_G>255</tyreSmoke_G>
			<tyreSmoke_B>255</tyreSmoke_B>
			<LrInterior>0</LrInterior>
			<LrDashboard>0</LrDashboard>
		</Colours>
		<Livery>-1</Livery>
		<NumberPlateText> MENYOO </NumberPlateText>
		<NumberPlateIndex>5</NumberPlateIndex>
		<WheelType>0</WheelType>
		<WheelsInvisible>false</WheelsInvisible>
		<WindowTint>1</WindowTint>
		<BulletProofTyres>true</BulletProofTyres>
		<DirtLevel>5.00004625</DirtLevel>
		<PaintFade>0.494117677</PaintFade>
		<RoofState>0</RoofState>
		<SirenActive>false</SirenActive>
		<EngineOn>true</EngineOn>
		<EngineHealth>1000</EngineHealth>
		<LightsOn>true</LightsOn>
		<Neons>
			<Left>false</Left>
			<Right>false</Right>
			<Front>false</Front>
			<Back>false</Back>
			<R>255</R>
			<G>0</G>
			<B>255</B>
		</Neons>
		<ModExtras>
			<_1>true</_1>
			<_2>true</_2>
			<_7>true</_7>
			<_10>true</_10>
			<_11>true</_11>
		</ModExtras>
		<Mods>
			<_0>-1,0</_0>
			<_1>-1,0</_1>
			<_2>-1,0</_2>
			<_3>-1,0</_3>
			<_4>-1,0</_4>
			<_5>-1,0</_5>
			<_6>-1,0</_6>
			<_7>-1,0</_7>
			<_8>-1,0</_8>
			<_9>-1,0</_9>
			<_10>-1,0</_10>
			<_11>-1,0</_11>
			<_12>-1,0</_12>
			<_13>-1,0</_13>
			<_14>-1,0</_14>
			<_15>-1,0</_15>
			<_16>-1,0</_16>
			<_17>false</_17>
			<_18>true</_18>
			<_19>false</_19>
			<_20>true</_20>
			<_21>false</_21>
			<_22>true</_22>
			<_23>-1,0</_23>
			<_24>-1,0</_24>
			<_25>-1,0</_25>
			<_26>-1,0</_26>
			<_27>-1,0</_27>
			<_28>-1,0</_28>
			<_29>-1,0</_29>
			<_30>-1,0</_30>
			<_31>-1,0</_31>
			<_32>-1,0</_32>
			<_33>-1,0</_33>
			<_34>-1,0</_34>
			<_35>-1,0</_35>
			<_36>-1,0</_36>
			<_37>-1,0</_37>
			<_38>-1,0</_38>
			<_39>-1,0</_39>
			<_40>-1,0</_40>
			<_41>-1,0</_41>
			<_42>-1,0</_42>
			<_43>-1,0</_43>
			<_44>-1,0</_44>
			<_45>-1,0</_45>
			<_46>-1,0</_46>
			<_47>-1,0</_47>
			<_48>-1,0</_48>
		</Mods>
		<DoorsOpen>
			<BackLeftDoor>false</BackLeftDoor>
			<BackRightDoor>false</BackRightDoor>
			<FrontLeftDoor>false</FrontLeftDoor>
			<FrontRightDoor>false</FrontRightDoor>
			<Hood>false</Hood>
			<Trunk>false</Trunk>
			<Trunk2>false</Trunk2>
		</DoorsOpen>
		<DoorsBroken>
			<BackLeftDoor>false</BackLeftDoor>
			<BackRightDoor>false</BackRightDoor>
			<FrontLeftDoor>false</FrontLeftDoor>
			<FrontRightDoor>false</FrontRightDoor>
			<Hood>false</Hood>
			<Trunk>false</Trunk>
			<Trunk2>false</Trunk2>
		</DoorsBroken>
		<TyresBursted>
			<FrontLeft>false</FrontLeft>
			<FrontRight>false</FrontRight>
			<_2>false</_2>
			<_3>false</_3>
			<BackLeft>false</BackLeft>
			<BackRight>false</BackRight>
			<_6>false</_6>
			<_7>false</_7>
			<_8>false</_8>
		</TyresBursted>
		<RpmMultiplier>1</RpmMultiplier>
		<TorqueMultiplier>1</TorqueMultiplier>
		<HeadlightIntensity>1</HeadlightIntensity>
	</VehicleProperties>
	<OpacityLevel>255</OpacityLevel>
	<LodDistance>1000</LodDistance>
	<IsVisible>true</IsVisible>
	<IsDriverVisible>true</IsDriverVisible>
	<IsOnFire>false</IsOnFire>
	<IsInvincible>false</IsInvincible>
	<IsBulletProof>false</IsBulletProof>
	<IsExplosionProof>false</IsExplosionProof>
	<IsFireProof>false</IsFireProof>
	<IsMeleeProof>false</IsMeleeProof>
	<IsOnlyDamagedByPlayer>false</IsOnlyDamagedByPlayer>
	<SpoonerAttachments SetAttachmentsPersistentAndAddToSpoonerDatabase="false">
		<Attachment>
			<ModelHash>0xe9e2ec92</ModelHash>
			<Type>3</Type>
			<Dynamic>false</Dynamic>
			<HashName>prop_box_ammo04a</HashName>
			<InitialHandle>755788</InitialHandle>
			<OpacityLevel>255</OpacityLevel>
			<LodDistance>16960</LodDistance>
			<IsVisible>true</IsVisible>
			<Health>1000</Health>
			<IsOnFire>false</IsOnFire>
			<IsInvincible>false</IsInvincible>
			<IsBulletProof>false</IsBulletProof>
			<IsCollisionProof>false</IsCollisionProof>
			<IsExplosionProof>false</IsExplosionProof>
			<IsFireProof>true</IsFireProof>
			<IsMeleeProof>false</IsMeleeProof>
			<IsOnlyDamagedByPlayer>false</IsOnlyDamagedByPlayer>
			<PositionRotation>
				<X>-1628.69836</X>
				<Y>-3117.26123</Y>
				<Z>14.6154442</Z>
				<Pitch>0.211760163</Pitch>
				<Roll>0.0874211118</Roll>
				<Yaw>-48.1079254</Yaw>
			</PositionRotation>
			<Attachment isAttached="true">
				<AttachedTo>464701</AttachedTo>
				<BoneIndex>0</BoneIndex>
				<X>-0.403000027</X>
				<Y>1.08000016</Y>
				<Z>0.565000057</Z>
				<Pitch>0</Pitch>
				<Roll>0</Roll>
				<Yaw>5.7220459e-006</Yaw>
			</Attachment>
		</Attachment>
		<Attachment>
			<ModelHash>0xa5c3f740</ModelHash>
			<Type>3</Type>
			<Dynamic>false</Dynamic>
			<HashName>prop_box_wood05a</HashName>
			<InitialHandle>625741</InitialHandle>
			<OpacityLevel>255</OpacityLevel>
			<LodDistance>16960</LodDistance>
			<IsVisible>true</IsVisible>
			<Health>1000</Health>
			<IsOnFire>false</IsOnFire>
			<IsInvincible>false</IsInvincible>
			<IsBulletProof>false</IsBulletProof>
			<IsCollisionProof>false</IsCollisionProof>
			<IsExplosionProof>false</IsExplosionProof>
			<IsFireProof>true</IsFireProof>
			<IsMeleeProof>false</IsMeleeProof>
			<IsOnlyDamagedByPlayer>false</IsOnlyDamagedByPlayer>
			<PositionRotation>
				<X>-1628.64392</X>
				<Y>-3117.75195</Y>
				<Z>13.8487635</Z>
				<Pitch>0.211760163</Pitch>
				<Roll>0.0874211341</Roll>
				<Yaw>-48.107933</Yaw>
			</PositionRotation>
			<Attachment isAttached="true">
				<AttachedTo>464701</AttachedTo>
				<BoneIndex>0</BoneIndex>
				<X>0</X>
				<Y>0.7900002</Y>
				<Z>-0.200000077</Z>
				<Pitch>0</Pitch>
				<Roll>0</Roll>
				<Yaw>0</Yaw>
			</Attachment>
		</Attachment>
		<Attachment>
			<ModelHash>0xe9e2ec92</ModelHash>
			<Type>3</Type>
			<Dynamic>false</Dynamic>
			<HashName>prop_box_ammo04a</HashName>
			<InitialHandle>485404</InitialHandle>
			<OpacityLevel>255</OpacityLevel>
			<LodDistance>16960</LodDistance>
			<IsVisible>true</IsVisible>
			<Health>1000</Health>
			<IsOnFire>false</IsOnFire>
			<IsInvincible>false</IsInvincible>
			<IsBulletProof>false</IsBulletProof>
			<IsCollisionProof>false</IsCollisionProof>
			<IsExplosionProof>false</IsExplosionProof>
			<IsFireProof>true</IsFireProof>
			<IsMeleeProof>false</IsMeleeProof>
			<IsOnlyDamagedByPlayer>false</IsOnlyDamagedByPlayer>
			<PositionRotation>
				<X>-1628.16028</X>
				<Y>-3117.86108</Y>
				<Z>14.6142139</Z>
				<Pitch>-0.211760163</Pitch>
				<Roll>-0.0874210522</Roll>
				<Yaw>131.892075</Yaw>
			</PositionRotation>
			<Attachment isAttached="true">
				<AttachedTo>464701</AttachedTo>
				<BoneIndex>0</BoneIndex>
				<X>0.403000146</X>
				<Y>1.08000064</Y>
				<Z>0.565000057</Z>
				<Pitch>0</Pitch>
				<Roll>0</Roll>
				<Yaw>180.000015</Yaw>
			</Attachment>
		</Attachment>
		<Attachment>
			<ModelHash>0x1625b91e</ModelHash>
			<Type>3</Type>
			<Dynamic>false</Dynamic>
			<HashName>hei_prop_drug_statue_box_big</HashName>
			<InitialHandle>709715</InitialHandle>
			<OpacityLevel>255</OpacityLevel>
			<LodDistance>16960</LodDistance>
			<IsVisible>true</IsVisible>
			<Health>1000</Health>
			<IsOnFire>false</IsOnFire>
			<IsInvincible>false</IsInvincible>
			<IsBulletProof>false</IsBulletProof>
			<IsCollisionProof>false</IsCollisionProof>
			<IsExplosionProof>false</IsExplosionProof>
			<IsFireProof>true</IsFireProof>
			<IsMeleeProof>false</IsMeleeProof>
			<IsOnlyDamagedByPlayer>false</IsOnlyDamagedByPlayer>
			<PositionRotation>
				<X>-1629.49951</X>
				<Y>-3118.11694</Y>
				<Z>13.9859676</Z>
				<Pitch>0.08742024</Pitch>
				<Roll>-0.211758763</Roll>
				<Yaw>41.8923988</Yaw>
			</PositionRotation>
			<Attachment isAttached="true">
				<AttachedTo>464701</AttachedTo>
				<BoneIndex>0</BoneIndex>
				<X>-0.299999893</X>
				<Y>-0.0900000557</Y>
				<Z>-0.0600000508</Z>
				<Pitch>-2.23517418e-007</Pitch>
				<Roll>1.66893005e-006</Roll>
				<Yaw>90.0000076</Yaw>
			</Attachment>
		</Attachment>
		<Attachment>
			<ModelHash>0x1625b91e</ModelHash>
			<Type>3</Type>
			<Dynamic>false</Dynamic>
			<HashName>hei_prop_drug_statue_box_big</HashName>
			<InitialHandle>9049</InitialHandle>
			<OpacityLevel>255</OpacityLevel>
			<LodDistance>16960</LodDistance>
			<IsVisible>true</IsVisible>
			<Health>1000</Health>
			<IsOnFire>false</IsOnFire>
			<IsInvincible>false</IsInvincible>
			<IsBulletProof>false</IsBulletProof>
			<IsCollisionProof>false</IsCollisionProof>
			<IsExplosionProof>false</IsExplosionProof>
			<IsFireProof>true</IsFireProof>
			<IsMeleeProof>false</IsMeleeProof>
			<IsOnlyDamagedByPlayer>false</IsOnlyDamagedByPlayer>
			<PositionRotation>
				<X>-1629.09888</X>
				<Y>-3118.56348</Y>
				<Z>13.9850521</Z>
				<Pitch>0.0874204636</Pitch>
				<Roll>-0.211760417</Roll>
				<Yaw>41.8923988</Yaw>
			</PositionRotation>
			<Attachment isAttached="true">
				<AttachedTo>464701</AttachedTo>
				<BoneIndex>0</BoneIndex>
				<X>0.300000042</X>
				<Y>-0.0900000185</Y>
				<Z>-0.0600000098</Z>
				<Pitch>0</Pitch>
				<Roll>0</Roll>
				<Yaw>90.0000076</Yaw>
			</Attachment>
		</Attachment>
		<Attachment>
			<ModelHash>0x936cd0e4</ModelHash>
			<Type>3</Type>
			<Dynamic>false</Dynamic>
			<HashName>prop_gun_case_01</HashName>
			<InitialHandle>112473</InitialHandle>
			<OpacityLevel>255</OpacityLevel>
			<LodDistance>16960</LodDistance>
			<IsVisible>true</IsVisible>
			<Health>1000</Health>
			<IsOnFire>false</IsOnFire>
			<IsInvincible>false</IsInvincible>
			<IsBulletProof>false</IsBulletProof>
			<IsCollisionProof>false</IsCollisionProof>
			<IsExplosionProof>false</IsExplosionProof>
			<IsFireProof>true</IsFireProof>
			<IsMeleeProof>false</IsMeleeProof>
			<IsOnlyDamagedByPlayer>false</IsOnlyDamagedByPlayer>
			<PositionRotation>
				<X>-1629.72375</X>
				<Y>-3118.72119</Y>
				<Z>14.1234026</Z>
				<Pitch>-0.211760163</Pitch>
				<Roll>-0.0874210522</Roll>
				<Yaw>131.892075</Yaw>
			</PositionRotation>
			<Attachment isAttached="true">
				<AttachedTo>464701</AttachedTo>
				<BoneIndex>0</BoneIndex>
				<X>0</X>
				<Y>-0.660000026</Y>
				<Z>0.0799999982</Z>
				<Pitch>0</Pitch>
				<Roll>0</Roll>
				<Yaw>180.000015</Yaw>
			</Attachment>
		</Attachment>
		<Attachment>
			<ModelHash>0x936cd0e4</ModelHash>
			<Type>3</Type>
			<Dynamic>false</Dynamic>
			<HashName>prop_gun_case_01</HashName>
			<InitialHandle>722214</InitialHandle>
			<OpacityLevel>255</OpacityLevel>
			<LodDistance>16960</LodDistance>
			<IsVisible>true</IsVisible>
			<Health>1000</Health>
			<IsOnFire>false</IsOnFire>
			<IsInvincible>false</IsInvincible>
			<IsBulletProof>false</IsBulletProof>
			<IsCollisionProof>false</IsCollisionProof>
			<IsExplosionProof>false</IsExplosionProof>
			<IsFireProof>true</IsFireProof>
			<IsMeleeProof>false</IsMeleeProof>
			<IsOnlyDamagedByPlayer>false</IsOnlyDamagedByPlayer>
			<PositionRotation>
				<X>-1629.724</X>
				<Y>-3118.72168</Y>
				<Z>14.2534008</Z>
				<Pitch>-0.211760163</Pitch>
				<Roll>-0.0874210522</Roll>
				<Yaw>131.892075</Yaw>
			</PositionRotation>
			<Attachment isAttached="true">
				<AttachedTo>464701</AttachedTo>
				<BoneIndex>0</BoneIndex>
				<X>0</X>
				<Y>-0.660000145</Y>
				<Z>0.210000038</Z>
				<Pitch>0</Pitch>
				<Roll>0</Roll>
				<Yaw>180.000015</Yaw>
			</Attachment>
		</Attachment>
		<Attachment>
			<ModelHash>0x936cd0e4</ModelHash>
			<Type>3</Type>
			<Dynamic>false</Dynamic>
			<HashName>prop_gun_case_01</HashName>
			<InitialHandle>503892</InitialHandle>
			<OpacityLevel>255</OpacityLevel>
			<LodDistance>16960</LodDistance>
			<IsVisible>true</IsVisible>
			<Health>1000</Health>
			<IsOnFire>false</IsOnFire>
			<IsInvincible>false</IsInvincible>
			<IsBulletProof>false</IsBulletProof>
			<IsCollisionProof>false</IsCollisionProof>
			<IsExplosionProof>false</IsExplosionProof>
			<IsFireProof>true</IsFireProof>
			<IsMeleeProof>false</IsMeleeProof>
			<IsOnlyDamagedByPlayer>false</IsOnlyDamagedByPlayer>
			<PositionRotation>
				<X>-1629.72424</X>
				<Y>-3118.72217</Y>
				<Z>14.3834</Z>
				<Pitch>-0.211760163</Pitch>
				<Roll>-0.0874210522</Roll>
				<Yaw>131.892075</Yaw>
			</PositionRotation>
			<Attachment isAttached="true">
				<AttachedTo>464701</AttachedTo>
				<BoneIndex>0</BoneIndex>
				<X>0</X>
				<Y>-0.660000145</Y>
				<Z>0.340000004</Z>
				<Pitch>0</Pitch>
				<Roll>0</Roll>
				<Yaw>180.000015</Yaw>
			</Attachment>
		</Attachment>
		<Attachment>
			<ModelHash>0x4bc4f20d</ModelHash>
			<Type>3</Type>
			<Dynamic>false</Dynamic>
			<HashName>hei_prop_heist_drug_tub_01</HashName>
			<InitialHandle>224092</InitialHandle>
			<OpacityLevel>255</OpacityLevel>
			<LodDistance>16960</LodDistance>
			<IsVisible>true</IsVisible>
			<Health>1000</Health>
			<IsOnFire>false</IsOnFire>
			<IsInvincible>false</IsInvincible>
			<IsBulletProof>false</IsBulletProof>
			<IsCollisionProof>false</IsCollisionProof>
			<IsExplosionProof>false</IsExplosionProof>
			<IsFireProof>true</IsFireProof>
			<IsMeleeProof>false</IsMeleeProof>
			<IsOnlyDamagedByPlayer>false</IsOnlyDamagedByPlayer>
			<PositionRotation>
				<X>-1630.19275</X>
				<Y>-3118.60571</Y>
				<Z>14.6430111</Z>
				<Pitch>0.211760163</Pitch>
				<Roll>0.0874211341</Roll>
				<Yaw>-48.107933</Yaw>
			</PositionRotation>
			<Attachment isAttached="true">
				<AttachedTo>464701</AttachedTo>
				<BoneIndex>0</BoneIndex>
				<X>-0.400000066</X>
				<Y>-0.930000186</Y>
				<Z>0.600000203</Z>
				<Pitch>0</Pitch>
				<Roll>0</Roll>
				<Yaw>0</Yaw>
			</Attachment>
		</Attachment>
		<Attachment>
			<ModelHash>0xab39f229</ModelHash>
			<Type>3</Type>
			<Dynamic>false</Dynamic>
			<HashName>prop_box_ammo03a</HashName>
			<InitialHandle>344414</InitialHandle>
			<OpacityLevel>255</OpacityLevel>
			<LodDistance>16960</LodDistance>
			<IsVisible>true</IsVisible>
			<Health>1000</Health>
			<IsOnFire>false</IsOnFire>
			<IsInvincible>false</IsInvincible>
			<IsBulletProof>false</IsBulletProof>
			<IsCollisionProof>false</IsCollisionProof>
			<IsExplosionProof>false</IsExplosionProof>
			<IsFireProof>true</IsFireProof>
			<IsMeleeProof>false</IsMeleeProof>
			<IsOnlyDamagedByPlayer>false</IsOnlyDamagedByPlayer>
			<PositionRotation>
				<X>-1628.83142</X>
				<Y>-3117.92188</Y>
				<Z>14.6478329</Z>
				<Pitch>0.211760163</Pitch>
				<Roll>0.0874211341</Roll>
				<Yaw>-48.107933</Yaw>
			</PositionRotation>
			<Attachment isAttached="true">
				<AttachedTo>464701</AttachedTo>
				<BoneIndex>0</BoneIndex>
				<X>0</X>
				<Y>0.540000021</Y>
				<Z>0.600000083</Z>
				<Pitch>0</Pitch>
				<Roll>0</Roll>
				<Yaw>0</Yaw>
			</Attachment>
		</Attachment>
		<Attachment>
			<ModelHash>0x4bc4f20d</ModelHash>
			<Type>3</Type>
			<Dynamic>false</Dynamic>
			<HashName>hei_prop_heist_drug_tub_01</HashName>
			<InitialHandle>765792</InitialHandle>
			<OpacityLevel>255</OpacityLevel>
			<LodDistance>16960</LodDistance>
			<IsVisible>true</IsVisible>
			<Health>1000</Health>
			<IsOnFire>false</IsOnFire>
			<IsInvincible>false</IsInvincible>
			<IsBulletProof>false</IsBulletProof>
			<IsCollisionProof>false</IsCollisionProof>
			<IsExplosionProof>false</IsExplosionProof>
			<IsFireProof>true</IsFireProof>
			<IsMeleeProof>false</IsMeleeProof>
			<IsOnlyDamagedByPlayer>false</IsOnlyDamagedByPlayer>
			<PositionRotation>
				<X>-1629.65857</X>
				<Y>-3119.20117</Y>
				<Z>14.6417894</Z>
				<Pitch>0.211760163</Pitch>
				<Roll>0.0874211341</Roll>
				<Yaw>-48.107933</Yaw>
			</PositionRotation>
			<Attachment isAttached="true">
				<AttachedTo>464701</AttachedTo>
				<BoneIndex>0</BoneIndex>
				<X>0.400000066</X>
				<Y>-0.930000067</Y>
				<Z>0.600000083</Z>
				<Pitch>0</Pitch>
				<Roll>0</Roll>
				<Yaw>0</Yaw>
			</Attachment>
		</Attachment>
		<Attachment>
			<ModelHash>0xe8739c51</ModelHash>
			<Type>3</Type>
			<Dynamic>false</Dynamic>
			<HashName>hei_prop_hei_drug_pack_01b</HashName>
			<InitialHandle>775777</InitialHandle>
			<OpacityLevel>255</OpacityLevel>
			<LodDistance>16960</LodDistance>
			<IsVisible>true</IsVisible>
			<Health>1000</Health>
			<IsOnFire>false</IsOnFire>
			<IsInvincible>false</IsInvincible>
			<IsBulletProof>false</IsBulletProof>
			<IsCollisionProof>false</IsCollisionProof>
			<IsExplosionProof>false</IsExplosionProof>
			<IsFireProof>true</IsFireProof>
			<IsMeleeProof>false</IsMeleeProof>
			<IsOnlyDamagedByPlayer>false</IsOnlyDamagedByPlayer>
			<PositionRotation>
				<X>-1628.1377</X>
				<Y>-3117.29785</Y>
				<Z>13.8412771</Z>
				<Pitch>0.0874204636</Pitch>
				<Roll>-0.211760417</Roll>
				<Yaw>41.8923988</Yaw>
			</PositionRotation>
			<Attachment isAttached="true">
				<AttachedTo>464701</AttachedTo>
				<BoneIndex>0</BoneIndex>
				<X>0</X>
				<Y>1.47000039</Y>
				<Z>-0.210000083</Z>
				<Pitch>0</Pitch>
				<Roll>0</Roll>
				<Yaw>90.0000076</Yaw>
			</Attachment>
		</Attachment>
		<Attachment>
			<ModelHash>0xe8739c51</ModelHash>
			<Type>3</Type>
			<Dynamic>false</Dynamic>
			<HashName>hei_prop_hei_drug_pack_01b</HashName>
			<InitialHandle>564581</InitialHandle>
			<OpacityLevel>255</OpacityLevel>
			<LodDistance>16960</LodDistance>
			<IsVisible>true</IsVisible>
			<Health>1000</Health>
			<IsOnFire>false</IsOnFire>
			<IsInvincible>false</IsInvincible>
			<IsBulletProof>false</IsBulletProof>
			<IsCollisionProof>false</IsCollisionProof>
			<IsExplosionProof>false</IsExplosionProof>
			<IsFireProof>true</IsFireProof>
			<IsMeleeProof>false</IsMeleeProof>
			<IsOnlyDamagedByPlayer>false</IsOnlyDamagedByPlayer>
			<PositionRotation>
				<X>-1628.13794</X>
				<Y>-3117.29858</Y>
				<Z>13.9812756</Z>
				<Pitch>0.0874204636</Pitch>
				<Roll>-0.211760417</Roll>
				<Yaw>41.8923988</Yaw>
			</PositionRotation>
			<Attachment isAttached="true">
				<AttachedTo>464701</AttachedTo>
				<BoneIndex>0</BoneIndex>
				<X>0</X>
				<Y>1.47000027</Y>
				<Z>-0.0700000077</Z>
				<Pitch>0</Pitch>
				<Roll>0</Roll>
				<Yaw>90.0000076</Yaw>
			</Attachment>
		</Attachment>
		<Attachment>
			<ModelHash>0xe8739c51</ModelHash>
			<Type>3</Type>
			<Dynamic>false</Dynamic>
			<HashName>hei_prop_hei_drug_pack_01b</HashName>
			<InitialHandle>558949</InitialHandle>
			<OpacityLevel>255</OpacityLevel>
			<LodDistance>16960</LodDistance>
			<IsVisible>true</IsVisible>
			<Health>1000</Health>
			<IsOnFire>false</IsOnFire>
			<IsInvincible>false</IsInvincible>
			<IsBulletProof>false</IsBulletProof>
			<IsCollisionProof>false</IsCollisionProof>
			<IsExplosionProof>false</IsExplosionProof>
			<IsFireProof>true</IsFireProof>
			<IsMeleeProof>false</IsMeleeProof>
			<IsOnlyDamagedByPlayer>false</IsOnlyDamagedByPlayer>
			<PositionRotation>
				<X>-1628.13818</X>
				<Y>-3117.29907</Y>
				<Z>14.1212749</Z>
				<Pitch>0.0874204636</Pitch>
				<Roll>-0.211760417</Roll>
				<Yaw>41.8923988</Yaw>
			</PositionRotation>
			<Attachment isAttached="true">
				<AttachedTo>464701</AttachedTo>
				<BoneIndex>0</BoneIndex>
				<X>0</X>
				<Y>1.47000039</Y>
				<Z>0.0700000077</Z>
				<Pitch>0</Pitch>
				<Roll>0</Roll>
				<Yaw>90.0000076</Yaw>
			</Attachment>
		</Attachment>
		<Attachment>
			<ModelHash>0xe8739c51</ModelHash>
			<Type>3</Type>
			<Dynamic>false</Dynamic>
			<HashName>hei_prop_hei_drug_pack_01b</HashName>
			<InitialHandle>103780</InitialHandle>
			<OpacityLevel>255</OpacityLevel>
			<LodDistance>16960</LodDistance>
			<IsVisible>true</IsVisible>
			<Health>1000</Health>
			<IsOnFire>false</IsOnFire>
			<IsInvincible>false</IsInvincible>
			<IsBulletProof>false</IsBulletProof>
			<IsCollisionProof>false</IsCollisionProof>
			<IsExplosionProof>false</IsExplosionProof>
			<IsFireProof>true</IsFireProof>
			<IsMeleeProof>false</IsMeleeProof>
			<IsOnlyDamagedByPlayer>false</IsOnlyDamagedByPlayer>
			<PositionRotation>
				<X>-1628.13843</X>
				<Y>-3117.29956</Y>
				<Z>14.2612734</Z>
				<Pitch>0.0874204636</Pitch>
				<Roll>-0.211760417</Roll>
				<Yaw>41.8923988</Yaw>
			</PositionRotation>
			<Attachment isAttached="true">
				<AttachedTo>464701</AttachedTo>
				<BoneIndex>0</BoneIndex>
				<X>0</X>
				<Y>1.47000039</Y>
				<Z>0.210000023</Z>
				<Pitch>0</Pitch>
				<Roll>0</Roll>
				<Yaw>90.0000076</Yaw>
			</Attachment>
		</Attachment>
		<Attachment>
			<ModelHash>0xe8739c51</ModelHash>
			<Type>3</Type>
			<Dynamic>false</Dynamic>
			<HashName>hei_prop_hei_drug_pack_01b</HashName>
			<InitialHandle>669235</InitialHandle>
			<OpacityLevel>255</OpacityLevel>
			<LodDistance>16960</LodDistance>
			<IsVisible>true</IsVisible>
			<Health>1000</Health>
			<IsOnFire>false</IsOnFire>
			<IsInvincible>false</IsInvincible>
			<IsBulletProof>false</IsBulletProof>
			<IsCollisionProof>false</IsCollisionProof>
			<IsExplosionProof>false</IsExplosionProof>
			<IsFireProof>true</IsFireProof>
			<IsMeleeProof>false</IsMeleeProof>
			<IsOnlyDamagedByPlayer>false</IsOnlyDamagedByPlayer>
			<PositionRotation>
				<X>-1628.13867</X>
				<Y>-3117.30005</Y>
				<Z>14.4012718</Z>
				<Pitch>0.0874204636</Pitch>
				<Roll>-0.211760417</Roll>
				<Yaw>41.8923988</Yaw>
			</PositionRotation>
			<Attachment isAttached="true">
				<AttachedTo>464701</AttachedTo>
				<BoneIndex>0</BoneIndex>
				<X>0</X>
				<Y>1.47000015</Y>
				<Z>0.349999964</Z>
				<Pitch>0</Pitch>
				<Roll>0</Roll>
				<Yaw>90.0000076</Yaw>
			</Attachment>
		</Attachment>
		<Attachment>
			<ModelHash>0x35fde08c</ModelHash>
			<Type>3</Type>
			<Dynamic>false</Dynamic>
			<HashName>w_pi_appistol</HashName>
			<InitialHandle>438376</InitialHandle>
			<OpacityLevel>255</OpacityLevel>
			<LodDistance>16960</LodDistance>
			<IsVisible>true</IsVisible>
			<Health>1000</Health>
			<IsOnFire>false</IsOnFire>
			<IsInvincible>false</IsInvincible>
			<IsBulletProof>false</IsBulletProof>
			<IsCollisionProof>false</IsCollisionProof>
			<IsExplosionProof>false</IsExplosionProof>
			<IsFireProof>true</IsFireProof>
			<IsMeleeProof>false</IsMeleeProof>
			<IsOnlyDamagedByPlayer>false</IsOnlyDamagedByPlayer>
			<PositionRotation>
				<X>-1628.13879</X>
				<Y>-3117.30029</Y>
				<Z>14.4812717</Z>
				<Pitch>-89.7727127</Pitch>
				<Roll>-82.5677185</Roll>
				<Yaw>-25.675478</Yaw>
			</PositionRotation>
			<Attachment isAttached="true">
				<AttachedTo>464701</AttachedTo>
				<BoneIndex>0</BoneIndex>
				<X>0</X>
				<Y>1.47000015</Y>
				<Z>0.430000126</Z>
				<Pitch>-90</Pitch>
				<Roll>-15.000001</Roll>
				<Yaw>90.0000076</Yaw>
			</Attachment>
		</Attachment>
		<Attachment>
			<ModelHash>0x2d9a5028</ModelHash>
			<Type>3</Type>
			<Dynamic>false</Dynamic>
			<HashName>prop_mp_drug_package</HashName>
			<InitialHandle>383593</InitialHandle>
			<OpacityLevel>255</OpacityLevel>
			<LodDistance>16960</LodDistance>
			<IsVisible>true</IsVisible>
			<Health>1000</Health>
			<IsOnFire>false</IsOnFire>
			<IsInvincible>false</IsInvincible>
			<IsBulletProof>false</IsBulletProof>
			<IsCollisionProof>false</IsCollisionProof>
			<IsExplosionProof>false</IsExplosionProof>
			<IsFireProof>true</IsFireProof>
			<IsMeleeProof>false</IsMeleeProof>
			<IsOnlyDamagedByPlayer>false</IsOnlyDamagedByPlayer>
			<PositionRotation>
				<X>-1629.65906</X>
				<Y>-3119.20239</Y>
				<Z>14.951787</Z>
				<Pitch>0.211760163</Pitch>
				<Roll>0.0874211341</Roll>
				<Yaw>-48.107933</Yaw>
			</PositionRotation>
			<Attachment isAttached="true">
				<AttachedTo>464701</AttachedTo>
				<BoneIndex>0</BoneIndex>
				<X>0.399999946</X>
				<Y>-0.930000067</Y>
				<Z>0.910000145</Z>
				<Pitch>0</Pitch>
				<Roll>0</Roll>
				<Yaw>0</Yaw>
			</Attachment>
		</Attachment>
		<Attachment>
			<ModelHash>0x2d9a5028</ModelHash>
			<Type>3</Type>
			<Dynamic>false</Dynamic>
			<HashName>prop_mp_drug_package</HashName>
			<InitialHandle>506217</InitialHandle>
			<OpacityLevel>255</OpacityLevel>
			<LodDistance>16960</LodDistance>
			<IsVisible>true</IsVisible>
			<Health>1000</Health>
			<IsOnFire>false</IsOnFire>
			<IsInvincible>false</IsInvincible>
			<IsBulletProof>false</IsBulletProof>
			<IsCollisionProof>false</IsCollisionProof>
			<IsExplosionProof>false</IsExplosionProof>
			<IsFireProof>true</IsFireProof>
			<IsMeleeProof>false</IsMeleeProof>
			<IsOnlyDamagedByPlayer>false</IsOnlyDamagedByPlayer>
			<PositionRotation>
				<X>-1630.19324</X>
				<Y>-3118.60669</Y>
				<Z>14.9530077</Z>
				<Pitch>0.211760163</Pitch>
				<Roll>0.0874211341</Roll>
				<Yaw>-48.107933</Yaw>
			</PositionRotation>
			<Attachment isAttached="true">
				<AttachedTo>464701</AttachedTo>
				<BoneIndex>0</BoneIndex>
				<X>-0.400000036</X>
				<Y>-0.930000186</Y>
				<Z>0.909999907</Z>
				<Pitch>0</Pitch>
				<Roll>0</Roll>
				<Yaw>0</Yaw>
			</Attachment>
		</Attachment>
		<Attachment>
			<ModelHash>0x9f658eb1</ModelHash>
			<Type>3</Type>
			<Dynamic>false</Dynamic>
			<HashName>prop_mp_drug_pack_blue</HashName>
			<InitialHandle>727915</InitialHandle>
			<OpacityLevel>255</OpacityLevel>
			<LodDistance>16960</LodDistance>
			<IsVisible>true</IsVisible>
			<Health>1000</Health>
			<IsOnFire>false</IsOnFire>
			<IsInvincible>false</IsInvincible>
			<IsBulletProof>false</IsBulletProof>
			<IsCollisionProof>false</IsCollisionProof>
			<IsExplosionProof>false</IsExplosionProof>
			<IsFireProof>true</IsFireProof>
			<IsMeleeProof>false</IsMeleeProof>
			<IsOnlyDamagedByPlayer>false</IsOnlyDamagedByPlayer>
			<PositionRotation>
				<X>-1628.72803</X>
				<Y>-3117.83032</Y>
				<Z>15.1883459</Z>
				<Pitch>0.211760163</Pitch>
				<Roll>0.0874211341</Roll>
				<Yaw>-48.107933</Yaw>
			</PositionRotation>
			<Attachment isAttached="true">
				<AttachedTo>464701</AttachedTo>
				<BoneIndex>0</BoneIndex>
				<X>0</X>
				<Y>0.680000126</Y>
				<Z>1.14000022</Z>
				<Pitch>0</Pitch>
				<Roll>0</Roll>
				<Yaw>0</Yaw>
			</Attachment>
		</Attachment>
		<Attachment>
			<ModelHash>0x1625b91e</ModelHash>
			<Type>3</Type>
			<Dynamic>false</Dynamic>
			<HashName>hei_prop_drug_statue_box_big</HashName>
			<InitialHandle>695660</InitialHandle>
			<OpacityLevel>255</OpacityLevel>
			<LodDistance>16960</LodDistance>
			<IsVisible>true</IsVisible>
			<Health>1000</Health>
			<IsOnFire>false</IsOnFire>
			<IsInvincible>false</IsInvincible>
			<IsBulletProof>false</IsBulletProof>
			<IsCollisionProof>false</IsCollisionProof>
			<IsExplosionProof>false</IsExplosionProof>
			<IsFireProof>true</IsFireProof>
			<IsMeleeProof>false</IsMeleeProof>
			<IsOnlyDamagedByPlayer>false</IsOnlyDamagedByPlayer>
			<PositionRotation>
				<X>-1629.09961</X>
				<Y>-3118.56494</Y>
				<Z>14.4250488</Z>
				<Pitch>0.0874204636</Pitch>
				<Roll>-0.211760417</Roll>
				<Yaw>41.8923988</Yaw>
			</PositionRotation>
			<Attachment isAttached="true">
				<AttachedTo>464701</AttachedTo>
				<BoneIndex>0</BoneIndex>
				<X>0.300000012</X>
				<Y>-0.0900000036</Y>
				<Z>0.379999965</Z>
				<Pitch>0</Pitch>
				<Roll>0</Roll>
				<Yaw>90.0000076</Yaw>
			</Attachment>
		</Attachment>
		<Attachment>
			<ModelHash>0x1625b91e</ModelHash>
			<Type>3</Type>
			<Dynamic>false</Dynamic>
			<HashName>hei_prop_drug_statue_box_big</HashName>
			<InitialHandle>558189</InitialHandle>
			<OpacityLevel>255</OpacityLevel>
			<LodDistance>16960</LodDistance>
			<IsVisible>true</IsVisible>
			<Health>1000</Health>
			<IsOnFire>false</IsOnFire>
			<IsInvincible>false</IsInvincible>
			<IsBulletProof>false</IsBulletProof>
			<IsCollisionProof>false</IsCollisionProof>
			<IsExplosionProof>false</IsExplosionProof>
			<IsFireProof>true</IsFireProof>
			<IsMeleeProof>false</IsMeleeProof>
			<IsOnlyDamagedByPlayer>false</IsOnlyDamagedByPlayer>
			<PositionRotation>
				<X>-1629.50024</X>
				<Y>-3118.11841</Y>
				<Z>14.4259644</Z>
				<Pitch>0.0874204636</Pitch>
				<Roll>-0.211760417</Roll>
				<Yaw>41.8923988</Yaw>
			</PositionRotation>
			<Attachment isAttached="true">
				<AttachedTo>464701</AttachedTo>
				<BoneIndex>0</BoneIndex>
				<X>-0.300000042</X>
				<Y>-0.0900000036</Y>
				<Z>0.379999965</Z>
				<Pitch>0</Pitch>
				<Roll>0</Roll>
				<Yaw>90.0000076</Yaw>
			</Attachment>
		</Attachment>
		<Attachment>
			<ModelHash>0xab39f229</ModelHash>
			<Type>3</Type>
			<Dynamic>false</Dynamic>
			<HashName>prop_box_ammo03a</HashName>
			<InitialHandle>716654</InitialHandle>
			<OpacityLevel>255</OpacityLevel>
			<LodDistance>16960</LodDistance>
			<IsVisible>true</IsVisible>
			<Health>1000</Health>
			<IsOnFire>false</IsOnFire>
			<IsInvincible>false</IsInvincible>
			<IsBulletProof>false</IsBulletProof>
			<IsCollisionProof>false</IsCollisionProof>
			<IsExplosionProof>false</IsExplosionProof>
			<IsFireProof>true</IsFireProof>
			<IsMeleeProof>false</IsMeleeProof>
			<IsOnlyDamagedByPlayer>false</IsOnlyDamagedByPlayer>
			<PositionRotation>
				<X>-1629.35242</X>
				<Y>-3118.38916</Y>
				<Z>14.6452465</Z>
				<Pitch>0.211760163</Pitch>
				<Roll>0.0874211341</Roll>
				<Yaw>-48.107933</Yaw>
			</PositionRotation>
			<Attachment isAttached="true">
				<AttachedTo>464701</AttachedTo>
				<BoneIndex>0</BoneIndex>
				<X>0</X>
				<Y>-0.160000011</Y>
				<Z>0.600000083</Z>
				<Pitch>0</Pitch>
				<Roll>0</Roll>
				<Yaw>0</Yaw>
			</Attachment>
		</Attachment>
		<Attachment>
			<ModelHash>0x9f658eb1</ModelHash>
			<Type>3</Type>
			<Dynamic>false</Dynamic>
			<HashName>prop_mp_drug_pack_blue</HashName>
			<InitialHandle>576365</InitialHandle>
			<OpacityLevel>255</OpacityLevel>
			<LodDistance>16960</LodDistance>
			<IsVisible>true</IsVisible>
			<Health>1000</Health>
			<IsOnFire>false</IsOnFire>
			<IsInvincible>false</IsInvincible>
			<IsBulletProof>false</IsBulletProof>
			<IsCollisionProof>false</IsCollisionProof>
			<IsExplosionProof>false</IsExplosionProof>
			<IsFireProof>true</IsFireProof>
			<IsMeleeProof>false</IsMeleeProof>
			<IsOnlyDamagedByPlayer>false</IsOnlyDamagedByPlayer>
			<PositionRotation>
				<X>-1629.4353</X>
				<Y>-3118.4646</Y>
				<Z>15.1748352</Z>
				<Pitch>0.211760163</Pitch>
				<Roll>0.0874211341</Roll>
				<Yaw>-48.107933</Yaw>
			</PositionRotation>
			<Attachment isAttached="true">
				<AttachedTo>464701</AttachedTo>
				<BoneIndex>0</BoneIndex>
				<X>0</X>
				<Y>-0.270000279</Y>
				<Z>1.13000011</Z>
				<Pitch>0</Pitch>
				<Roll>0</Roll>
				<Yaw>0</Yaw>
			</Attachment>
		</Attachment>
		<Attachment>
			<ModelHash>0x084592ed</ModelHash>
			<Type>3</Type>
			<Dynamic>false</Dynamic>
			<HashName>prop_mp_drug_pack_red</HashName>
			<InitialHandle>193904</InitialHandle>
			<OpacityLevel>255</OpacityLevel>
			<LodDistance>16960</LodDistance>
			<IsVisible>true</IsVisible>
			<Health>1000</Health>
			<IsOnFire>false</IsOnFire>
			<IsInvincible>false</IsInvincible>
			<IsBulletProof>false</IsBulletProof>
			<IsCollisionProof>false</IsCollisionProof>
			<IsExplosionProof>false</IsExplosionProof>
			<IsFireProof>true</IsFireProof>
			<IsMeleeProof>false</IsMeleeProof>
			<IsOnlyDamagedByPlayer>false</IsOnlyDamagedByPlayer>
			<PositionRotation>
				<X>-1629.078</X>
				<Y>-3118.14404</Y>
				<Z>15.1866093</Z>
				<Pitch>0.211760163</Pitch>
				<Roll>0.0874211341</Roll>
				<Yaw>-48.107933</Yaw>
			</PositionRotation>
			<Attachment isAttached="true">
				<AttachedTo>464701</AttachedTo>
				<BoneIndex>0</BoneIndex>
				<X>0</X>
				<Y>0.210000068</Y>
				<Z>1.1400001</Z>
				<Pitch>0</Pitch>
				<Roll>0</Roll>
				<Yaw>0</Yaw>
			</Attachment>
		</Attachment>
	</SpoonerAttachments>
</Vehicle>
