<?xml version="1.0" encoding="ISO-8859-1"?>
<Vehicle menyoo_ver="0.9998b">
	<ModelHash>0xd9927fe3</ModelHash>
	<InitialHandle>503591</InitialHandle>
	<VehicleProperties>
		<Colours>
			<Primary>0</Primary>
			<Secondary>1</Secondary>
			<Pearl>10</Pearl>
			<Rim>156</Rim>
			<Mod1_a>0</Mod1_a>
			<Mod1_b>0</Mod1_b>
			<Mod1_c>48</Mod1_c>
			<Mod2_a>3</Mod2_a>
			<Mod2_b>-301442284</Mod2_b>
			<IsPrimaryColourCustom>false</IsPrimaryColourCustom>
			<IsSecondaryColourCustom>false</IsSecondaryColourCustom>
			<tyreSmoke_R>255</tyreSmoke_R>
			<tyreSmoke_G>255</tyreSmoke_G>
			<tyreSmoke_B>255</tyreSmoke_B>
			<LrInterior>0</LrInterior>
			<LrDashboard>0</LrDashboard>
		</Colours>
		<Livery>-1</Livery>
		<NumberPlateText>02EBH290</NumberPlateText>
		<NumberPlateIndex>4</NumberPlateIndex>
		<WheelType>0</WheelType>
		<WheelsInvisible>false</WheelsInvisible>
		<WindowTint>1</WindowTint>
		<BulletProofTyres>true</BulletProofTyres>
		<DirtLevel>0.0526059754</DirtLevel>
		<PaintFade>0.184313729</PaintFade>
		<RoofState>0</RoofState>
		<SirenActive>false</SirenActive>
		<EngineOn>true</EngineOn>
		<EngineHealth>1000</EngineHealth>
		<LightsOn>true</LightsOn>
		<Neons>
			<Left>false</Left>
			<Right>false</Right>
			<Front>false</Front>
			<Back>false</Back>
			<R>255</R>
			<G>0</G>
			<B>255</B>
		</Neons>
		<ModExtras />
		<Mods>
			<_0>-1,0</_0>
			<_1>-1,0</_1>
			<_2>-1,0</_2>
			<_3>-1,0</_3>
			<_4>-1,0</_4>
			<_5>-1,0</_5>
			<_6>-1,0</_6>
			<_7>-1,0</_7>
			<_8>-1,0</_8>
			<_9>-1,0</_9>
			<_10>-1,0</_10>
			<_11>-1,0</_11>
			<_12>-1,0</_12>
			<_13>-1,0</_13>
			<_14>-1,0</_14>
			<_15>-1,0</_15>
			<_16>-1,0</_16>
			<_17>false</_17>
			<_18>true</_18>
			<_19>false</_19>
			<_20>true</_20>
			<_21>false</_21>
			<_22>true</_22>
			<_23>-1,0</_23>
			<_24>-1,0</_24>
			<_25>-1,0</_25>
			<_26>-1,0</_26>
			<_27>-1,0</_27>
			<_28>-1,0</_28>
			<_29>-1,0</_29>
			<_30>-1,0</_30>
			<_31>-1,0</_31>
			<_32>-1,0</_32>
			<_33>-1,0</_33>
			<_34>-1,0</_34>
			<_35>-1,0</_35>
			<_36>-1,0</_36>
			<_37>-1,0</_37>
			<_38>-1,0</_38>
			<_39>-1,0</_39>
			<_40>-1,0</_40>
			<_41>-1,0</_41>
			<_42>-1,0</_42>
			<_43>-1,0</_43>
			<_44>-1,0</_44>
			<_45>-1,0</_45>
			<_46>-1,0</_46>
			<_47>-1,0</_47>
			<_48>-1,0</_48>
		</Mods>
		<DoorsOpen>
			<BackLeftDoor>false</BackLeftDoor>
			<BackRightDoor>false</BackRightDoor>
			<FrontLeftDoor>false</FrontLeftDoor>
			<FrontRightDoor>false</FrontRightDoor>
			<Hood>false</Hood>
			<Trunk>false</Trunk>
			<Trunk2>false</Trunk2>
		</DoorsOpen>
		<DoorsBroken>
			<BackLeftDoor>false</BackLeftDoor>
			<BackRightDoor>false</BackRightDoor>
			<FrontLeftDoor>false</FrontLeftDoor>
			<FrontRightDoor>false</FrontRightDoor>
			<Hood>false</Hood>
			<Trunk>false</Trunk>
			<Trunk2>false</Trunk2>
		</DoorsBroken>
		<TyresBursted>
			<FrontLeft>false</FrontLeft>
			<FrontRight>false</FrontRight>
			<_2>false</_2>
			<_3>false</_3>
			<BackLeft>false</BackLeft>
			<BackRight>false</BackRight>
			<_6>false</_6>
			<_7>false</_7>
			<_8>false</_8>
		</TyresBursted>
		<RpmMultiplier>1</RpmMultiplier>
		<TorqueMultiplier>1</TorqueMultiplier>
		<HeadlightIntensity>1</HeadlightIntensity>
	</VehicleProperties>
	<OpacityLevel>255</OpacityLevel>
	<LodDistance>16960</LodDistance>
	<IsVisible>true</IsVisible>
	<IsDriverVisible>true</IsDriverVisible>
	<IsOnFire>false</IsOnFire>
	<IsInvincible>false</IsInvincible>
	<IsBulletProof>false</IsBulletProof>
	<IsExplosionProof>false</IsExplosionProof>
	<IsFireProof>true</IsFireProof>
	<IsMeleeProof>false</IsMeleeProof>
	<IsOnlyDamagedByPlayer>false</IsOnlyDamagedByPlayer>
	<SpoonerAttachments SetAttachmentsPersistentAndAddToSpoonerDatabase="false">
		<Attachment>
			<ModelHash>0xe8739c51</ModelHash>
			<Type>3</Type>
			<Dynamic>false</Dynamic>
			<HashName>hei_prop_hei_drug_pack_01b</HashName>
			<InitialHandle>364066</InitialHandle>
			<OpacityLevel>255</OpacityLevel>
			<LodDistance>16960</LodDistance>
			<IsVisible>true</IsVisible>
			<Health>1000</Health>
			<IsOnFire>false</IsOnFire>
			<IsInvincible>false</IsInvincible>
			<IsBulletProof>false</IsBulletProof>
			<IsCollisionProof>false</IsCollisionProof>
			<IsExplosionProof>false</IsExplosionProof>
			<IsFireProof>true</IsFireProof>
			<IsMeleeProof>false</IsMeleeProof>
			<IsOnlyDamagedByPlayer>false</IsOnlyDamagedByPlayer>
			<PositionRotation>
				<X>-1681.55029</X>
				<Y>-3089.3457</Y>
				<Z>14.08288</Z>
				<Pitch>0.00203230139</Pitch>
				<Roll>-0.308238029</Roll>
				<Yaw>17.4053402</Yaw>
			</PositionRotation>
			<Attachment isAttached="true">
				<AttachedTo>503591</AttachedTo>
				<BoneIndex>0</BoneIndex>
				<X>-0.180000052</X>
				<Y>-0.570000112</Y>
				<Z>-0.50000006</Z>
				<Pitch>0</Pitch>
				<Roll>0</Roll>
				<Yaw>90.0000076</Yaw>
			</Attachment>
		</Attachment>
		<Attachment>
			<ModelHash>0x1f811ce1</ModelHash>
			<Type>3</Type>
			<Dynamic>false</Dynamic>
			<HashName>prop_drug_package</HashName>
			<InitialHandle>5161</InitialHandle>
			<OpacityLevel>255</OpacityLevel>
			<LodDistance>16960</LodDistance>
			<IsVisible>true</IsVisible>
			<Health>1000</Health>
			<IsOnFire>false</IsOnFire>
			<IsInvincible>false</IsInvincible>
			<IsBulletProof>false</IsBulletProof>
			<IsCollisionProof>false</IsCollisionProof>
			<IsExplosionProof>false</IsExplosionProof>
			<IsFireProof>true</IsFireProof>
			<IsMeleeProof>false</IsMeleeProof>
			<IsOnlyDamagedByPlayer>false</IsOnlyDamagedByPlayer>
			<PositionRotation>
				<X>-1680.59229</X>
				<Y>-3088.86743</Y>
				<Z>14.5985813</Z>
				<Pitch>0.00203230139</Pitch>
				<Roll>-0.308238029</Roll>
				<Yaw>17.4053402</Yaw>
			</PositionRotation>
			<Attachment isAttached="true">
				<AttachedTo>503591</AttachedTo>
				<BoneIndex>0</BoneIndex>
				<X>-0.349999964</X>
				<Y>0.490000129</Y>
				<Z>0.0100000128</Z>
				<Pitch>0</Pitch>
				<Roll>0</Roll>
				<Yaw>90.0000076</Yaw>
			</Attachment>
		</Attachment>
		<Attachment>
			<ModelHash>0x8ae084d2</ModelHash>
			<Type>3</Type>
			<Dynamic>false</Dynamic>
			<HashName>prop_drug_package_02</HashName>
			<InitialHandle>253223</InitialHandle>
			<OpacityLevel>255</OpacityLevel>
			<LodDistance>16960</LodDistance>
			<IsVisible>true</IsVisible>
			<Health>1000</Health>
			<IsOnFire>false</IsOnFire>
			<IsInvincible>false</IsInvincible>
			<IsBulletProof>false</IsBulletProof>
			<IsCollisionProof>false</IsCollisionProof>
			<IsExplosionProof>false</IsExplosionProof>
			<IsFireProof>true</IsFireProof>
			<IsMeleeProof>false</IsMeleeProof>
			<IsOnlyDamagedByPlayer>false</IsOnlyDamagedByPlayer>
			<PositionRotation>
				<X>-1680.04907</X>
				<Y>-3089.08472</Y>
				<Z>14.0009975</Z>
				<Pitch>-89.6916199</Pitch>
				<Roll>-89.6222534</Roll>
				<Yaw>-72.2169113</Yaw>
			</PositionRotation>
			<Attachment isAttached="true">
				<AttachedTo>503591</AttachedTo>
				<BoneIndex>0</BoneIndex>
				<X>0.0200000033</X>
				<Y>0.940000296</Y>
				<Z>-0.590000093</Z>
				<Pitch>-90.0000076</Pitch>
				<Roll>0</Roll>
				<Yaw>90.0000076</Yaw>
			</Attachment>
		</Attachment>
		<Attachment>
			<ModelHash>0x1bd00672</ModelHash>
			<Type>3</Type>
			<Dynamic>false</Dynamic>
			<HashName>hei_prop_drug_statue_box_01</HashName>
			<InitialHandle>349479</InitialHandle>
			<OpacityLevel>255</OpacityLevel>
			<LodDistance>16960</LodDistance>
			<IsVisible>true</IsVisible>
			<Health>1000</Health>
			<IsOnFire>false</IsOnFire>
			<IsInvincible>false</IsInvincible>
			<IsBulletProof>false</IsBulletProof>
			<IsCollisionProof>false</IsCollisionProof>
			<IsExplosionProof>false</IsExplosionProof>
			<IsFireProof>true</IsFireProof>
			<IsMeleeProof>false</IsMeleeProof>
			<IsOnlyDamagedByPlayer>false</IsOnlyDamagedByPlayer>
			<PositionRotation>
				<X>-1680.37524</X>
				<Y>-3088.69458</Y>
				<Z>14.8169804</Z>
				<Pitch>-89.692894</Pitch>
				<Roll>0.377786726</Roll>
				<Yaw>-72.2168808</Yaw>
			</PositionRotation>
			<Attachment isAttached="true">
				<AttachedTo>503591</AttachedTo>
				<BoneIndex>0</BoneIndex>
				<X>-0.449999899</X>
				<Y>0.750000179</Y>
				<Z>0.227000073</Z>
				<Pitch>-90.0000153</Pitch>
				<Roll>-5.7220459e-006</Roll>
				<Yaw>-1.33514404e-005</Yaw>
			</Attachment>
		</Attachment>
		<Attachment>
			<ModelHash>0x1f588a1a</ModelHash>
			<Type>3</Type>
			<Dynamic>false</Dynamic>
			<HashName>hei_prop_hei_drug_pack_01a</HashName>
			<InitialHandle>642088</InitialHandle>
			<OpacityLevel>255</OpacityLevel>
			<LodDistance>16960</LodDistance>
			<IsVisible>true</IsVisible>
			<Health>1000</Health>
			<IsOnFire>false</IsOnFire>
			<IsInvincible>false</IsInvincible>
			<IsBulletProof>false</IsBulletProof>
			<IsCollisionProof>false</IsCollisionProof>
			<IsExplosionProof>false</IsExplosionProof>
			<IsFireProof>true</IsFireProof>
			<IsMeleeProof>false</IsMeleeProof>
			<IsOnlyDamagedByPlayer>false</IsOnlyDamagedByPlayer>
			<PositionRotation>
				<X>-1681.42029</X>
				<Y>-3089.49365</Y>
				<Z>14.1233034</Z>
				<Pitch>89.6935272</Pitch>
				<Roll>-90.3758469</Roll>
				<Yaw>107.781189</Yaw>
			</PositionRotation>
			<Attachment isAttached="true">
				<AttachedTo>503591</AttachedTo>
				<BoneIndex>0</BoneIndex>
				<X>0</X>
				<Y>-0.49000001</Y>
				<Z>-0.460000098</Z>
				<Pitch>90.0000076</Pitch>
				<Roll>90.0000076</Roll>
				<Yaw>0</Yaw>
			</Attachment>
		</Attachment>
		<Attachment>
			<ModelHash>0x2d9a5028</ModelHash>
			<Type>3</Type>
			<Dynamic>false</Dynamic>
			<HashName>prop_mp_drug_package</HashName>
			<InitialHandle>717352</InitialHandle>
			<OpacityLevel>255</OpacityLevel>
			<LodDistance>16960</LodDistance>
			<IsVisible>true</IsVisible>
			<Health>1000</Health>
			<IsOnFire>false</IsOnFire>
			<IsInvincible>false</IsInvincible>
			<IsBulletProof>false</IsBulletProof>
			<IsCollisionProof>false</IsCollisionProof>
			<IsExplosionProof>false</IsExplosionProof>
			<IsFireProof>true</IsFireProof>
			<IsMeleeProof>false</IsMeleeProof>
			<IsOnlyDamagedByPlayer>false</IsOnlyDamagedByPlayer>
			<PositionRotation>
				<X>-1680.38293</X>
				<Y>-3089.5354</Y>
				<Z>14.5985565</Z>
				<Pitch>0.00203230139</Pitch>
				<Roll>-0.308238029</Roll>
				<Yaw>17.4053402</Yaw>
			</PositionRotation>
			<Attachment isAttached="true">
				<AttachedTo>503591</AttachedTo>
				<BoneIndex>0</BoneIndex>
				<X>0.349999934</X>
				<Y>0.490000069</Y>
				<Z>0.0100000016</Z>
				<Pitch>0</Pitch>
				<Roll>0</Roll>
				<Yaw>90.0000076</Yaw>
			</Attachment>
		</Attachment>
		<Attachment>
			<ModelHash>0xe8739c51</ModelHash>
			<Type>3</Type>
			<Dynamic>false</Dynamic>
			<HashName>hei_prop_hei_drug_pack_01b</HashName>
			<InitialHandle>502837</InitialHandle>
			<OpacityLevel>255</OpacityLevel>
			<LodDistance>16960</LodDistance>
			<IsVisible>true</IsVisible>
			<Health>1000</Health>
			<IsOnFire>false</IsOnFire>
			<IsInvincible>false</IsInvincible>
			<IsBulletProof>false</IsBulletProof>
			<IsCollisionProof>false</IsCollisionProof>
			<IsExplosionProof>false</IsExplosionProof>
			<IsFireProof>true</IsFireProof>
			<IsMeleeProof>false</IsMeleeProof>
			<IsOnlyDamagedByPlayer>false</IsOnlyDamagedByPlayer>
			<PositionRotation>
				<X>-1681.55103</X>
				<Y>-3089.34595</Y>
				<Z>14.2228775</Z>
				<Pitch>0.00203230139</Pitch>
				<Roll>-0.308238029</Roll>
				<Yaw>17.4053402</Yaw>
			</PositionRotation>
			<Attachment isAttached="true">
				<AttachedTo>503591</AttachedTo>
				<BoneIndex>0</BoneIndex>
				<X>-0.180000022</X>
				<Y>-0.570000112</Y>
				<Z>-0.360000104</Z>
				<Pitch>0</Pitch>
				<Roll>0</Roll>
				<Yaw>90.0000076</Yaw>
			</Attachment>
		</Attachment>
		<Attachment>
			<ModelHash>0xe8739c51</ModelHash>
			<Type>3</Type>
			<Dynamic>false</Dynamic>
			<HashName>hei_prop_hei_drug_pack_01b</HashName>
			<InitialHandle>101940</InitialHandle>
			<OpacityLevel>255</OpacityLevel>
			<LodDistance>16960</LodDistance>
			<IsVisible>true</IsVisible>
			<Health>1000</Health>
			<IsOnFire>false</IsOnFire>
			<IsInvincible>false</IsInvincible>
			<IsBulletProof>false</IsBulletProof>
			<IsCollisionProof>false</IsCollisionProof>
			<IsExplosionProof>false</IsExplosionProof>
			<IsFireProof>true</IsFireProof>
			<IsMeleeProof>false</IsMeleeProof>
			<IsOnlyDamagedByPlayer>false</IsOnlyDamagedByPlayer>
			<PositionRotation>
				<X>-1681.55164</X>
				<Y>-3089.34619</Y>
				<Z>14.3628759</Z>
				<Pitch>0.00203230139</Pitch>
				<Roll>-0.308238029</Roll>
				<Yaw>17.4053402</Yaw>
			</PositionRotation>
			<Attachment isAttached="true">
				<AttachedTo>503591</AttachedTo>
				<BoneIndex>0</BoneIndex>
				<X>-0.180000007</X>
				<Y>-0.570000112</Y>
				<Z>-0.220000044</Z>
				<Pitch>0</Pitch>
				<Roll>0</Roll>
				<Yaw>90.0000076</Yaw>
			</Attachment>
		</Attachment>
		<Attachment>
			<ModelHash>0xe8739c51</ModelHash>
			<Type>3</Type>
			<Dynamic>false</Dynamic>
			<HashName>hei_prop_hei_drug_pack_01b</HashName>
			<InitialHandle>236854</InitialHandle>
			<OpacityLevel>255</OpacityLevel>
			<LodDistance>16960</LodDistance>
			<IsVisible>true</IsVisible>
			<Health>1000</Health>
			<IsOnFire>false</IsOnFire>
			<IsInvincible>false</IsInvincible>
			<IsBulletProof>false</IsBulletProof>
			<IsCollisionProof>false</IsCollisionProof>
			<IsExplosionProof>false</IsExplosionProof>
			<IsFireProof>true</IsFireProof>
			<IsMeleeProof>false</IsMeleeProof>
			<IsOnlyDamagedByPlayer>false</IsOnlyDamagedByPlayer>
			<PositionRotation>
				<X>-1681.44263</X>
				<Y>-3089.68945</Y>
				<Z>14.0828667</Z>
				<Pitch>-0.00203230139</Pitch>
				<Roll>0.308238029</Roll>
				<Yaw>-162.59465</Yaw>
			</PositionRotation>
			<Attachment isAttached="true">
				<AttachedTo>503591</AttachedTo>
				<BoneIndex>0</BoneIndex>
				<X>0.180000022</X>
				<Y>-0.570000112</Y>
				<Z>-0.50000006</Z>
				<Pitch>0</Pitch>
				<Roll>0</Roll>
				<Yaw>-90.0000076</Yaw>
			</Attachment>
		</Attachment>
		<Attachment>
			<ModelHash>0xe8739c51</ModelHash>
			<Type>3</Type>
			<Dynamic>false</Dynamic>
			<HashName>hei_prop_hei_drug_pack_01b</HashName>
			<InitialHandle>425782</InitialHandle>
			<OpacityLevel>255</OpacityLevel>
			<LodDistance>16960</LodDistance>
			<IsVisible>true</IsVisible>
			<Health>1000</Health>
			<IsOnFire>false</IsOnFire>
			<IsInvincible>false</IsInvincible>
			<IsBulletProof>false</IsBulletProof>
			<IsCollisionProof>false</IsCollisionProof>
			<IsExplosionProof>false</IsExplosionProof>
			<IsFireProof>true</IsFireProof>
			<IsMeleeProof>false</IsMeleeProof>
			<IsOnlyDamagedByPlayer>false</IsOnlyDamagedByPlayer>
			<PositionRotation>
				<X>-1681.44324</X>
				<Y>-3089.68945</Y>
				<Z>14.2228651</Z>
				<Pitch>-0.00203230139</Pitch>
				<Roll>0.308238029</Roll>
				<Yaw>-162.59465</Yaw>
			</PositionRotation>
			<Attachment isAttached="true">
				<AttachedTo>503591</AttachedTo>
				<BoneIndex>0</BoneIndex>
				<X>0.180000022</X>
				<Y>-0.570000112</Y>
				<Z>-0.360000104</Z>
				<Pitch>0</Pitch>
				<Roll>0</Roll>
				<Yaw>-90.0000076</Yaw>
			</Attachment>
		</Attachment>
		<Attachment>
			<ModelHash>0xe8739c51</ModelHash>
			<Type>3</Type>
			<Dynamic>false</Dynamic>
			<HashName>hei_prop_hei_drug_pack_01b</HashName>
			<InitialHandle>129336</InitialHandle>
			<OpacityLevel>255</OpacityLevel>
			<LodDistance>16960</LodDistance>
			<IsVisible>true</IsVisible>
			<Health>1000</Health>
			<IsOnFire>false</IsOnFire>
			<IsInvincible>false</IsInvincible>
			<IsBulletProof>false</IsBulletProof>
			<IsCollisionProof>false</IsCollisionProof>
			<IsExplosionProof>false</IsExplosionProof>
			<IsFireProof>true</IsFireProof>
			<IsMeleeProof>false</IsMeleeProof>
			<IsOnlyDamagedByPlayer>false</IsOnlyDamagedByPlayer>
			<PositionRotation>
				<X>-1681.44397</X>
				<Y>-3089.6897</Y>
				<Z>14.3628635</Z>
				<Pitch>-0.00203230139</Pitch>
				<Roll>0.308238029</Roll>
				<Yaw>-162.59465</Yaw>
			</PositionRotation>
			<Attachment isAttached="true">
				<AttachedTo>503591</AttachedTo>
				<BoneIndex>0</BoneIndex>
				<X>0.180000022</X>
				<Y>-0.570000112</Y>
				<Z>-0.220000029</Z>
				<Pitch>0</Pitch>
				<Roll>0</Roll>
				<Yaw>-90.0000076</Yaw>
			</Attachment>
		</Attachment>
		<Attachment>
			<ModelHash>0xe8739c51</ModelHash>
			<Type>3</Type>
			<Dynamic>false</Dynamic>
			<HashName>hei_prop_hei_drug_pack_01b</HashName>
			<InitialHandle>388663</InitialHandle>
			<OpacityLevel>255</OpacityLevel>
			<LodDistance>16960</LodDistance>
			<IsVisible>true</IsVisible>
			<Health>1000</Health>
			<IsOnFire>false</IsOnFire>
			<IsInvincible>false</IsInvincible>
			<IsBulletProof>false</IsBulletProof>
			<IsCollisionProof>false</IsCollisionProof>
			<IsExplosionProof>false</IsExplosionProof>
			<IsFireProof>true</IsFireProof>
			<IsMeleeProof>false</IsMeleeProof>
			<IsOnlyDamagedByPlayer>false</IsOnlyDamagedByPlayer>
			<PositionRotation>
				<X>-1681.80249</X>
				<Y>-3089.4458</Y>
				<Z>14.2014246</Z>
				<Pitch>-0.00202876609</Pitch>
				<Roll>-89.6917648</Roll>
				<Yaw>-162.59462</Yaw>
			</PositionRotation>
			<Attachment isAttached="true">
				<AttachedTo>503591</AttachedTo>
				<BoneIndex>-1</BoneIndex>
				<X>-0.160000056</X>
				<Y>-0.840000212</Y>
				<Z>-0.380000085</Z>
				<Pitch>5.7220459e-006</Pitch>
				<Roll>-90.0000076</Roll>
				<Yaw>-89.9999771</Yaw>
			</Attachment>
		</Attachment>
		<Attachment>
			<ModelHash>0xe8739c51</ModelHash>
			<Type>3</Type>
			<Dynamic>false</Dynamic>
			<HashName>hei_prop_hei_drug_pack_01b</HashName>
			<InitialHandle>459582</InitialHandle>
			<OpacityLevel>255</OpacityLevel>
			<LodDistance>16960</LodDistance>
			<IsVisible>true</IsVisible>
			<Health>1000</Health>
			<IsOnFire>false</IsOnFire>
			<IsInvincible>false</IsInvincible>
			<IsBulletProof>false</IsBulletProof>
			<IsCollisionProof>false</IsCollisionProof>
			<IsExplosionProof>false</IsExplosionProof>
			<IsFireProof>true</IsFireProof>
			<IsMeleeProof>false</IsMeleeProof>
			<IsOnlyDamagedByPlayer>false</IsOnlyDamagedByPlayer>
			<PositionRotation>
				<X>-1681.70679</X>
				<Y>-3089.75122</Y>
				<Z>14.2014132</Z>
				<Pitch>0.00204079249</Pitch>
				<Roll>89.6917496</Roll>
				<Yaw>17.4053516</Yaw>
			</PositionRotation>
			<Attachment isAttached="true">
				<AttachedTo>503591</AttachedTo>
				<BoneIndex>0</BoneIndex>
				<X>0.160000011</X>
				<Y>-0.840000212</Y>
				<Z>-0.380000085</Z>
				<Pitch>1.33514404e-005</Pitch>
				<Roll>90.0000076</Roll>
				<Yaw>90.0000076</Yaw>
			</Attachment>
		</Attachment>
		<Attachment>
			<ModelHash>0x1bd00672</ModelHash>
			<Type>3</Type>
			<Dynamic>false</Dynamic>
			<HashName>hei_prop_drug_statue_box_01</HashName>
			<InitialHandle>105535</InitialHandle>
			<OpacityLevel>255</OpacityLevel>
			<LodDistance>16960</LodDistance>
			<IsVisible>true</IsVisible>
			<Health>1000</Health>
			<IsOnFire>false</IsOnFire>
			<IsInvincible>false</IsInvincible>
			<IsBulletProof>false</IsBulletProof>
			<IsCollisionProof>false</IsCollisionProof>
			<IsExplosionProof>false</IsExplosionProof>
			<IsFireProof>true</IsFireProof>
			<IsMeleeProof>false</IsMeleeProof>
			<IsOnlyDamagedByPlayer>false</IsOnlyDamagedByPlayer>
			<PositionRotation>
				<X>-1680.10596</X>
				<Y>-3089.55322</Y>
				<Z>14.8169479</Z>
				<Pitch>-89.6922531</Pitch>
				<Roll>0.37775296</Roll>
				<Yaw>-72.2169037</Yaw>
			</PositionRotation>
			<Attachment isAttached="true">
				<AttachedTo>503591</AttachedTo>
				<BoneIndex>0</BoneIndex>
				<X>0.450000018</X>
				<Y>0.750000179</Y>
				<Z>0.227000073</Z>
				<Pitch>-90</Pitch>
				<Roll>0</Roll>
				<Yaw>0</Yaw>
			</Attachment>
		</Attachment>
		<Attachment>
			<ModelHash>0x1f588a1a</ModelHash>
			<Type>3</Type>
			<Dynamic>false</Dynamic>
			<HashName>hei_prop_hei_drug_pack_01a</HashName>
			<InitialHandle>497730</InitialHandle>
			<OpacityLevel>255</OpacityLevel>
			<LodDistance>16960</LodDistance>
			<IsVisible>true</IsVisible>
			<Health>1000</Health>
			<IsOnFire>false</IsOnFire>
			<IsInvincible>false</IsInvincible>
			<IsBulletProof>false</IsBulletProof>
			<IsCollisionProof>false</IsCollisionProof>
			<IsExplosionProof>false</IsExplosionProof>
			<IsFireProof>true</IsFireProof>
			<IsMeleeProof>false</IsMeleeProof>
			<IsOnlyDamagedByPlayer>false</IsOnlyDamagedByPlayer>
			<PositionRotation>
				<X>-1681.42114</X>
				<Y>-3089.4939</Y>
				<Z>14.2833014</Z>
				<Pitch>89.6916199</Pitch>
				<Roll>-90.3777618</Roll>
				<Yaw>107.783104</Yaw>
			</PositionRotation>
			<Attachment isAttached="true">
				<AttachedTo>503591</AttachedTo>
				<BoneIndex>0</BoneIndex>
				<X>0</X>
				<Y>-0.490000069</Y>
				<Z>-0.300000042</Z>
				<Pitch>90.0000076</Pitch>
				<Roll>0</Roll>
				<Yaw>90.0000076</Yaw>
			</Attachment>
		</Attachment>
		<Attachment>
			<ModelHash>0x1f588a1a</ModelHash>
			<Type>3</Type>
			<Dynamic>false</Dynamic>
			<HashName>hei_prop_hei_drug_pack_01a</HashName>
			<InitialHandle>32579</InitialHandle>
			<OpacityLevel>255</OpacityLevel>
			<LodDistance>16960</LodDistance>
			<IsVisible>true</IsVisible>
			<Health>1000</Health>
			<IsOnFire>false</IsOnFire>
			<IsInvincible>false</IsInvincible>
			<IsBulletProof>false</IsBulletProof>
			<IsCollisionProof>false</IsCollisionProof>
			<IsExplosionProof>false</IsExplosionProof>
			<IsFireProof>true</IsFireProof>
			<IsMeleeProof>false</IsMeleeProof>
			<IsOnlyDamagedByPlayer>false</IsOnlyDamagedByPlayer>
			<PositionRotation>
				<X>-1681.60168</X>
				<Y>-3089.55054</Y>
				<Z>14.1522808</Z>
				<Pitch>0.308238059</Pitch>
				<Roll>90.0020294</Roll>
				<Yaw>-72.5946655</Yaw>
			</PositionRotation>
			<Attachment isAttached="true">
				<AttachedTo>503591</AttachedTo>
				<BoneIndex>0</BoneIndex>
				<X>0</X>
				<Y>-0.680000126</Y>
				<Z>-0.430000037</Z>
				<Pitch>0</Pitch>
				<Roll>90.0000076</Roll>
				<Yaw>0</Yaw>
			</Attachment>
		</Attachment>
		<Attachment>
			<ModelHash>0x1f588a1a</ModelHash>
			<Type>3</Type>
			<Dynamic>false</Dynamic>
			<HashName>hei_prop_hei_drug_pack_01a</HashName>
			<InitialHandle>554559</InitialHandle>
			<OpacityLevel>255</OpacityLevel>
			<LodDistance>16960</LodDistance>
			<IsVisible>true</IsVisible>
			<Health>1000</Health>
			<IsOnFire>false</IsOnFire>
			<IsInvincible>false</IsInvincible>
			<IsBulletProof>false</IsBulletProof>
			<IsCollisionProof>false</IsCollisionProof>
			<IsExplosionProof>false</IsExplosionProof>
			<IsFireProof>true</IsFireProof>
			<IsMeleeProof>false</IsMeleeProof>
			<IsOnlyDamagedByPlayer>false</IsOnlyDamagedByPlayer>
			<PositionRotation>
				<X>-1681.60291</X>
				<Y>-3089.55103</Y>
				<Z>14.3722773</Z>
				<Pitch>0.308238059</Pitch>
				<Roll>90.0020294</Roll>
				<Yaw>-72.5946655</Yaw>
			</PositionRotation>
			<Attachment isAttached="true">
				<AttachedTo>503591</AttachedTo>
				<BoneIndex>0</BoneIndex>
				<X>0</X>
				<Y>-0.680000126</Y>
				<Z>-0.210000023</Z>
				<Pitch>0</Pitch>
				<Roll>90.0000076</Roll>
				<Yaw>0</Yaw>
			</Attachment>
		</Attachment>
		<Attachment>
			<ModelHash>0x1f588a1a</ModelHash>
			<Type>3</Type>
			<Dynamic>false</Dynamic>
			<HashName>hei_prop_hei_drug_pack_01a</HashName>
			<InitialHandle>457537</InitialHandle>
			<OpacityLevel>255</OpacityLevel>
			<LodDistance>16960</LodDistance>
			<IsVisible>true</IsVisible>
			<Health>1000</Health>
			<IsOnFire>false</IsOnFire>
			<IsInvincible>false</IsInvincible>
			<IsBulletProof>false</IsBulletProof>
			<IsCollisionProof>false</IsCollisionProof>
			<IsExplosionProof>false</IsExplosionProof>
			<IsFireProof>true</IsFireProof>
			<IsMeleeProof>false</IsMeleeProof>
			<IsOnlyDamagedByPlayer>false</IsOnlyDamagedByPlayer>
			<PositionRotation>
				<X>-1681.42188</X>
				<Y>-3089.49414</Y>
				<Z>14.4432983</Z>
				<Pitch>89.6916199</Pitch>
				<Roll>-90.3777618</Roll>
				<Yaw>107.783104</Yaw>
			</PositionRotation>
			<Attachment isAttached="true">
				<AttachedTo>503591</AttachedTo>
				<BoneIndex>0</BoneIndex>
				<X>0</X>
				<Y>-0.490000069</Y>
				<Z>-0.14000003</Z>
				<Pitch>90.0000076</Pitch>
				<Roll>0</Roll>
				<Yaw>90.0000076</Yaw>
			</Attachment>
		</Attachment>
		<Attachment>
			<ModelHash>0x1f588a1a</ModelHash>
			<Type>3</Type>
			<Dynamic>false</Dynamic>
			<HashName>hei_prop_hei_drug_pack_01a</HashName>
			<InitialHandle>321845</InitialHandle>
			<OpacityLevel>255</OpacityLevel>
			<LodDistance>16960</LodDistance>
			<IsVisible>true</IsVisible>
			<Health>1000</Health>
			<IsOnFire>false</IsOnFire>
			<IsInvincible>false</IsInvincible>
			<IsBulletProof>false</IsBulletProof>
			<IsCollisionProof>false</IsCollisionProof>
			<IsExplosionProof>false</IsExplosionProof>
			<IsFireProof>true</IsFireProof>
			<IsMeleeProof>false</IsMeleeProof>
			<IsOnlyDamagedByPlayer>false</IsOnlyDamagedByPlayer>
			<PositionRotation>
				<X>-1681.42273</X>
				<Y>-3089.49438</Y>
				<Z>14.6032963</Z>
				<Pitch>89.6916199</Pitch>
				<Roll>-90.3777618</Roll>
				<Yaw>107.783104</Yaw>
			</PositionRotation>
			<Attachment isAttached="true">
				<AttachedTo>503591</AttachedTo>
				<BoneIndex>0</BoneIndex>
				<X>1.86264515e-008</X>
				<Y>-0.48999998</Y>
				<Z>0.020000007</Z>
				<Pitch>90.0000076</Pitch>
				<Roll>0</Roll>
				<Yaw>90.0000076</Yaw>
			</Attachment>
		</Attachment>
		<Attachment>
			<ModelHash>0x8ae084d2</ModelHash>
			<Type>3</Type>
			<Dynamic>false</Dynamic>
			<HashName>prop_drug_package_02</HashName>
			<InitialHandle>338248</InitialHandle>
			<OpacityLevel>255</OpacityLevel>
			<LodDistance>16960</LodDistance>
			<IsVisible>true</IsVisible>
			<Health>1000</Health>
			<IsOnFire>false</IsOnFire>
			<IsInvincible>false</IsInvincible>
			<IsBulletProof>false</IsBulletProof>
			<IsCollisionProof>false</IsCollisionProof>
			<IsExplosionProof>false</IsExplosionProof>
			<IsFireProof>true</IsFireProof>
			<IsMeleeProof>false</IsMeleeProof>
			<IsOnlyDamagedByPlayer>false</IsOnlyDamagedByPlayer>
			<PositionRotation>
				<X>-1679.81604</X>
				<Y>-3088.95947</Y>
				<Z>14.0023975</Z>
				<Pitch>89.6916199</Pitch>
				<Roll>-90.3777618</Roll>
				<Yaw>107.783104</Yaw>
			</PositionRotation>
			<Attachment isAttached="true">
				<AttachedTo>503591</AttachedTo>
				<BoneIndex>0</BoneIndex>
				<X>-0.0300000049</X>
				<Y>1.20000029</Y>
				<Z>-0.590000093</Z>
				<Pitch>90.0000076</Pitch>
				<Roll>0</Roll>
				<Yaw>90.0000076</Yaw>
			</Attachment>
		</Attachment>
		<Attachment>
			<ModelHash>0xe8739c51</ModelHash>
			<Type>3</Type>
			<Dynamic>false</Dynamic>
			<HashName>hei_prop_hei_drug_pack_01b</HashName>
			<InitialHandle>783945</InitialHandle>
			<OpacityLevel>255</OpacityLevel>
			<LodDistance>16960</LodDistance>
			<IsVisible>true</IsVisible>
			<Health>1000</Health>
			<IsOnFire>false</IsOnFire>
			<IsInvincible>false</IsInvincible>
			<IsBulletProof>false</IsBulletProof>
			<IsCollisionProof>false</IsCollisionProof>
			<IsExplosionProof>false</IsExplosionProof>
			<IsFireProof>true</IsFireProof>
			<IsMeleeProof>false</IsMeleeProof>
			<IsOnlyDamagedByPlayer>false</IsOnlyDamagedByPlayer>
			<PositionRotation>
				<X>-1681.55237</X>
				<Y>-3089.34644</Y>
				<Z>14.5028734</Z>
				<Pitch>0.00203230139</Pitch>
				<Roll>-0.308238029</Roll>
				<Yaw>17.4053402</Yaw>
			</PositionRotation>
			<Attachment isAttached="true">
				<AttachedTo>503591</AttachedTo>
				<BoneIndex>0</BoneIndex>
				<X>-0.180000022</X>
				<Y>-0.570000112</Y>
				<Z>-0.0800000131</Z>
				<Pitch>0</Pitch>
				<Roll>0</Roll>
				<Yaw>90.0000076</Yaw>
			</Attachment>
		</Attachment>
		<Attachment>
			<ModelHash>0xe8739c51</ModelHash>
			<Type>3</Type>
			<Dynamic>false</Dynamic>
			<HashName>hei_prop_hei_drug_pack_01b</HashName>
			<InitialHandle>582728</InitialHandle>
			<OpacityLevel>255</OpacityLevel>
			<LodDistance>16960</LodDistance>
			<IsVisible>true</IsVisible>
			<Health>1000</Health>
			<IsOnFire>false</IsOnFire>
			<IsInvincible>false</IsInvincible>
			<IsBulletProof>false</IsBulletProof>
			<IsCollisionProof>false</IsCollisionProof>
			<IsExplosionProof>false</IsExplosionProof>
			<IsFireProof>true</IsFireProof>
			<IsMeleeProof>false</IsMeleeProof>
			<IsOnlyDamagedByPlayer>false</IsOnlyDamagedByPlayer>
			<PositionRotation>
				<X>-1681.71167</X>
				<Y>-3089.74219</Y>
				<Z>14.5714083</Z>
				<Pitch>0.00203056703</Pitch>
				<Roll>89.6917572</Roll>
				<Yaw>17.4053478</Yaw>
			</PositionRotation>
			<Attachment isAttached="true">
				<AttachedTo>503591</AttachedTo>
				<BoneIndex>0</BoneIndex>
				<X>0.150000006</X>
				<Y>-0.840000212</Y>
				<Z>-0.0100000016</Z>
				<Pitch>0</Pitch>
				<Roll>90.0000076</Roll>
				<Yaw>90.0000076</Yaw>
			</Attachment>
		</Attachment>
		<Attachment>
			<ModelHash>0xe8739c51</ModelHash>
			<Type>3</Type>
			<Dynamic>false</Dynamic>
			<HashName>hei_prop_hei_drug_pack_01b</HashName>
			<InitialHandle>139076</InitialHandle>
			<OpacityLevel>255</OpacityLevel>
			<LodDistance>16960</LodDistance>
			<IsVisible>true</IsVisible>
			<Health>1000</Health>
			<IsOnFire>false</IsOnFire>
			<IsInvincible>false</IsInvincible>
			<IsBulletProof>false</IsBulletProof>
			<IsCollisionProof>false</IsCollisionProof>
			<IsExplosionProof>false</IsExplosionProof>
			<IsFireProof>true</IsFireProof>
			<IsMeleeProof>false</IsMeleeProof>
			<IsOnlyDamagedByPlayer>false</IsOnlyDamagedByPlayer>
			<PositionRotation>
				<X>-1681.80139</X>
				<Y>-3089.45605</Y>
				<Z>14.5714188</Z>
				<Pitch>-0.00203405553</Pitch>
				<Roll>-89.6917572</Roll>
				<Yaw>-162.59465</Yaw>
			</PositionRotation>
			<Attachment isAttached="true">
				<AttachedTo>503591</AttachedTo>
				<BoneIndex>0</BoneIndex>
				<X>-0.150000006</X>
				<Y>-0.840000093</Y>
				<Z>-0.0100000016</Z>
				<Pitch>0</Pitch>
				<Roll>-90.0000076</Roll>
				<Yaw>-90.0000076</Yaw>
			</Attachment>
		</Attachment>
		<Attachment>
			<ModelHash>0xe8739c51</ModelHash>
			<Type>3</Type>
			<Dynamic>false</Dynamic>
			<HashName>hei_prop_hei_drug_pack_01b</HashName>
			<InitialHandle>514377</InitialHandle>
			<OpacityLevel>255</OpacityLevel>
			<LodDistance>16960</LodDistance>
			<IsVisible>true</IsVisible>
			<Health>1000</Health>
			<IsOnFire>false</IsOnFire>
			<IsInvincible>false</IsInvincible>
			<IsBulletProof>false</IsBulletProof>
			<IsCollisionProof>false</IsCollisionProof>
			<IsExplosionProof>false</IsExplosionProof>
			<IsFireProof>true</IsFireProof>
			<IsMeleeProof>false</IsMeleeProof>
			<IsOnlyDamagedByPlayer>false</IsOnlyDamagedByPlayer>
			<PositionRotation>
				<X>-1681.4447</X>
				<Y>-3089.68994</Y>
				<Z>14.502861</Z>
				<Pitch>-0.00203230139</Pitch>
				<Roll>0.308238029</Roll>
				<Yaw>-162.59465</Yaw>
			</PositionRotation>
			<Attachment isAttached="true">
				<AttachedTo>503591</AttachedTo>
				<BoneIndex>0</BoneIndex>
				<X>0.180000022</X>
				<Y>-0.570000112</Y>
				<Z>-0.0800000131</Z>
				<Pitch>0</Pitch>
				<Roll>0</Roll>
				<Yaw>-90.0000076</Yaw>
			</Attachment>
		</Attachment>
		<Attachment>
			<ModelHash>0xe8739c51</ModelHash>
			<Type>3</Type>
			<Dynamic>false</Dynamic>
			<HashName>hei_prop_hei_drug_pack_01b</HashName>
			<InitialHandle>279893</InitialHandle>
			<OpacityLevel>255</OpacityLevel>
			<LodDistance>16960</LodDistance>
			<IsVisible>true</IsVisible>
			<Health>1000</Health>
			<IsOnFire>false</IsOnFire>
			<IsInvincible>false</IsInvincible>
			<IsBulletProof>false</IsBulletProof>
			<IsCollisionProof>false</IsCollisionProof>
			<IsExplosionProof>false</IsExplosionProof>
			<IsFireProof>true</IsFireProof>
			<IsMeleeProof>false</IsMeleeProof>
			<IsOnlyDamagedByPlayer>false</IsOnlyDamagedByPlayer>
			<PositionRotation>
				<X>-1681.44543</X>
				<Y>-3089.69019</Y>
				<Z>14.6428595</Z>
				<Pitch>-0.00203230139</Pitch>
				<Roll>0.308238029</Roll>
				<Yaw>-162.59465</Yaw>
			</PositionRotation>
			<Attachment isAttached="true">
				<AttachedTo>503591</AttachedTo>
				<BoneIndex>0</BoneIndex>
				<X>0.180000022</X>
				<Y>-0.570000172</Y>
				<Z>0.0600000061</Z>
				<Pitch>0</Pitch>
				<Roll>0</Roll>
				<Yaw>-90.0000076</Yaw>
			</Attachment>
		</Attachment>
		<Attachment>
			<ModelHash>0xe8739c51</ModelHash>
			<Type>3</Type>
			<Dynamic>false</Dynamic>
			<HashName>hei_prop_hei_drug_pack_01b</HashName>
			<InitialHandle>387669</InitialHandle>
			<OpacityLevel>255</OpacityLevel>
			<LodDistance>16960</LodDistance>
			<IsVisible>true</IsVisible>
			<Health>1000</Health>
			<IsOnFire>false</IsOnFire>
			<IsInvincible>false</IsInvincible>
			<IsBulletProof>false</IsBulletProof>
			<IsCollisionProof>false</IsCollisionProof>
			<IsExplosionProof>false</IsExplosionProof>
			<IsFireProof>true</IsFireProof>
			<IsMeleeProof>false</IsMeleeProof>
			<IsOnlyDamagedByPlayer>false</IsOnlyDamagedByPlayer>
			<PositionRotation>
				<X>-1681.5531</X>
				<Y>-3089.34668</Y>
				<Z>14.6428719</Z>
				<Pitch>0.00203233468</Pitch>
				<Roll>-0.308238</Roll>
				<Yaw>17.4053345</Yaw>
			</PositionRotation>
			<Attachment isAttached="true">
				<AttachedTo>503591</AttachedTo>
				<BoneIndex>0</BoneIndex>
				<X>-0.180000022</X>
				<Y>-0.570000112</Y>
				<Z>0.0600000098</Z>
				<Pitch>0</Pitch>
				<Roll>0</Roll>
				<Yaw>90</Yaw>
			</Attachment>
		</Attachment>
		<Attachment>
			<ModelHash>0x1f588a1a</ModelHash>
			<Type>3</Type>
			<Dynamic>false</Dynamic>
			<HashName>hei_prop_hei_drug_pack_01a</HashName>
			<InitialHandle>688471</InitialHandle>
			<OpacityLevel>255</OpacityLevel>
			<LodDistance>16960</LodDistance>
			<IsVisible>true</IsVisible>
			<Health>1000</Health>
			<IsOnFire>false</IsOnFire>
			<IsInvincible>false</IsInvincible>
			<IsBulletProof>false</IsBulletProof>
			<IsCollisionProof>false</IsCollisionProof>
			<IsExplosionProof>false</IsExplosionProof>
			<IsFireProof>true</IsFireProof>
			<IsMeleeProof>false</IsMeleeProof>
			<IsOnlyDamagedByPlayer>false</IsOnlyDamagedByPlayer>
			<PositionRotation>
				<X>-1681.42358</X>
				<Y>-3089.49487</Y>
				<Z>14.7632942</Z>
				<Pitch>89.6916199</Pitch>
				<Roll>-90.3777618</Roll>
				<Yaw>107.783104</Yaw>
			</PositionRotation>
			<Attachment isAttached="true">
				<AttachedTo>503591</AttachedTo>
				<BoneIndex>0</BoneIndex>
				<X>0</X>
				<Y>-0.490000069</Y>
				<Z>0.180000022</Z>
				<Pitch>90.0000076</Pitch>
				<Roll>0</Roll>
				<Yaw>90.0000076</Yaw>
			</Attachment>
		</Attachment>
		<Attachment>
			<ModelHash>0x1f588a1a</ModelHash>
			<Type>3</Type>
			<Dynamic>false</Dynamic>
			<HashName>hei_prop_hei_drug_pack_01a</HashName>
			<InitialHandle>75350</InitialHandle>
			<OpacityLevel>255</OpacityLevel>
			<LodDistance>16960</LodDistance>
			<IsVisible>true</IsVisible>
			<Health>1000</Health>
			<IsOnFire>false</IsOnFire>
			<IsInvincible>false</IsInvincible>
			<IsBulletProof>false</IsBulletProof>
			<IsCollisionProof>false</IsCollisionProof>
			<IsExplosionProof>false</IsExplosionProof>
			<IsFireProof>true</IsFireProof>
			<IsMeleeProof>false</IsMeleeProof>
			<IsOnlyDamagedByPlayer>false</IsOnlyDamagedByPlayer>
			<PositionRotation>
				<X>-1681.604</X>
				<Y>-3089.55127</Y>
				<Z>14.5922747</Z>
				<Pitch>0.308243066</Pitch>
				<Roll>90.0020142</Roll>
				<Yaw>-72.5946503</Yaw>
			</PositionRotation>
			<Attachment isAttached="true">
				<AttachedTo>503591</AttachedTo>
				<BoneIndex>0</BoneIndex>
				<X>0</X>
				<Y>-0.680000126</Y>
				<Z>0.0100000016</Z>
				<Pitch>-180</Pitch>
				<Roll>-90.0000076</Roll>
				<Yaw>180.000015</Yaw>
			</Attachment>
		</Attachment>
		<Attachment>
			<ModelHash>0x1f588a1a</ModelHash>
			<Type>3</Type>
			<Dynamic>false</Dynamic>
			<HashName>hei_prop_hei_drug_pack_01a</HashName>
			<InitialHandle>104281</InitialHandle>
			<OpacityLevel>255</OpacityLevel>
			<LodDistance>16960</LodDistance>
			<IsVisible>true</IsVisible>
			<Health>1000</Health>
			<IsOnFire>false</IsOnFire>
			<IsInvincible>false</IsInvincible>
			<IsBulletProof>false</IsBulletProof>
			<IsCollisionProof>false</IsCollisionProof>
			<IsExplosionProof>false</IsExplosionProof>
			<IsFireProof>true</IsFireProof>
			<IsMeleeProof>false</IsMeleeProof>
			<IsOnlyDamagedByPlayer>false</IsOnlyDamagedByPlayer>
			<PositionRotation>
				<X>-1681.47192</X>
				<Y>-3089.37378</Y>
				<Z>14.7532454</Z>
				<Pitch>0.00203230139</Pitch>
				<Roll>-0.308238029</Roll>
				<Yaw>17.4053402</Yaw>
			</PositionRotation>
			<Attachment isAttached="true">
				<AttachedTo>503591</AttachedTo>
				<BoneIndex>0</BoneIndex>
				<X>-0.13000004</X>
				<Y>-0.50000006</Y>
				<Z>0.170000017</Z>
				<Pitch>0</Pitch>
				<Roll>0</Roll>
				<Yaw>90.0000076</Yaw>
			</Attachment>
		</Attachment>
		<Attachment>
			<ModelHash>0x1f588a1a</ModelHash>
			<Type>3</Type>
			<Dynamic>false</Dynamic>
			<HashName>hei_prop_hei_drug_pack_01a</HashName>
			<InitialHandle>773975</InitialHandle>
			<OpacityLevel>255</OpacityLevel>
			<LodDistance>16960</LodDistance>
			<IsVisible>true</IsVisible>
			<Health>1000</Health>
			<IsOnFire>false</IsOnFire>
			<IsInvincible>false</IsInvincible>
			<IsBulletProof>false</IsBulletProof>
			<IsCollisionProof>false</IsCollisionProof>
			<IsExplosionProof>false</IsExplosionProof>
			<IsFireProof>true</IsFireProof>
			<IsMeleeProof>false</IsMeleeProof>
			<IsOnlyDamagedByPlayer>false</IsOnlyDamagedByPlayer>
			<PositionRotation>
				<X>-1681.38464</X>
				<Y>-3089.6189</Y>
				<Z>14.7532892</Z>
				<Pitch>-0.00203230139</Pitch>
				<Roll>0.308238029</Roll>
				<Yaw>-162.59465</Yaw>
			</PositionRotation>
			<Attachment isAttached="true">
				<AttachedTo>503591</AttachedTo>
				<BoneIndex>0</BoneIndex>
				<X>0.13000004</X>
				<Y>-0.490000069</Y>
				<Z>0.170000002</Z>
				<Pitch>0</Pitch>
				<Roll>0</Roll>
				<Yaw>-90.0000076</Yaw>
			</Attachment>
		</Attachment>
		<Attachment>
			<ModelHash>0x4bc4f20d</ModelHash>
			<Type>3</Type>
			<Dynamic>false</Dynamic>
			<HashName>hei_prop_heist_drug_tub_01</HashName>
			<InitialHandle>624989</InitialHandle>
			<OpacityLevel>255</OpacityLevel>
			<LodDistance>16960</LodDistance>
			<IsVisible>true</IsVisible>
			<Health>1000</Health>
			<IsOnFire>false</IsOnFire>
			<IsInvincible>false</IsInvincible>
			<IsBulletProof>false</IsBulletProof>
			<IsCollisionProof>false</IsCollisionProof>
			<IsExplosionProof>false</IsExplosionProof>
			<IsFireProof>true</IsFireProof>
			<IsMeleeProof>false</IsMeleeProof>
			<IsOnlyDamagedByPlayer>false</IsOnlyDamagedByPlayer>
			<PositionRotation>
				<X>-1681.06995</X>
				<Y>-3089.38379</Y>
				<Z>14.6452866</Z>
				<Pitch>0.308238059</Pitch>
				<Roll>0.00203233096</Roll>
				<Yaw>-72.5946655</Yaw>
			</PositionRotation>
			<Attachment isAttached="true">
				<AttachedTo>503591</AttachedTo>
				<BoneIndex>0</BoneIndex>
				<X>0</X>
				<Y>-0.120000035</Y>
				<Z>0.0600000098</Z>
				<Pitch>0</Pitch>
				<Roll>0</Roll>
				<Yaw>0</Yaw>
			</Attachment>
		</Attachment>
		<Attachment>
			<ModelHash>0x8ae084d2</ModelHash>
			<Type>3</Type>
			<Dynamic>false</Dynamic>
			<HashName>prop_drug_package_02</HashName>
			<InitialHandle>228190</InitialHandle>
			<OpacityLevel>255</OpacityLevel>
			<LodDistance>16960</LodDistance>
			<IsVisible>true</IsVisible>
			<Health>1000</Health>
			<IsOnFire>false</IsOnFire>
			<IsInvincible>false</IsInvincible>
			<IsBulletProof>false</IsBulletProof>
			<IsCollisionProof>false</IsCollisionProof>
			<IsExplosionProof>false</IsExplosionProof>
			<IsFireProof>true</IsFireProof>
			<IsMeleeProof>false</IsMeleeProof>
			<IsOnlyDamagedByPlayer>false</IsOnlyDamagedByPlayer>
			<PositionRotation>
				<X>-1680.06494</X>
				<Y>-3089.03735</Y>
				<Z>14.1609974</Z>
				<Pitch>89.6916199</Pitch>
				<Roll>-90.3777618</Roll>
				<Yaw>107.783104</Yaw>
			</PositionRotation>
			<Attachment isAttached="true">
				<AttachedTo>503591</AttachedTo>
				<BoneIndex>0</BoneIndex>
				<X>-0.0300000049</X>
				<Y>0.940000176</Y>
				<Z>-0.430000037</Z>
				<Pitch>90.0000076</Pitch>
				<Roll>0</Roll>
				<Yaw>90.0000076</Yaw>
			</Attachment>
		</Attachment>
		<Attachment>
			<ModelHash>0xe8739c51</ModelHash>
			<Type>3</Type>
			<Dynamic>false</Dynamic>
			<HashName>hei_prop_hei_drug_pack_01b</HashName>
			<InitialHandle>339036</InitialHandle>
			<OpacityLevel>255</OpacityLevel>
			<LodDistance>16960</LodDistance>
			<IsVisible>true</IsVisible>
			<Health>1000</Health>
			<IsOnFire>false</IsOnFire>
			<IsInvincible>false</IsInvincible>
			<IsBulletProof>false</IsBulletProof>
			<IsCollisionProof>false</IsCollisionProof>
			<IsExplosionProof>false</IsExplosionProof>
			<IsFireProof>true</IsFireProof>
			<IsMeleeProof>false</IsMeleeProof>
			<IsOnlyDamagedByPlayer>false</IsOnlyDamagedByPlayer>
			<PositionRotation>
				<X>-1680.41089</X>
				<Y>-3089.17725</Y>
				<Z>14.5290003</Z>
				<Pitch>0.00203230139</Pitch>
				<Roll>-0.308238029</Roll>
				<Yaw>17.4053402</Yaw>
			</PositionRotation>
			<Attachment isAttached="true">
				<AttachedTo>503591</AttachedTo>
				<BoneIndex>0</BoneIndex>
				<X>0</X>
				<Y>0.570000112</Y>
				<Z>-0.0600000061</Z>
				<Pitch>0</Pitch>
				<Roll>0</Roll>
				<Yaw>90.0000076</Yaw>
			</Attachment>
		</Attachment>
		<Attachment>
			<ModelHash>0x1f588a1a</ModelHash>
			<Type>3</Type>
			<Dynamic>false</Dynamic>
			<HashName>hei_prop_hei_drug_pack_01a</HashName>
			<InitialHandle>728913</InitialHandle>
			<OpacityLevel>255</OpacityLevel>
			<LodDistance>16960</LodDistance>
			<IsVisible>true</IsVisible>
			<Health>1000</Health>
			<IsOnFire>false</IsOnFire>
			<IsInvincible>false</IsInvincible>
			<IsBulletProof>false</IsBulletProof>
			<IsCollisionProof>false</IsCollisionProof>
			<IsExplosionProof>false</IsExplosionProof>
			<IsFireProof>true</IsFireProof>
			<IsMeleeProof>false</IsMeleeProof>
			<IsOnlyDamagedByPlayer>false</IsOnlyDamagedByPlayer>
			<PositionRotation>
				<X>-1680.87036</X>
				<Y>-3089.04883</Y>
				<Z>14.5368576</Z>
				<Pitch>89.692894</Pitch>
				<Roll>-0.377732247</Roll>
				<Yaw>107.783073</Yaw>
			</PositionRotation>
			<Attachment isAttached="true">
				<AttachedTo>503591</AttachedTo>
				<BoneIndex>0</BoneIndex>
				<X>-0.26000002</X>
				<Y>0.170000017</Y>
				<Z>-0.0500000045</Z>
				<Pitch>90</Pitch>
				<Roll>90.0000076</Roll>
				<Yaw>90.0000076</Yaw>
			</Attachment>
		</Attachment>
		<Attachment>
			<ModelHash>0x1f588a1a</ModelHash>
			<Type>3</Type>
			<Dynamic>false</Dynamic>
			<HashName>hei_prop_hei_drug_pack_01a</HashName>
			<InitialHandle>211304</InitialHandle>
			<OpacityLevel>255</OpacityLevel>
			<LodDistance>16960</LodDistance>
			<IsVisible>true</IsVisible>
			<Health>1000</Health>
			<IsOnFire>false</IsOnFire>
			<IsInvincible>false</IsInvincible>
			<IsBulletProof>false</IsBulletProof>
			<IsCollisionProof>false</IsCollisionProof>
			<IsExplosionProof>false</IsExplosionProof>
			<IsFireProof>true</IsFireProof>
			<IsMeleeProof>false</IsMeleeProof>
			<IsOnlyDamagedByPlayer>false</IsOnlyDamagedByPlayer>
			<PositionRotation>
				<X>-1680.71484</X>
				<Y>-3089.54517</Y>
				<Z>14.5368385</Z>
				<Pitch>89.6922531</Pitch>
				<Roll>-0.376414388</Roll>
				<Yaw>107.781731</Yaw>
			</PositionRotation>
			<Attachment isAttached="true">
				<AttachedTo>503591</AttachedTo>
				<BoneIndex>0</BoneIndex>
				<X>0.26000002</X>
				<Y>0.170000017</Y>
				<Z>-0.0500000082</Z>
				<Pitch>90.0000076</Pitch>
				<Roll>-90.0000076</Roll>
				<Yaw>-90.0000076</Yaw>
			</Attachment>
		</Attachment>
		<Attachment>
			<ModelHash>0x1f588a1a</ModelHash>
			<Type>3</Type>
			<Dynamic>false</Dynamic>
			<HashName>hei_prop_hei_drug_pack_01a</HashName>
			<InitialHandle>493161</InitialHandle>
			<OpacityLevel>255</OpacityLevel>
			<LodDistance>16960</LodDistance>
			<IsVisible>true</IsVisible>
			<Health>1000</Health>
			<IsOnFire>false</IsOnFire>
			<IsInvincible>false</IsInvincible>
			<IsBulletProof>false</IsBulletProof>
			<IsCollisionProof>false</IsCollisionProof>
			<IsExplosionProof>false</IsExplosionProof>
			<IsFireProof>true</IsFireProof>
			<IsMeleeProof>false</IsMeleeProof>
			<IsOnlyDamagedByPlayer>false</IsOnlyDamagedByPlayer>
			<PositionRotation>
				<X>-1680.7157</X>
				<Y>-3089.54541</Y>
				<Z>14.6968365</Z>
				<Pitch>89.6916199</Pitch>
				<Roll>-0.377757907</Roll>
				<Yaw>107.783081</Yaw>
			</PositionRotation>
			<Attachment isAttached="true">
				<AttachedTo>503591</AttachedTo>
				<BoneIndex>0</BoneIndex>
				<X>0.26000002</X>
				<Y>0.170000046</Y>
				<Z>0.110000029</Z>
				<Pitch>90</Pitch>
				<Roll>0</Roll>
				<Yaw>-180</Yaw>
			</Attachment>
		</Attachment>
		<Attachment>
			<ModelHash>0x1f588a1a</ModelHash>
			<Type>3</Type>
			<Dynamic>false</Dynamic>
			<HashName>hei_prop_hei_drug_pack_01a</HashName>
			<InitialHandle>140908</InitialHandle>
			<OpacityLevel>255</OpacityLevel>
			<LodDistance>16960</LodDistance>
			<IsVisible>true</IsVisible>
			<Health>1000</Health>
			<IsOnFire>false</IsOnFire>
			<IsInvincible>false</IsInvincible>
			<IsBulletProof>false</IsBulletProof>
			<IsCollisionProof>false</IsCollisionProof>
			<IsExplosionProof>false</IsExplosionProof>
			<IsFireProof>true</IsFireProof>
			<IsMeleeProof>false</IsMeleeProof>
			<IsOnlyDamagedByPlayer>false</IsOnlyDamagedByPlayer>
			<PositionRotation>
				<X>-1680.87122</X>
				<Y>-3089.04907</Y>
				<Z>14.6968546</Z>
				<Pitch>89.6916199</Pitch>
				<Roll>-0.377743959</Roll>
				<Yaw>107.783089</Yaw>
			</PositionRotation>
			<Attachment isAttached="true">
				<AttachedTo>503591</AttachedTo>
				<BoneIndex>0</BoneIndex>
				<X>-0.26000005</X>
				<Y>0.170000017</Y>
				<Z>0.110000029</Z>
				<Pitch>90.0000076</Pitch>
				<Roll>0</Roll>
				<Yaw>180.000015</Yaw>
			</Attachment>
		</Attachment>
		<Attachment>
			<ModelHash>0xe8739c51</ModelHash>
			<Type>3</Type>
			<Dynamic>false</Dynamic>
			<HashName>hei_prop_hei_drug_pack_01b</HashName>
			<InitialHandle>146285</InitialHandle>
			<OpacityLevel>255</OpacityLevel>
			<LodDistance>16960</LodDistance>
			<IsVisible>true</IsVisible>
			<Health>1000</Health>
			<IsOnFire>false</IsOnFire>
			<IsInvincible>false</IsInvincible>
			<IsBulletProof>false</IsBulletProof>
			<IsCollisionProof>false</IsCollisionProof>
			<IsExplosionProof>false</IsExplosionProof>
			<IsFireProof>true</IsFireProof>
			<IsMeleeProof>false</IsMeleeProof>
			<IsOnlyDamagedByPlayer>false</IsOnlyDamagedByPlayer>
			<PositionRotation>
				<X>-1680.41162</X>
				<Y>-3089.17749</Y>
				<Z>14.6689978</Z>
				<Pitch>0.00203230139</Pitch>
				<Roll>-0.308238029</Roll>
				<Yaw>17.4053402</Yaw>
			</PositionRotation>
			<Attachment isAttached="true">
				<AttachedTo>503591</AttachedTo>
				<BoneIndex>0</BoneIndex>
				<X>0</X>
				<Y>0.569999754</Y>
				<Z>0.0800000131</Z>
				<Pitch>0</Pitch>
				<Roll>0</Roll>
				<Yaw>90.0000076</Yaw>
			</Attachment>
		</Attachment>
		<Attachment>
			<ModelHash>0x1f588a1a</ModelHash>
			<Type>3</Type>
			<Dynamic>false</Dynamic>
			<HashName>hei_prop_hei_drug_pack_01a</HashName>
			<InitialHandle>664909</InitialHandle>
			<OpacityLevel>255</OpacityLevel>
			<LodDistance>16960</LodDistance>
			<IsVisible>true</IsVisible>
			<Health>1000</Health>
			<IsOnFire>false</IsOnFire>
			<IsInvincible>false</IsInvincible>
			<IsBulletProof>false</IsBulletProof>
			<IsCollisionProof>false</IsCollisionProof>
			<IsExplosionProof>false</IsExplosionProof>
			<IsFireProof>true</IsFireProof>
			<IsMeleeProof>false</IsMeleeProof>
			<IsOnlyDamagedByPlayer>false</IsOnlyDamagedByPlayer>
			<PositionRotation>
				<X>-1680.66833</X>
				<Y>-3089.25806</Y>
				<Z>14.4975481</Z>
				<Pitch>0.308238059</Pitch>
				<Roll>0.00203233096</Roll>
				<Yaw>-72.5946655</Yaw>
			</PositionRotation>
			<Attachment isAttached="true">
				<AttachedTo>503591</AttachedTo>
				<BoneIndex>0</BoneIndex>
				<X>0</X>
				<Y>0.300000042</Y>
				<Z>-0.0900000185</Z>
				<Pitch>0</Pitch>
				<Roll>0</Roll>
				<Yaw>0</Yaw>
			</Attachment>
		</Attachment>
		<Attachment>
			<ModelHash>0x1f588a1a</ModelHash>
			<Type>3</Type>
			<Dynamic>false</Dynamic>
			<HashName>hei_prop_hei_drug_pack_01a</HashName>
			<InitialHandle>602478</InitialHandle>
			<OpacityLevel>255</OpacityLevel>
			<LodDistance>16960</LodDistance>
			<IsVisible>true</IsVisible>
			<Health>1000</Health>
			<IsOnFire>false</IsOnFire>
			<IsInvincible>false</IsInvincible>
			<IsBulletProof>false</IsBulletProof>
			<IsCollisionProof>false</IsCollisionProof>
			<IsExplosionProof>false</IsExplosionProof>
			<IsFireProof>true</IsFireProof>
			<IsMeleeProof>false</IsMeleeProof>
			<IsOnlyDamagedByPlayer>false</IsOnlyDamagedByPlayer>
			<PositionRotation>
				<X>-1680.66882</X>
				<Y>-3089.25806</Y>
				<Z>14.5775471</Z>
				<Pitch>0.308238059</Pitch>
				<Roll>0.00203233096</Roll>
				<Yaw>-72.5946655</Yaw>
			</PositionRotation>
			<Attachment isAttached="true">
				<AttachedTo>503591</AttachedTo>
				<BoneIndex>0</BoneIndex>
				<X>0</X>
				<Y>0.300000042</Y>
				<Z>-0.00999999791</Z>
				<Pitch>0</Pitch>
				<Roll>0</Roll>
				<Yaw>0</Yaw>
			</Attachment>
		</Attachment>
		<Attachment>
			<ModelHash>0x1f588a1a</ModelHash>
			<Type>3</Type>
			<Dynamic>false</Dynamic>
			<HashName>hei_prop_hei_drug_pack_01a</HashName>
			<InitialHandle>52319</InitialHandle>
			<OpacityLevel>255</OpacityLevel>
			<LodDistance>16960</LodDistance>
			<IsVisible>true</IsVisible>
			<Health>1000</Health>
			<IsOnFire>false</IsOnFire>
			<IsInvincible>false</IsInvincible>
			<IsBulletProof>false</IsBulletProof>
			<IsCollisionProof>false</IsCollisionProof>
			<IsExplosionProof>false</IsExplosionProof>
			<IsFireProof>true</IsFireProof>
			<IsMeleeProof>false</IsMeleeProof>
			<IsOnlyDamagedByPlayer>false</IsOnlyDamagedByPlayer>
			<PositionRotation>
				<X>-1680.66919</X>
				<Y>-3089.2583</Y>
				<Z>14.657546</Z>
				<Pitch>0.308238059</Pitch>
				<Roll>0.00203233096</Roll>
				<Yaw>-72.5946655</Yaw>
			</PositionRotation>
			<Attachment isAttached="true">
				<AttachedTo>503591</AttachedTo>
				<BoneIndex>0</BoneIndex>
				<X>0</X>
				<Y>0.300000042</Y>
				<Z>0.0700000077</Z>
				<Pitch>0</Pitch>
				<Roll>0</Roll>
				<Yaw>0</Yaw>
			</Attachment>
		</Attachment>
		<Attachment>
			<ModelHash>0x1f588a1a</ModelHash>
			<Type>3</Type>
			<Dynamic>false</Dynamic>
			<HashName>hei_prop_hei_drug_pack_01a</HashName>
			<InitialHandle>354418</InitialHandle>
			<OpacityLevel>255</OpacityLevel>
			<LodDistance>16960</LodDistance>
			<IsVisible>true</IsVisible>
			<Health>1000</Health>
			<IsOnFire>false</IsOnFire>
			<IsInvincible>false</IsInvincible>
			<IsBulletProof>false</IsBulletProof>
			<IsCollisionProof>false</IsCollisionProof>
			<IsExplosionProof>false</IsExplosionProof>
			<IsFireProof>true</IsFireProof>
			<IsMeleeProof>false</IsMeleeProof>
			<IsOnlyDamagedByPlayer>false</IsOnlyDamagedByPlayer>
			<PositionRotation>
				<X>-1680.66956</X>
				<Y>-3089.2583</Y>
				<Z>14.7375441</Z>
				<Pitch>0.308238059</Pitch>
				<Roll>0.00203233096</Roll>
				<Yaw>-72.5946655</Yaw>
			</PositionRotation>
			<Attachment isAttached="true">
				<AttachedTo>503591</AttachedTo>
				<BoneIndex>0</BoneIndex>
				<X>0</X>
				<Y>0.300000042</Y>
				<Z>0.150000006</Z>
				<Pitch>0</Pitch>
				<Roll>0</Roll>
				<Yaw>0</Yaw>
			</Attachment>
		</Attachment>
		<Attachment>
			<ModelHash>0x1f588a1a</ModelHash>
			<Type>3</Type>
			<Dynamic>false</Dynamic>
			<HashName>hei_prop_hei_drug_pack_01a</HashName>
			<InitialHandle>310128</InitialHandle>
			<OpacityLevel>255</OpacityLevel>
			<LodDistance>16960</LodDistance>
			<IsVisible>true</IsVisible>
			<Health>1000</Health>
			<IsOnFire>false</IsOnFire>
			<IsInvincible>false</IsInvincible>
			<IsBulletProof>false</IsBulletProof>
			<IsCollisionProof>false</IsCollisionProof>
			<IsExplosionProof>false</IsExplosionProof>
			<IsFireProof>true</IsFireProof>
			<IsMeleeProof>false</IsMeleeProof>
			<IsOnlyDamagedByPlayer>false</IsOnlyDamagedByPlayer>
			<PositionRotation>
				<X>-1680.67004</X>
				<Y>-3089.25854</Y>
				<Z>14.817543</Z>
				<Pitch>0.308238059</Pitch>
				<Roll>0.00203233096</Roll>
				<Yaw>-72.5946655</Yaw>
			</PositionRotation>
			<Attachment isAttached="true">
				<AttachedTo>503591</AttachedTo>
				<BoneIndex>0</BoneIndex>
				<X>0</X>
				<Y>0.300000042</Y>
				<Z>0.230000034</Z>
				<Pitch>0</Pitch>
				<Roll>0</Roll>
				<Yaw>0</Yaw>
			</Attachment>
		</Attachment>
		<Attachment>
			<ModelHash>0xe8739c51</ModelHash>
			<Type>3</Type>
			<Dynamic>false</Dynamic>
			<HashName>hei_prop_hei_drug_pack_01b</HashName>
			<InitialHandle>111219</InitialHandle>
			<OpacityLevel>255</OpacityLevel>
			<LodDistance>16960</LodDistance>
			<IsVisible>true</IsVisible>
			<Health>1000</Health>
			<IsOnFire>false</IsOnFire>
			<IsInvincible>false</IsInvincible>
			<IsBulletProof>false</IsBulletProof>
			<IsCollisionProof>false</IsCollisionProof>
			<IsExplosionProof>false</IsExplosionProof>
			<IsFireProof>true</IsFireProof>
			<IsMeleeProof>false</IsMeleeProof>
			<IsOnlyDamagedByPlayer>false</IsOnlyDamagedByPlayer>
			<PositionRotation>
				<X>-1680.41235</X>
				<Y>-3089.17773</Y>
				<Z>14.8089962</Z>
				<Pitch>0.00203230139</Pitch>
				<Roll>-0.308238029</Roll>
				<Yaw>17.4053402</Yaw>
			</PositionRotation>
			<Attachment isAttached="true">
				<AttachedTo>503591</AttachedTo>
				<BoneIndex>0</BoneIndex>
				<X>0</X>
				<Y>0.569999993</Y>
				<Z>0.220000044</Z>
				<Pitch>0</Pitch>
				<Roll>0</Roll>
				<Yaw>90.0000076</Yaw>
			</Attachment>
		</Attachment>
		<Attachment>
			<ModelHash>0x8ae084d2</ModelHash>
			<Type>3</Type>
			<Dynamic>false</Dynamic>
			<HashName>prop_drug_package_02</HashName>
			<InitialHandle>155763</InitialHandle>
			<OpacityLevel>255</OpacityLevel>
			<LodDistance>16960</LodDistance>
			<IsVisible>true</IsVisible>
			<Health>1000</Health>
			<IsOnFire>false</IsOnFire>
			<IsInvincible>false</IsInvincible>
			<IsBulletProof>false</IsBulletProof>
			<IsCollisionProof>false</IsCollisionProof>
			<IsExplosionProof>false</IsExplosionProof>
			<IsFireProof>true</IsFireProof>
			<IsMeleeProof>false</IsMeleeProof>
			<IsOnlyDamagedByPlayer>false</IsOnlyDamagedByPlayer>
			<PositionRotation>
				<X>-1680.4325</X>
				<Y>-3088.91162</Y>
				<Z>14.7393293</Z>
				<Pitch>0.00203230139</Pitch>
				<Roll>-0.308238029</Roll>
				<Yaw>17.4053402</Yaw>
			</PositionRotation>
			<Attachment isAttached="true">
				<AttachedTo>503591</AttachedTo>
				<BoneIndex>0</BoneIndex>
				<X>-0.26000005</X>
				<Y>0.629999876</Y>
				<Z>0.150000036</Z>
				<Pitch>0</Pitch>
				<Roll>0</Roll>
				<Yaw>90.0000076</Yaw>
			</Attachment>
		</Attachment>
		<Attachment>
			<ModelHash>0x8ae084d2</ModelHash>
			<Type>3</Type>
			<Dynamic>false</Dynamic>
			<HashName>prop_drug_package_02</HashName>
			<InitialHandle>3188</InitialHandle>
			<OpacityLevel>255</OpacityLevel>
			<LodDistance>16960</LodDistance>
			<IsVisible>true</IsVisible>
			<Health>1000</Health>
			<IsOnFire>false</IsOnFire>
			<IsInvincible>false</IsInvincible>
			<IsBulletProof>false</IsBulletProof>
			<IsCollisionProof>false</IsCollisionProof>
			<IsExplosionProof>false</IsExplosionProof>
			<IsFireProof>true</IsFireProof>
			<IsMeleeProof>false</IsMeleeProof>
			<IsOnlyDamagedByPlayer>false</IsOnlyDamagedByPlayer>
			<PositionRotation>
				<X>-1680.67102</X>
				<Y>-3088.98633</Y>
				<Z>14.7379837</Z>
				<Pitch>0.00203230139</Pitch>
				<Roll>-0.308238029</Roll>
				<Yaw>17.4053402</Yaw>
			</PositionRotation>
			<Attachment isAttached="true">
				<AttachedTo>503591</AttachedTo>
				<BoneIndex>0</BoneIndex>
				<X>-0.26000005</X>
				<Y>0.379999995</Y>
				<Z>0.150000036</Z>
				<Pitch>0</Pitch>
				<Roll>0</Roll>
				<Yaw>90.0000076</Yaw>
			</Attachment>
		</Attachment>
		<Attachment>
			<ModelHash>0x8ae084d2</ModelHash>
			<Type>3</Type>
			<Dynamic>false</Dynamic>
			<HashName>prop_drug_package_02</HashName>
			<InitialHandle>653170</InitialHandle>
			<OpacityLevel>255</OpacityLevel>
			<LodDistance>16960</LodDistance>
			<IsVisible>true</IsVisible>
			<Health>1000</Health>
			<IsOnFire>false</IsOnFire>
			<IsInvincible>false</IsInvincible>
			<IsBulletProof>false</IsBulletProof>
			<IsCollisionProof>false</IsCollisionProof>
			<IsExplosionProof>false</IsExplosionProof>
			<IsFireProof>true</IsFireProof>
			<IsMeleeProof>false</IsMeleeProof>
			<IsOnlyDamagedByPlayer>false</IsOnlyDamagedByPlayer>
			<PositionRotation>
				<X>-1680.27698</X>
				<Y>-3089.40771</Y>
				<Z>14.7393103</Z>
				<Pitch>0.00203230139</Pitch>
				<Roll>-0.308238029</Roll>
				<Yaw>17.4053402</Yaw>
			</PositionRotation>
			<Attachment isAttached="true">
				<AttachedTo>503591</AttachedTo>
				<BoneIndex>0</BoneIndex>
				<X>0.26000002</X>
				<Y>0.630000055</Y>
				<Z>0.149999961</Z>
				<Pitch>0</Pitch>
				<Roll>0</Roll>
				<Yaw>90.0000076</Yaw>
			</Attachment>
		</Attachment>
		<Attachment>
			<ModelHash>0x8ae084d2</ModelHash>
			<Type>3</Type>
			<Dynamic>false</Dynamic>
			<HashName>prop_drug_package_02</HashName>
			<InitialHandle>308339</InitialHandle>
			<OpacityLevel>255</OpacityLevel>
			<LodDistance>16960</LodDistance>
			<IsVisible>true</IsVisible>
			<Health>1000</Health>
			<IsOnFire>false</IsOnFire>
			<IsInvincible>false</IsInvincible>
			<IsBulletProof>false</IsBulletProof>
			<IsCollisionProof>false</IsCollisionProof>
			<IsExplosionProof>false</IsExplosionProof>
			<IsFireProof>true</IsFireProof>
			<IsMeleeProof>false</IsMeleeProof>
			<IsOnlyDamagedByPlayer>false</IsOnlyDamagedByPlayer>
			<PositionRotation>
				<X>-1680.5155</X>
				<Y>-3089.48267</Y>
				<Z>14.7379656</Z>
				<Pitch>0.00203230139</Pitch>
				<Roll>-0.308238029</Roll>
				<Yaw>17.4053402</Yaw>
			</PositionRotation>
			<Attachment isAttached="true">
				<AttachedTo>503591</AttachedTo>
				<BoneIndex>0</BoneIndex>
				<X>0.26000005</X>
				<Y>0.380000085</Y>
				<Z>0.149999991</Z>
				<Pitch>0</Pitch>
				<Roll>0</Roll>
				<Yaw>90.0000076</Yaw>
			</Attachment>
		</Attachment>
		<Attachment>
			<ModelHash>0x8ae084d2</ModelHash>
			<Type>3</Type>
			<Dynamic>false</Dynamic>
			<HashName>prop_drug_package_02</HashName>
			<InitialHandle>146810</InitialHandle>
			<OpacityLevel>255</OpacityLevel>
			<LodDistance>16960</LodDistance>
			<IsVisible>true</IsVisible>
			<Health>1000</Health>
			<IsOnFire>false</IsOnFire>
			<IsInvincible>false</IsInvincible>
			<IsBulletProof>false</IsBulletProof>
			<IsCollisionProof>false</IsCollisionProof>
			<IsExplosionProof>false</IsExplosionProof>
			<IsFireProof>true</IsFireProof>
			<IsMeleeProof>false</IsMeleeProof>
			<IsOnlyDamagedByPlayer>false</IsOnlyDamagedByPlayer>
			<PositionRotation>
				<X>-1680.43274</X>
				<Y>-3088.91162</Y>
				<Z>14.7993279</Z>
				<Pitch>0.00203230139</Pitch>
				<Roll>-0.308238029</Roll>
				<Yaw>17.4053402</Yaw>
			</PositionRotation>
			<Attachment isAttached="true">
				<AttachedTo>503591</AttachedTo>
				<BoneIndex>0</BoneIndex>
				<X>-0.26000005</X>
				<Y>0.630000055</Y>
				<Z>0.210000068</Z>
				<Pitch>0</Pitch>
				<Roll>0</Roll>
				<Yaw>90.0000076</Yaw>
			</Attachment>
		</Attachment>
		<Attachment>
			<ModelHash>0x8ae084d2</ModelHash>
			<Type>3</Type>
			<Dynamic>false</Dynamic>
			<HashName>prop_drug_package_02</HashName>
			<InitialHandle>174967</InitialHandle>
			<OpacityLevel>255</OpacityLevel>
			<LodDistance>16960</LodDistance>
			<IsVisible>true</IsVisible>
			<Health>1000</Health>
			<IsOnFire>false</IsOnFire>
			<IsInvincible>false</IsInvincible>
			<IsBulletProof>false</IsBulletProof>
			<IsCollisionProof>false</IsCollisionProof>
			<IsExplosionProof>false</IsExplosionProof>
			<IsFireProof>true</IsFireProof>
			<IsMeleeProof>false</IsMeleeProof>
			<IsOnlyDamagedByPlayer>false</IsOnlyDamagedByPlayer>
			<PositionRotation>
				<X>-1680.67139</X>
				<Y>-3088.98657</Y>
				<Z>14.7979832</Z>
				<Pitch>0.00203230139</Pitch>
				<Roll>-0.308238029</Roll>
				<Yaw>17.4053402</Yaw>
			</PositionRotation>
			<Attachment isAttached="true">
				<AttachedTo>503591</AttachedTo>
				<BoneIndex>0</BoneIndex>
				<X>-0.26000005</X>
				<Y>0.380000085</Y>
				<Z>0.210000038</Z>
				<Pitch>0</Pitch>
				<Roll>0</Roll>
				<Yaw>90.0000076</Yaw>
			</Attachment>
		</Attachment>
		<Attachment>
			<ModelHash>0x8ae084d2</ModelHash>
			<Type>3</Type>
			<Dynamic>false</Dynamic>
			<HashName>prop_drug_package_02</HashName>
			<InitialHandle>410745</InitialHandle>
			<OpacityLevel>255</OpacityLevel>
			<LodDistance>16960</LodDistance>
			<IsVisible>true</IsVisible>
			<Health>1000</Health>
			<IsOnFire>false</IsOnFire>
			<IsInvincible>false</IsInvincible>
			<IsBulletProof>false</IsBulletProof>
			<IsCollisionProof>false</IsCollisionProof>
			<IsExplosionProof>false</IsExplosionProof>
			<IsFireProof>true</IsFireProof>
			<IsMeleeProof>false</IsMeleeProof>
			<IsOnlyDamagedByPlayer>false</IsOnlyDamagedByPlayer>
			<PositionRotation>
				<X>-1680.27722</X>
				<Y>-3089.40796</Y>
				<Z>14.7993097</Z>
				<Pitch>0.00203230139</Pitch>
				<Roll>-0.308238029</Roll>
				<Yaw>17.4053402</Yaw>
			</PositionRotation>
			<Attachment isAttached="true">
				<AttachedTo>503591</AttachedTo>
				<BoneIndex>0</BoneIndex>
				<X>0.26000011</X>
				<Y>0.630000055</Y>
				<Z>0.210000023</Z>
				<Pitch>0</Pitch>
				<Roll>0</Roll>
				<Yaw>90.0000076</Yaw>
			</Attachment>
		</Attachment>
		<Attachment>
			<ModelHash>0x8ae084d2</ModelHash>
			<Type>3</Type>
			<Dynamic>false</Dynamic>
			<HashName>prop_drug_package_02</HashName>
			<InitialHandle>286841</InitialHandle>
			<OpacityLevel>255</OpacityLevel>
			<LodDistance>16960</LodDistance>
			<IsVisible>true</IsVisible>
			<Health>1000</Health>
			<IsOnFire>false</IsOnFire>
			<IsInvincible>false</IsInvincible>
			<IsBulletProof>false</IsBulletProof>
			<IsCollisionProof>false</IsCollisionProof>
			<IsExplosionProof>false</IsExplosionProof>
			<IsFireProof>true</IsFireProof>
			<IsMeleeProof>false</IsMeleeProof>
			<IsOnlyDamagedByPlayer>false</IsOnlyDamagedByPlayer>
			<PositionRotation>
				<X>-1680.51575</X>
				<Y>-3089.48267</Y>
				<Z>14.797965</Z>
				<Pitch>0.00203230139</Pitch>
				<Roll>-0.308238029</Roll>
				<Yaw>17.4053402</Yaw>
			</PositionRotation>
			<Attachment isAttached="true">
				<AttachedTo>503591</AttachedTo>
				<BoneIndex>0</BoneIndex>
				<X>0.26000008</X>
				<Y>0.380000085</Y>
				<Z>0.210000023</Z>
				<Pitch>0</Pitch>
				<Roll>0</Roll>
				<Yaw>90.0000076</Yaw>
			</Attachment>
		</Attachment>
		<Attachment>
			<ModelHash>0x1f588a1a</ModelHash>
			<Type>3</Type>
			<Dynamic>false</Dynamic>
			<HashName>hei_prop_hei_drug_pack_01a</HashName>
			<InitialHandle>48765</InitialHandle>
			<OpacityLevel>255</OpacityLevel>
			<LodDistance>16960</LodDistance>
			<IsVisible>true</IsVisible>
			<Health>1000</Health>
			<IsOnFire>false</IsOnFire>
			<IsInvincible>false</IsInvincible>
			<IsBulletProof>false</IsBulletProof>
			<IsCollisionProof>false</IsCollisionProof>
			<IsExplosionProof>false</IsExplosionProof>
			<IsFireProof>true</IsFireProof>
			<IsMeleeProof>false</IsMeleeProof>
			<IsOnlyDamagedByPlayer>false</IsOnlyDamagedByPlayer>
			<PositionRotation>
				<X>-1680.7926</X>
				<Y>-3089.29688</Y>
				<Z>14.5368481</Z>
				<Pitch>89.6916199</Pitch>
				<Roll>-0.377743959</Roll>
				<Yaw>107.783089</Yaw>
			</PositionRotation>
			<Attachment isAttached="true">
				<AttachedTo>503591</AttachedTo>
				<BoneIndex>0</BoneIndex>
				<X>0</X>
				<Y>0.170000017</Y>
				<Z>-0.0500000045</Z>
				<Pitch>90.0000076</Pitch>
				<Roll>0</Roll>
				<Yaw>180.000015</Yaw>
			</Attachment>
		</Attachment>
		<Attachment>
			<ModelHash>0x1f588a1a</ModelHash>
			<Type>3</Type>
			<Dynamic>false</Dynamic>
			<HashName>hei_prop_hei_drug_pack_01a</HashName>
			<InitialHandle>49533</InitialHandle>
			<OpacityLevel>255</OpacityLevel>
			<LodDistance>16960</LodDistance>
			<IsVisible>true</IsVisible>
			<Health>1000</Health>
			<IsOnFire>false</IsOnFire>
			<IsInvincible>false</IsInvincible>
			<IsBulletProof>false</IsBulletProof>
			<IsCollisionProof>false</IsCollisionProof>
			<IsExplosionProof>false</IsExplosionProof>
			<IsFireProof>true</IsFireProof>
			<IsMeleeProof>false</IsMeleeProof>
			<IsOnlyDamagedByPlayer>false</IsOnlyDamagedByPlayer>
			<PositionRotation>
				<X>-1680.79346</X>
				<Y>-3089.29712</Y>
				<Z>14.696846</Z>
				<Pitch>89.6916199</Pitch>
				<Roll>-0.377743959</Roll>
				<Yaw>107.783089</Yaw>
			</PositionRotation>
			<Attachment isAttached="true">
				<AttachedTo>503591</AttachedTo>
				<BoneIndex>0</BoneIndex>
				<X>0</X>
				<Y>0.170000017</Y>
				<Z>0.110000014</Z>
				<Pitch>90.0000076</Pitch>
				<Roll>0</Roll>
				<Yaw>180.000015</Yaw>
			</Attachment>
		</Attachment>
	</SpoonerAttachments>
</Vehicle>
