<?xml version="1.0" encoding="ISO-8859-1"?>
<SpoonerPlacements>
	<Note />
	<AudioFile volume="400" />
	<ClearDatabase>false</ClearDatabase>
	<ClearWorld>0</ClearWorld>
	<ClearMarkers>false</ClearMarkers>
	<IPLsToLoad load_mp_maps="false" load_sp_maps="false" />
	<IPLsToRemove />
	<InteriorsToEnable />
	<InteriorsToCap />
	<WeatherToSet></WeatherToSet>
	<TimecycleModifier strength="1"></TimecycleModifier>
	<StartTaskSequencesOnLoad>true</StartTaskSequencesOnLoad>
	<ReferenceCoords>
		<X>2482.64941</X>
		<Y>3817.8186</Y>
		<Z>39.9727859</Z>
	</ReferenceCoords>
	<Placement>
		<ModelHash>0xcce5c8fa</ModelHash>
		<Type>2</Type>
		<Dynamic>true</Dynamic>
		<FrozenPos>false</FrozenPos>
		<HashName>Veto Classic</HashName>
		<InitialHandle>395522</InitialHandle>
		<VehicleProperties>
			<Colours>
				<Primary>42</Primary>
				<Secondary>131</Secondary>
				<Pearl>0</Pearl>
				<Rim>22</Rim>
				<Mod1_a>6</Mod1_a>
				<Mod1_b>-1</Mod1_b>
				<Mod1_c>-1</Mod1_c>
				<Mod2_a>6</Mod2_a>
				<Mod2_b>-1</Mod2_b>
				<IsPrimaryColourCustom>false</IsPrimaryColourCustom>
				<IsSecondaryColourCustom>false</IsSecondaryColourCustom>
				<tyreSmoke_R>255</tyreSmoke_R>
				<tyreSmoke_G>255</tyreSmoke_G>
				<tyreSmoke_B>255</tyreSmoke_B>
				<LrInterior>0</LrInterior>
				<LrDashboard>35</LrDashboard>
				<LrXenonHeadlights>255</LrXenonHeadlights>
			</Colours>
			<Livery>-1</Livery>
			<NumberPlateText>45JAH174</NumberPlateText>
			<NumberPlateIndex>0</NumberPlateIndex>
			<WheelType>7</WheelType>
			<WheelsInvisible>false</WheelsInvisible>
			<EngineSoundName>DUNE</EngineSoundName>
			<WindowTint>-1</WindowTint>
			<BulletProofTyres>true</BulletProofTyres>
			<DirtLevel>14.9007835</DirtLevel>
			<PaintFade>0.298039228</PaintFade>
			<RoofState>1</RoofState>
			<SirenActive>false</SirenActive>
			<EngineOn>false</EngineOn>
			<EngineHealth>1000</EngineHealth>
			<LightsOn>false</LightsOn>
			<IsRadioLoud>1</IsRadioLoud>
			<LockStatus>1</LockStatus>
			<Neons>
				<Left>false</Left>
				<Right>false</Right>
				<Front>false</Front>
				<Back>false</Back>
				<R>255</R>
				<G>0</G>
				<B>255</B>
			</Neons>
			<DoorsOpen>
				<BackLeftDoor>false</BackLeftDoor>
				<BackRightDoor>false</BackRightDoor>
				<FrontLeftDoor>false</FrontLeftDoor>
				<FrontRightDoor>false</FrontRightDoor>
				<Hood>false</Hood>
				<Trunk>false</Trunk>
				<Trunk2>false</Trunk2>
			</DoorsOpen>
			<DoorsBroken>
				<BackLeftDoor>false</BackLeftDoor>
				<BackRightDoor>false</BackRightDoor>
				<FrontLeftDoor>false</FrontLeftDoor>
				<FrontRightDoor>false</FrontRightDoor>
				<Hood>false</Hood>
				<Trunk>false</Trunk>
				<Trunk2>false</Trunk2>
			</DoorsBroken>
			<TyresBursted>
				<FrontLeft>false</FrontLeft>
				<FrontRight>false</FrontRight>
				<_2>false</_2>
				<_3>false</_3>
				<BackLeft>false</BackLeft>
				<BackRight>false</BackRight>
				<_6>false</_6>
				<_7>false</_7>
				<_8>false</_8>
			</TyresBursted>
			<RpmMultiplier>1.5</RpmMultiplier>
			<TorqueMultiplier>1.5</TorqueMultiplier>
			<MaxSpeed>36.1111145</MaxSpeed>
			<ModExtras />
			<Mods>
				<_0>-1,0</_0>
				<_1>5,0</_1>
				<_2>-1,0</_2>
				<_3>-1,0</_3>
				<_4>-1,0</_4>
				<_5>-1,0</_5>
				<_6>4,0</_6>
				<_7>-1,0</_7>
				<_8>-1,0</_8>
				<_9>3,0</_9>
				<_10>-1,0</_10>
				<_11>3,0</_11>
				<_12>-1,0</_12>
				<_13>-1,0</_13>
				<_14>-1,0</_14>
				<_15>-1,0</_15>
				<_16>-1,0</_16>
				<_17>false</_17>
				<_18>false</_18>
				<_19>false</_19>
				<_20>false</_20>
				<_21>false</_21>
				<_22>false</_22>
				<_23>-1,0</_23>
				<_24>-1,0</_24>
				<_25>-1,0</_25>
				<_26>-1,0</_26>
				<_27>-1,0</_27>
				<_28>-1,0</_28>
				<_29>-1,0</_29>
				<_30>-1,0</_30>
				<_31>-1,0</_31>
				<_32>-1,0</_32>
				<_33>-1,0</_33>
				<_34>-1,0</_34>
				<_35>-1,0</_35>
				<_36>-1,0</_36>
				<_37>-1,0</_37>
				<_38>-1,0</_38>
				<_39>-1,0</_39>
				<_40>-1,0</_40>
				<_41>-1,0</_41>
				<_42>-1,0</_42>
				<_43>-1,0</_43>
				<_44>-1,0</_44>
				<_45>-1,0</_45>
				<_46>-1,0</_46>
				<_47>-1,0</_47>
				<_48>-1,0</_48>
			</Mods>
		</VehicleProperties>
		<OpacityLevel>255</OpacityLevel>
		<LodDistance>16960</LodDistance>
		<IsVisible>true</IsVisible>
		<MaxHealth>1000</MaxHealth>
		<Health>1000</Health>
		<HasGravity>true</HasGravity>
		<IsOnFire>false</IsOnFire>
		<IsInvincible>false</IsInvincible>
		<IsBulletProof>false</IsBulletProof>
		<IsCollisionProof>false</IsCollisionProof>
		<IsExplosionProof>false</IsExplosionProof>
		<IsFireProof>false</IsFireProof>
		<IsMeleeProof>false</IsMeleeProof>
		<IsOnlyDamagedByPlayer>false</IsOnlyDamagedByPlayer>
		<PositionRotation>
			<X>2482.66577</X>
			<Y>3822.5376</Y>
			<Z>39.5069046</Z>
			<Pitch>-0.803159952</Pitch>
			<Roll>-5.90517569</Roll>
			<Yaw>107.026909</Yaw>
		</PositionRotation>
		<Attachment isAttached="false" />
	</Placement>
	<Placement>
		<ModelHash>0x4c185bea</ModelHash>
		<Type>3</Type>
		<Dynamic>false</Dynamic>
		<FrozenPos>true</FrozenPos>
		<HashName>imp_prop_impexp_engine_part_01a</HashName>
		<InitialHandle>395778</InitialHandle>
		<ObjectProperties>
			<TextureVariation>0</TextureVariation>
		</ObjectProperties>
		<OpacityLevel>255</OpacityLevel>
		<LodDistance>16960</LodDistance>
		<IsVisible>true</IsVisible>
		<MaxHealth>1000</MaxHealth>
		<Health>1000</Health>
		<HasGravity>true</HasGravity>
		<IsOnFire>false</IsOnFire>
		<IsInvincible>false</IsInvincible>
		<IsBulletProof>false</IsBulletProof>
		<IsCollisionProof>true</IsCollisionProof>
		<IsExplosionProof>false</IsExplosionProof>
		<IsFireProof>false</IsFireProof>
		<IsMeleeProof>false</IsMeleeProof>
		<IsOnlyDamagedByPlayer>false</IsOnlyDamagedByPlayer>
		<PositionRotation>
			<X>2483.33643</X>
			<Y>3822.74072</Y>
			<Z>39.5366211</Z>
			<Pitch>16.1043015</Pitch>
			<Roll>-6.14667511</Roll>
			<Yaw>108.82106</Yaw>
		</PositionRotation>
		<Attachment isAttached="true">
			<AttachedTo>395522</AttachedTo>
			<BoneIndex>0</BoneIndex>
			<X>0</X>
			<Y>-0.700999796</Y>
			<Z>0.0199999996</Z>
			<Pitch>17.0000019</Pitch>
			<Roll>0</Roll>
			<Yaw>1.71661377e-05</Yaw>
		</Attachment>
	</Placement>
	<Placement>
		<ModelHash>0x710841e5</ModelHash>
		<Type>3</Type>
		<Dynamic>false</Dynamic>
		<FrozenPos>true</FrozenPos>
		<HashName>prop_scaffold_pole</HashName>
		<InitialHandle>396034</InitialHandle>
		<ObjectProperties>
			<TextureVariation>0</TextureVariation>
		</ObjectProperties>
		<OpacityLevel>255</OpacityLevel>
		<LodDistance>16960</LodDistance>
		<IsVisible>true</IsVisible>
		<MaxHealth>1000</MaxHealth>
		<Health>1000</Health>
		<HasGravity>true</HasGravity>
		<IsOnFire>false</IsOnFire>
		<IsInvincible>false</IsInvincible>
		<IsBulletProof>false</IsBulletProof>
		<IsCollisionProof>true</IsCollisionProof>
		<IsExplosionProof>false</IsExplosionProof>
		<IsFireProof>false</IsFireProof>
		<IsMeleeProof>false</IsMeleeProof>
		<IsOnlyDamagedByPlayer>false</IsOnlyDamagedByPlayer>
		<PositionRotation>
			<X>2483.85107</X>
			<Y>3823.1665</Y>
			<Z>40.3156204</Z>
			<Pitch>-32.9939003</Pitch>
			<Roll>-172.954758</Roll>
			<Yaw>-69.0398788</Yaw>
		</PositionRotation>
		<Attachment isAttached="true">
			<AttachedTo>395778</AttachedTo>
			<BoneIndex>0</BoneIndex>
			<X>0.334400088</X>
			<Y>-0.384000182</Y>
			<Z>0.891000271</Z>
			<Pitch>-163.000015</Pitch>
			<Roll>0</Roll>
			<Yaw>0</Yaw>
		</Attachment>
	</Placement>
	<Placement>
		<ModelHash>0x710841e5</ModelHash>
		<Type>3</Type>
		<Dynamic>false</Dynamic>
		<FrozenPos>true</FrozenPos>
		<HashName>prop_scaffold_pole</HashName>
		<InitialHandle>396290</InitialHandle>
		<ObjectProperties>
			<TextureVariation>0</TextureVariation>
		</ObjectProperties>
		<OpacityLevel>255</OpacityLevel>
		<LodDistance>16960</LodDistance>
		<IsVisible>true</IsVisible>
		<MaxHealth>1000</MaxHealth>
		<Health>1000</Health>
		<HasGravity>true</HasGravity>
		<IsOnFire>false</IsOnFire>
		<IsInvincible>false</IsInvincible>
		<IsBulletProof>false</IsBulletProof>
		<IsCollisionProof>true</IsCollisionProof>
		<IsExplosionProof>false</IsExplosionProof>
		<IsFireProof>false</IsFireProof>
		<IsMeleeProof>false</IsMeleeProof>
		<IsOnlyDamagedByPlayer>false</IsOnlyDamagedByPlayer>
		<PositionRotation>
			<X>2484.04688</X>
			<Y>3822.53076</Y>
			<Z>40.2468185</Z>
			<Pitch>-32.9939003</Pitch>
			<Roll>-172.954758</Roll>
			<Yaw>-69.0398788</Yaw>
		</PositionRotation>
		<Attachment isAttached="true">
			<AttachedTo>395778</AttachedTo>
			<BoneIndex>0</BoneIndex>
			<X>-0.334399074</X>
			<Y>-0.384000182</Y>
			<Z>0.891000271</Z>
			<Pitch>-163.000015</Pitch>
			<Roll>0</Roll>
			<Yaw>0</Yaw>
		</Attachment>
	</Placement>
	<Placement>
		<ModelHash>0x710841e5</ModelHash>
		<Type>3</Type>
		<Dynamic>false</Dynamic>
		<FrozenPos>true</FrozenPos>
		<HashName>prop_scaffold_pole</HashName>
		<InitialHandle>396546</InitialHandle>
		<ObjectProperties>
			<TextureVariation>0</TextureVariation>
		</ObjectProperties>
		<OpacityLevel>255</OpacityLevel>
		<LodDistance>16960</LodDistance>
		<IsVisible>true</IsVisible>
		<MaxHealth>1000</MaxHealth>
		<Health>1000</Health>
		<HasGravity>true</HasGravity>
		<IsOnFire>false</IsOnFire>
		<IsInvincible>false</IsInvincible>
		<IsBulletProof>false</IsBulletProof>
		<IsCollisionProof>true</IsCollisionProof>
		<IsExplosionProof>false</IsExplosionProof>
		<IsFireProof>false</IsFireProof>
		<IsMeleeProof>false</IsMeleeProof>
		<IsOnlyDamagedByPlayer>false</IsOnlyDamagedByPlayer>
		<PositionRotation>
			<X>2483.68213</X>
			<Y>3822.39307</Y>
			<Z>40.4834976</Z>
			<Pitch>-22.068594</Pitch>
			<Roll>-173.62674</Roll>
			<Yaw>-70.4869461</Yaw>
		</PositionRotation>
		<Attachment isAttached="true">
			<AttachedTo>395778</AttachedTo>
			<BoneIndex>0</BoneIndex>
			<X>-0.334399074</X>
			<Y>0.0559998304</Y>
			<Z>1.01100016</Z>
			<Pitch>-174.000015</Pitch>
			<Roll>0</Roll>
			<Yaw>0</Yaw>
		</Attachment>
	</Placement>
	<Placement>
		<ModelHash>0x710841e5</ModelHash>
		<Type>3</Type>
		<Dynamic>false</Dynamic>
		<FrozenPos>true</FrozenPos>
		<HashName>prop_scaffold_pole</HashName>
		<InitialHandle>396802</InitialHandle>
		<ObjectProperties>
			<TextureVariation>0</TextureVariation>
		</ObjectProperties>
		<OpacityLevel>255</OpacityLevel>
		<LodDistance>16960</LodDistance>
		<IsVisible>true</IsVisible>
		<MaxHealth>1000</MaxHealth>
		<Health>1000</Health>
		<HasGravity>true</HasGravity>
		<IsOnFire>false</IsOnFire>
		<IsInvincible>false</IsInvincible>
		<IsBulletProof>false</IsBulletProof>
		<IsCollisionProof>true</IsCollisionProof>
		<IsExplosionProof>false</IsExplosionProof>
		<IsFireProof>false</IsFireProof>
		<IsMeleeProof>false</IsMeleeProof>
		<IsOnlyDamagedByPlayer>false</IsOnlyDamagedByPlayer>
		<PositionRotation>
			<X>2483.48657</X>
			<Y>3823.02881</Y>
			<Z>40.5522995</Z>
			<Pitch>-22.068594</Pitch>
			<Roll>-173.62674</Roll>
			<Yaw>-70.4869461</Yaw>
		</PositionRotation>
		<Attachment isAttached="true">
			<AttachedTo>395778</AttachedTo>
			<BoneIndex>0</BoneIndex>
			<X>0.334401041</X>
			<Y>0.0559998304</Y>
			<Z>1.01100016</Z>
			<Pitch>-174.000015</Pitch>
			<Roll>0</Roll>
			<Yaw>0</Yaw>
		</Attachment>
	</Placement>
	<Placement>
		<ModelHash>0xb685e324</ModelHash>
		<Type>3</Type>
		<Dynamic>false</Dynamic>
		<FrozenPos>true</FrozenPos>
		<HashName>prop_cs_bar</HashName>
		<InitialHandle>397058</InitialHandle>
		<ObjectProperties>
			<TextureVariation>0</TextureVariation>
		</ObjectProperties>
		<OpacityLevel>255</OpacityLevel>
		<LodDistance>16960</LodDistance>
		<IsVisible>true</IsVisible>
		<MaxHealth>1000</MaxHealth>
		<Health>1000</Health>
		<HasGravity>true</HasGravity>
		<IsOnFire>false</IsOnFire>
		<IsInvincible>false</IsInvincible>
		<IsBulletProof>false</IsBulletProof>
		<IsCollisionProof>true</IsCollisionProof>
		<IsExplosionProof>false</IsExplosionProof>
		<IsFireProof>false</IsFireProof>
		<IsMeleeProof>false</IsMeleeProof>
		<IsOnlyDamagedByPlayer>false</IsOnlyDamagedByPlayer>
		<PositionRotation>
			<X>2482.35352</X>
			<Y>3822.38208</Y>
			<Z>39.432827</Z>
			<Pitch>-0.803159833</Pitch>
			<Roll>-95.9051743</Roll>
			<Yaw>107.026909</Yaw>
		</PositionRotation>
		<Attachment isAttached="true">
			<AttachedTo>395522</AttachedTo>
			<BoneIndex>0</BoneIndex>
			<X>-0.0640000701</X>
			<Y>0.34499982</Y>
			<Z>-0.0629999936</Z>
			<Pitch>0</Pitch>
			<Roll>-90.0000076</Roll>
			<Yaw>0</Yaw>
		</Attachment>
	</Placement>
	<Placement>
		<ModelHash>0xef87532a</ModelHash>
		<Type>3</Type>
		<Dynamic>false</Dynamic>
		<FrozenPos>true</FrozenPos>
		<HashName>prop_oilcan_01a</HashName>
		<InitialHandle>397314</InitialHandle>
		<ObjectProperties>
			<TextureVariation>0</TextureVariation>
		</ObjectProperties>
		<OpacityLevel>255</OpacityLevel>
		<LodDistance>16960</LodDistance>
		<IsVisible>true</IsVisible>
		<MaxHealth>1000</MaxHealth>
		<Health>1000</Health>
		<HasGravity>true</HasGravity>
		<IsOnFire>false</IsOnFire>
		<IsInvincible>false</IsInvincible>
		<IsBulletProof>false</IsBulletProof>
		<IsCollisionProof>true</IsCollisionProof>
		<IsExplosionProof>false</IsExplosionProof>
		<IsFireProof>false</IsFireProof>
		<IsMeleeProof>false</IsMeleeProof>
		<IsOnlyDamagedByPlayer>false</IsOnlyDamagedByPlayer>
		<PositionRotation>
			<X>2483.3064</X>
			<Y>3822.69849</Y>
			<Z>40.1044159</Z>
			<Pitch>16.1042995</Pitch>
			<Roll>-96.1466522</Roll>
			<Yaw>108.82106</Yaw>
		</PositionRotation>
		<Attachment isAttached="true">
			<AttachedTo>395778</AttachedTo>
			<BoneIndex>0</BoneIndex>
			<X>0.0270000007</X>
			<Y>0.197999999</Y>
			<Z>0.534000099</Z>
			<Pitch>0</Pitch>
			<Roll>-89.9999924</Roll>
			<Yaw>0</Yaw>
		</Attachment>
	</Placement>
	<Placement>
		<ModelHash>0x6b4f81d3</ModelHash>
		<Type>3</Type>
		<Dynamic>false</Dynamic>
		<FrozenPos>true</FrozenPos>
		<HashName>prop_air_chock_04</HashName>
		<InitialHandle>397570</InitialHandle>
		<ObjectProperties>
			<TextureVariation>0</TextureVariation>
		</ObjectProperties>
		<OpacityLevel>255</OpacityLevel>
		<LodDistance>16960</LodDistance>
		<IsVisible>true</IsVisible>
		<MaxHealth>1000</MaxHealth>
		<Health>1000</Health>
		<HasGravity>true</HasGravity>
		<IsOnFire>false</IsOnFire>
		<IsInvincible>false</IsInvincible>
		<IsBulletProof>false</IsBulletProof>
		<IsCollisionProof>true</IsCollisionProof>
		<IsExplosionProof>false</IsExplosionProof>
		<IsFireProof>false</IsFireProof>
		<IsMeleeProof>false</IsMeleeProof>
		<IsOnlyDamagedByPlayer>false</IsOnlyDamagedByPlayer>
		<PositionRotation>
			<X>2483.21582</X>
			<Y>3822.64404</Y>
			<Z>40.0856819</Z>
			<Pitch>5.90456963</Pitch>
			<Roll>-73.8074417</Roll>
			<Yaw>17.1099987</Yaw>
		</PositionRotation>
		<Attachment isAttached="true">
			<AttachedTo>395778</AttachedTo>
			<BoneIndex>0</BoneIndex>
			<X>0</X>
			<Y>0.292000026</Y>
			<Z>0.48999989</Z>
			<Pitch>-1.71661377e-05</Pitch>
			<Roll>-90.0000076</Roll>
			<Yaw>-90.0000076</Yaw>
		</Attachment>
	</Placement>
	<Placement>
		<ModelHash>0x6b4f81d3</ModelHash>
		<Type>3</Type>
		<Dynamic>false</Dynamic>
		<FrozenPos>true</FrozenPos>
		<HashName>prop_air_chock_04</HashName>
		<InitialHandle>397826</InitialHandle>
		<ObjectProperties>
			<TextureVariation>0</TextureVariation>
		</ObjectProperties>
		<OpacityLevel>255</OpacityLevel>
		<LodDistance>16960</LodDistance>
		<IsVisible>true</IsVisible>
		<MaxHealth>1000</MaxHealth>
		<Health>1000</Health>
		<HasGravity>true</HasGravity>
		<IsOnFire>false</IsOnFire>
		<IsInvincible>false</IsInvincible>
		<IsBulletProof>false</IsBulletProof>
		<IsCollisionProof>true</IsCollisionProof>
		<IsExplosionProof>false</IsExplosionProof>
		<IsFireProof>false</IsFireProof>
		<IsMeleeProof>false</IsMeleeProof>
		<IsOnlyDamagedByPlayer>false</IsOnlyDamagedByPlayer>
		<PositionRotation>
			<X>2483.23047</X>
			<Y>3822.64355</Y>
			<Z>40.1334457</Z>
			<Pitch>5.90456963</Pitch>
			<Roll>-73.8074417</Roll>
			<Yaw>17.1099987</Yaw>
		</PositionRotation>
		<Attachment isAttached="true">
			<AttachedTo>395778</AttachedTo>
			<BoneIndex>0</BoneIndex>
			<X>0</X>
			<Y>0.292000026</Y>
			<Z>0.539999843</Z>
			<Pitch>-1.71661377e-05</Pitch>
			<Roll>-90.0000076</Roll>
			<Yaw>-90.0000076</Yaw>
		</Attachment>
	</Placement>
	<Placement>
		<ModelHash>0xba5c637d</ModelHash>
		<Type>3</Type>
		<Dynamic>false</Dynamic>
		<FrozenPos>true</FrozenPos>
		<HashName>ba_prop_battle_lights_wall_l_d</HashName>
		<InitialHandle>398082</InitialHandle>
		<ObjectProperties>
			<TextureVariation>0</TextureVariation>
		</ObjectProperties>
		<OpacityLevel>255</OpacityLevel>
		<LodDistance>16960</LodDistance>
		<IsVisible>true</IsVisible>
		<MaxHealth>1000</MaxHealth>
		<Health>1000</Health>
		<HasGravity>true</HasGravity>
		<IsOnFire>false</IsOnFire>
		<IsInvincible>false</IsInvincible>
		<IsBulletProof>false</IsBulletProof>
		<IsCollisionProof>true</IsCollisionProof>
		<IsExplosionProof>false</IsExplosionProof>
		<IsFireProof>false</IsFireProof>
		<IsMeleeProof>false</IsMeleeProof>
		<IsOnlyDamagedByPlayer>false</IsOnlyDamagedByPlayer>
		<PositionRotation>
			<X>2481.91821</X>
			<Y>3822.17188</Y>
			<Z>39.4285622</Z>
			<Pitch>-77.3630524</Pitch>
			<Roll>-28.0488873</Roll>
			<Yaw>79.6401596</Yaw>
		</PositionRotation>
		<Attachment isAttached="true">
			<AttachedTo>395522</AttachedTo>
			<BoneIndex>0</BoneIndex>
			<X>-0.137000218</X>
			<Y>0.823000371</Y>
			<Z>-0.0530000106</Z>
			<Pitch>-78.0000076</Pitch>
			<Roll>0</Roll>
			<Yaw>0</Yaw>
		</Attachment>
	</Placement>
	<Placement>
		<ModelHash>0xba5c637d</ModelHash>
		<Type>3</Type>
		<Dynamic>false</Dynamic>
		<FrozenPos>true</FrozenPos>
		<HashName>ba_prop_battle_lights_wall_l_d</HashName>
		<InitialHandle>398338</InitialHandle>
		<ObjectProperties>
			<TextureVariation>0</TextureVariation>
		</ObjectProperties>
		<OpacityLevel>255</OpacityLevel>
		<LodDistance>16960</LodDistance>
		<IsVisible>true</IsVisible>
		<MaxHealth>1000</MaxHealth>
		<Health>1000</Health>
		<HasGravity>true</HasGravity>
		<IsOnFire>false</IsOnFire>
		<IsInvincible>false</IsInvincible>
		<IsBulletProof>false</IsBulletProof>
		<IsCollisionProof>true</IsCollisionProof>
		<IsExplosionProof>false</IsExplosionProof>
		<IsFireProof>false</IsFireProof>
		<IsMeleeProof>false</IsMeleeProof>
		<IsOnlyDamagedByPlayer>false</IsOnlyDamagedByPlayer>
		<PositionRotation>
			<X>2481.83789</X>
			<Y>3822.43237</Y>
			<Z>39.456749</Z>
			<Pitch>-77.3630524</Pitch>
			<Roll>-28.0488873</Roll>
			<Yaw>79.6401596</Yaw>
		</PositionRotation>
		<Attachment isAttached="true">
			<AttachedTo>395522</AttachedTo>
			<BoneIndex>0</BoneIndex>
			<X>0.13699989</X>
			<Y>0.823000371</Y>
			<Z>-0.0530000106</Z>
			<Pitch>-78.0000076</Pitch>
			<Roll>0</Roll>
			<Yaw>0</Yaw>
		</Attachment>
	</Placement>
	<Placement>
		<ModelHash>0x7a9ebc92</ModelHash>
		<Type>3</Type>
		<Dynamic>false</Dynamic>
		<FrozenPos>true</FrozenPos>
		<HashName>prop_radio_01</HashName>
		<InitialHandle>398594</InitialHandle>
		<ObjectProperties>
			<TextureVariation>0</TextureVariation>
		</ObjectProperties>
		<OpacityLevel>255</OpacityLevel>
		<LodDistance>16960</LodDistance>
		<IsVisible>true</IsVisible>
		<MaxHealth>1000</MaxHealth>
		<Health>1000</Health>
		<HasGravity>true</HasGravity>
		<IsOnFire>false</IsOnFire>
		<IsInvincible>false</IsInvincible>
		<IsBulletProof>false</IsBulletProof>
		<IsCollisionProof>true</IsCollisionProof>
		<IsExplosionProof>false</IsExplosionProof>
		<IsFireProof>false</IsFireProof>
		<IsMeleeProof>false</IsMeleeProof>
		<IsOnlyDamagedByPlayer>false</IsOnlyDamagedByPlayer>
		<PositionRotation>
			<X>2482.59399</X>
			<Y>3822.49487</Y>
			<Z>39.5841484</Z>
			<Pitch>-37.7702751</Pitch>
			<Roll>82.5223007</Roll>
			<Yaw>102.513611</Yaw>
		</PositionRotation>
		<Attachment isAttached="true">
			<AttachedTo>395522</AttachedTo>
			<BoneIndex>0</BoneIndex>
			<X>-0.0117000025</X>
			<Y>0.0800000131</Y>
			<Z>0.0800000131</Z>
			<Pitch>-37.2000008</Pitch>
			<Roll>90</Roll>
			<Yaw>0</Yaw>
		</Attachment>
	</Placement>
	<Placement>
		<ModelHash>0x769bb6e7</ModelHash>
		<Type>3</Type>
		<Dynamic>false</Dynamic>
		<FrozenPos>true</FrozenPos>
		<HashName>v_res_pcspeaker</HashName>
		<InitialHandle>398850</InitialHandle>
		<ObjectProperties>
			<TextureVariation>0</TextureVariation>
		</ObjectProperties>
		<OpacityLevel>255</OpacityLevel>
		<LodDistance>16960</LodDistance>
		<IsVisible>true</IsVisible>
		<MaxHealth>1000</MaxHealth>
		<Health>1000</Health>
		<HasGravity>true</HasGravity>
		<IsOnFire>false</IsOnFire>
		<IsInvincible>false</IsInvincible>
		<IsBulletProof>false</IsBulletProof>
		<IsCollisionProof>true</IsCollisionProof>
		<IsExplosionProof>false</IsExplosionProof>
		<IsFireProof>false</IsFireProof>
		<IsMeleeProof>false</IsMeleeProof>
		<IsOnlyDamagedByPlayer>false</IsOnlyDamagedByPlayer>
		<PositionRotation>
			<X>2482.51636</X>
			<Y>3822.46875</Y>
			<Z>39.7184982</Z>
			<Pitch>50.816124</Pitch>
			<Roll>170.629272</Roll>
			<Yaw>114.399292</Yaw>
		</PositionRotation>
		<Attachment isAttached="true">
			<AttachedTo>395522</AttachedTo>
			<BoneIndex>0</BoneIndex>
			<X>0</X>
			<Y>0.160000071</Y>
			<Z>0.215000093</Z>
			<Pitch>52.0000076</Pitch>
			<Roll>179.999985</Roll>
			<Yaw>1.90734863e-06</Yaw>
		</Attachment>
	</Placement>
	<Placement>
		<ModelHash>0x7631fbe6</ModelHash>
		<Type>3</Type>
		<Dynamic>false</Dynamic>
		<FrozenPos>true</FrozenPos>
		<HashName>prop_poolball_4</HashName>
		<InitialHandle>399106</InitialHandle>
		<ObjectProperties>
			<TextureVariation>0</TextureVariation>
		</ObjectProperties>
		<OpacityLevel>255</OpacityLevel>
		<LodDistance>16960</LodDistance>
		<IsVisible>true</IsVisible>
		<MaxHealth>1000</MaxHealth>
		<Health>1000</Health>
		<HasGravity>true</HasGravity>
		<IsOnFire>false</IsOnFire>
		<IsInvincible>false</IsInvincible>
		<IsBulletProof>false</IsBulletProof>
		<IsCollisionProof>true</IsCollisionProof>
		<IsExplosionProof>false</IsExplosionProof>
		<IsFireProof>false</IsFireProof>
		<IsMeleeProof>false</IsMeleeProof>
		<IsOnlyDamagedByPlayer>false</IsOnlyDamagedByPlayer>
		<PositionRotation>
			<X>2482.58618</X>
			<Y>3822.47583</Y>
			<Z>39.8496819</Z>
			<Pitch>-37.1053047</Pitch>
			<Roll>-7.41091347</Roll>
			<Yaw>102.622902</Yaw>
		</PositionRotation>
		<Attachment isAttached="true">
			<AttachedTo>395522</AttachedTo>
			<BoneIndex>19</BoneIndex>
			<X>0</X>
			<Y>0.0549999997</Y>
			<Z>0</Z>
			<Pitch>0</Pitch>
			<Roll>0</Roll>
			<Yaw>0</Yaw>
		</Attachment>
	</Placement>
	<Placement>
		<ModelHash>0x150c00a7</ModelHash>
		<Type>3</Type>
		<Dynamic>false</Dynamic>
		<FrozenPos>true</FrozenPos>
		<HashName>bkr_prop_meth_tray_01b</HashName>
		<InitialHandle>399362</InitialHandle>
		<ObjectProperties>
			<TextureVariation>0</TextureVariation>
		</ObjectProperties>
		<OpacityLevel>255</OpacityLevel>
		<LodDistance>16960</LodDistance>
		<IsVisible>true</IsVisible>
		<MaxHealth>1000</MaxHealth>
		<Health>1000</Health>
		<HasGravity>true</HasGravity>
		<IsOnFire>false</IsOnFire>
		<IsInvincible>false</IsInvincible>
		<IsBulletProof>false</IsBulletProof>
		<IsCollisionProof>true</IsCollisionProof>
		<IsExplosionProof>false</IsExplosionProof>
		<IsFireProof>false</IsFireProof>
		<IsMeleeProof>false</IsMeleeProof>
		<IsOnlyDamagedByPlayer>false</IsOnlyDamagedByPlayer>
		<PositionRotation>
			<X>2482.77344</X>
			<Y>3822.36182</Y>
			<Z>39.3964882</Z>
			<Pitch>-0.803159952</Pitch>
			<Roll>-5.90517569</Roll>
			<Yaw>107.026909</Yaw>
		</PositionRotation>
		<Attachment isAttached="true">
			<AttachedTo>395522</AttachedTo>
			<BoneIndex>0</BoneIndex>
			<X>-0.210000083</X>
			<Y>-0.0500000194</Y>
			<Z>-0.0900000334</Z>
			<Pitch>0</Pitch>
			<Roll>0</Roll>
			<Yaw>0</Yaw>
		</Attachment>
	</Placement>
	<Placement>
		<ModelHash>0xb685e324</ModelHash>
		<Type>3</Type>
		<Dynamic>false</Dynamic>
		<FrozenPos>true</FrozenPos>
		<HashName>prop_cs_bar</HashName>
		<InitialHandle>399618</InitialHandle>
		<ObjectProperties>
			<TextureVariation>0</TextureVariation>
		</ObjectProperties>
		<OpacityLevel>255</OpacityLevel>
		<LodDistance>16960</LodDistance>
		<IsVisible>true</IsVisible>
		<MaxHealth>1000</MaxHealth>
		<Health>1000</Health>
		<HasGravity>true</HasGravity>
		<IsOnFire>false</IsOnFire>
		<IsInvincible>false</IsInvincible>
		<IsBulletProof>false</IsBulletProof>
		<IsCollisionProof>true</IsCollisionProof>
		<IsExplosionProof>false</IsExplosionProof>
		<IsFireProof>false</IsFireProof>
		<IsMeleeProof>false</IsMeleeProof>
		<IsOnlyDamagedByPlayer>false</IsOnlyDamagedByPlayer>
		<PositionRotation>
			<X>2482.8208</X>
			<Y>3822.12158</Y>
			<Z>39.398098</Z>
			<Pitch>-5.90459347</Pitch>
			<Roll>-89.1925507</Roll>
			<Yaw>-162.889999</Yaw>
		</PositionRotation>
		<Attachment isAttached="true">
			<AttachedTo>395522</AttachedTo>
			<BoneIndex>0</BoneIndex>
			<X>-0.452000022</X>
			<Y>-0.0250000041</Y>
			<Z>-0.0629999936</Z>
			<Pitch>0</Pitch>
			<Roll>-90.0000076</Roll>
			<Yaw>90.0000076</Yaw>
		</Attachment>
	</Placement>
	<Placement>
		<ModelHash>0x150c00a7</ModelHash>
		<Type>3</Type>
		<Dynamic>false</Dynamic>
		<FrozenPos>true</FrozenPos>
		<HashName>bkr_prop_meth_tray_01b</HashName>
		<InitialHandle>399874</InitialHandle>
		<ObjectProperties>
			<TextureVariation>0</TextureVariation>
		</ObjectProperties>
		<OpacityLevel>255</OpacityLevel>
		<LodDistance>16960</LodDistance>
		<IsVisible>true</IsVisible>
		<MaxHealth>1000</MaxHealth>
		<Health>1000</Health>
		<HasGravity>true</HasGravity>
		<IsOnFire>false</IsOnFire>
		<IsInvincible>false</IsInvincible>
		<IsBulletProof>false</IsBulletProof>
		<IsCollisionProof>true</IsCollisionProof>
		<IsExplosionProof>false</IsExplosionProof>
		<IsFireProof>false</IsFireProof>
		<IsMeleeProof>false</IsMeleeProof>
		<IsOnlyDamagedByPlayer>false</IsOnlyDamagedByPlayer>
		<PositionRotation>
			<X>2483.16382</X>
			<Y>3822.59888</Y>
			<Z>39.6485748</Z>
			<Pitch>5.90459061</Pitch>
			<Roll>-73.8074493</Roll>
			<Yaw>17.1099739</Yaw>
		</PositionRotation>
		<Attachment isAttached="true">
			<AttachedTo>395522</AttachedTo>
			<BoneIndex>0</BoneIndex>
			<X>-0.0729999989</X>
			<Y>-0.495999813</Y>
			<Z>0.143000066</Z>
			<Pitch>-7.15255737e-07</Pitch>
			<Roll>-73.0000076</Roll>
			<Yaw>-90.0000076</Yaw>
		</Attachment>
	</Placement>
	<Placement>
		<ModelHash>0xb685e324</ModelHash>
		<Type>3</Type>
		<Dynamic>false</Dynamic>
		<FrozenPos>true</FrozenPos>
		<HashName>prop_cs_bar</HashName>
		<InitialHandle>400130</InitialHandle>
		<ObjectProperties>
			<TextureVariation>0</TextureVariation>
		</ObjectProperties>
		<OpacityLevel>255</OpacityLevel>
		<LodDistance>16960</LodDistance>
		<IsVisible>true</IsVisible>
		<MaxHealth>1000</MaxHealth>
		<Health>1000</Health>
		<HasGravity>true</HasGravity>
		<IsOnFire>false</IsOnFire>
		<IsInvincible>false</IsInvincible>
		<IsBulletProof>false</IsBulletProof>
		<IsCollisionProof>true</IsCollisionProof>
		<IsExplosionProof>false</IsExplosionProof>
		<IsFireProof>false</IsFireProof>
		<IsMeleeProof>false</IsMeleeProof>
		<IsOnlyDamagedByPlayer>false</IsOnlyDamagedByPlayer>
		<PositionRotation>
			<X>2483.29614</X>
			<Y>3822.22534</Y>
			<Z>39.7727623</Z>
			<Pitch>-5.90459585</Pitch>
			<Roll>-16.1925583</Roll>
			<Yaw>-162.889999</Yaw>
		</PositionRotation>
		<Attachment isAttached="true">
			<AttachedTo>395522</AttachedTo>
			<BoneIndex>0</BoneIndex>
			<X>-0.453999996</X>
			<Y>-0.515000105</Y>
			<Z>0.307000071</Z>
			<Pitch>-1.66893005e-06</Pitch>
			<Roll>-17.0000076</Roll>
			<Yaw>90.0000076</Yaw>
		</Attachment>
	</Placement>
	<Placement>
		<ModelHash>0xb685e324</ModelHash>
		<Type>3</Type>
		<Dynamic>false</Dynamic>
		<FrozenPos>true</FrozenPos>
		<HashName>prop_cs_bar</HashName>
		<InitialHandle>400386</InitialHandle>
		<ObjectProperties>
			<TextureVariation>0</TextureVariation>
		</ObjectProperties>
		<OpacityLevel>255</OpacityLevel>
		<LodDistance>16960</LodDistance>
		<IsVisible>true</IsVisible>
		<MaxHealth>1000</MaxHealth>
		<Health>1000</Health>
		<HasGravity>true</HasGravity>
		<IsOnFire>false</IsOnFire>
		<IsInvincible>false</IsInvincible>
		<IsBulletProof>false</IsBulletProof>
		<IsCollisionProof>true</IsCollisionProof>
		<IsExplosionProof>false</IsExplosionProof>
		<IsFireProof>false</IsFireProof>
		<IsMeleeProof>false</IsMeleeProof>
		<IsOnlyDamagedByPlayer>false</IsOnlyDamagedByPlayer>
		<PositionRotation>
			<X>2483.21143</X>
			<Y>3822.59229</Y>
			<Z>39.8924294</Z>
			<Pitch>-0.803159833</Pitch>
			<Roll>-95.9051743</Roll>
			<Yaw>107.026909</Yaw>
		</PositionRotation>
		<Attachment isAttached="true">
			<AttachedTo>395522</AttachedTo>
			<BoneIndex>0</BoneIndex>
			<X>-0.0680000782</X>
			<Y>-0.543000102</Y>
			<Z>0.386999995</Z>
			<Pitch>0</Pitch>
			<Roll>-90.0000076</Roll>
			<Yaw>0</Yaw>
		</Attachment>
	</Placement>
	<Placement>
		<ModelHash>0xb685e324</ModelHash>
		<Type>3</Type>
		<Dynamic>false</Dynamic>
		<FrozenPos>true</FrozenPos>
		<HashName>prop_cs_bar</HashName>
		<InitialHandle>400642</InitialHandle>
		<ObjectProperties>
			<TextureVariation>0</TextureVariation>
		</ObjectProperties>
		<OpacityLevel>255</OpacityLevel>
		<LodDistance>16960</LodDistance>
		<IsVisible>true</IsVisible>
		<MaxHealth>1000</MaxHealth>
		<Health>1000</Health>
		<HasGravity>true</HasGravity>
		<IsOnFire>false</IsOnFire>
		<IsInvincible>false</IsInvincible>
		<IsBulletProof>false</IsBulletProof>
		<IsCollisionProof>true</IsCollisionProof>
		<IsExplosionProof>false</IsExplosionProof>
		<IsFireProof>false</IsFireProof>
		<IsMeleeProof>false</IsMeleeProof>
		<IsOnlyDamagedByPlayer>false</IsOnlyDamagedByPlayer>
		<PositionRotation>
			<X>2482.31665</X>
			<Y>3822.50195</Y>
			<Z>39.4457855</Z>
			<Pitch>-0.803159833</Pitch>
			<Roll>-95.9051743</Roll>
			<Yaw>107.026909</Yaw>
		</PositionRotation>
		<Attachment isAttached="true">
			<AttachedTo>395522</AttachedTo>
			<BoneIndex>0</BoneIndex>
			<X>0.0619998723</X>
			<Y>0.34499982</Y>
			<Z>-0.0629999936</Z>
			<Pitch>0</Pitch>
			<Roll>-90.0000076</Roll>
			<Yaw>0</Yaw>
		</Attachment>
	</Placement>
	<Placement>
		<ModelHash>0x150c00a7</ModelHash>
		<Type>3</Type>
		<Dynamic>false</Dynamic>
		<FrozenPos>true</FrozenPos>
		<HashName>bkr_prop_meth_tray_01b</HashName>
		<InitialHandle>400898</InitialHandle>
		<ObjectProperties>
			<TextureVariation>0</TextureVariation>
		</ObjectProperties>
		<OpacityLevel>255</OpacityLevel>
		<LodDistance>16960</LodDistance>
		<IsVisible>true</IsVisible>
		<MaxHealth>1000</MaxHealth>
		<Health>1000</Health>
		<HasGravity>true</HasGravity>
		<IsOnFire>false</IsOnFire>
		<IsInvincible>false</IsInvincible>
		<IsBulletProof>false</IsBulletProof>
		<IsCollisionProof>true</IsCollisionProof>
		<IsExplosionProof>false</IsExplosionProof>
		<IsFireProof>false</IsFireProof>
		<IsMeleeProof>false</IsMeleeProof>
		<IsOnlyDamagedByPlayer>false</IsOnlyDamagedByPlayer>
		<PositionRotation>
			<X>2482.65063</X>
			<Y>3822.76099</Y>
			<Z>39.4396935</Z>
			<Pitch>-0.803159952</Pitch>
			<Roll>-5.90517569</Roll>
			<Yaw>107.026909</Yaw>
		</PositionRotation>
		<Attachment isAttached="true">
			<AttachedTo>395522</AttachedTo>
			<BoneIndex>0</BoneIndex>
			<X>0.210000083</X>
			<Y>-0.0500000194</Y>
			<Z>-0.0900000334</Z>
			<Pitch>0</Pitch>
			<Roll>0</Roll>
			<Yaw>0</Yaw>
		</Attachment>
	</Placement>
	<Placement>
		<ModelHash>0xb685e324</ModelHash>
		<Type>3</Type>
		<Dynamic>false</Dynamic>
		<FrozenPos>true</FrozenPos>
		<HashName>prop_cs_bar</HashName>
		<InitialHandle>401154</InitialHandle>
		<ObjectProperties>
			<TextureVariation>0</TextureVariation>
		</ObjectProperties>
		<OpacityLevel>255</OpacityLevel>
		<LodDistance>16960</LodDistance>
		<IsVisible>true</IsVisible>
		<MaxHealth>1000</MaxHealth>
		<Health>1000</Health>
		<HasGravity>true</HasGravity>
		<IsOnFire>false</IsOnFire>
		<IsInvincible>false</IsInvincible>
		<IsBulletProof>false</IsBulletProof>
		<IsCollisionProof>true</IsCollisionProof>
		<IsExplosionProof>false</IsExplosionProof>
		<IsFireProof>false</IsFireProof>
		<IsMeleeProof>false</IsMeleeProof>
		<IsOnlyDamagedByPlayer>false</IsOnlyDamagedByPlayer>
		<PositionRotation>
			<X>2482.5564</X>
			<Y>3822.98096</Y>
			<Z>39.4910927</Z>
			<Pitch>-5.90459347</Pitch>
			<Roll>-89.1925507</Roll>
			<Yaw>-162.889999</Yaw>
		</PositionRotation>
		<Attachment isAttached="true">
			<AttachedTo>395522</AttachedTo>
			<BoneIndex>0</BoneIndex>
			<X>0.451999873</X>
			<Y>-0.0250000041</Y>
			<Z>-0.0629999936</Z>
			<Pitch>0</Pitch>
			<Roll>-90.0000076</Roll>
			<Yaw>90.0000076</Yaw>
		</Attachment>
	</Placement>
	<Placement>
		<ModelHash>0x150c00a7</ModelHash>
		<Type>3</Type>
		<Dynamic>false</Dynamic>
		<FrozenPos>true</FrozenPos>
		<HashName>bkr_prop_meth_tray_01b</HashName>
		<InitialHandle>401410</InitialHandle>
		<ObjectProperties>
			<TextureVariation>0</TextureVariation>
		</ObjectProperties>
		<OpacityLevel>255</OpacityLevel>
		<LodDistance>16960</LodDistance>
		<IsVisible>true</IsVisible>
		<MaxHealth>1000</MaxHealth>
		<Health>1000</Health>
		<HasGravity>true</HasGravity>
		<IsOnFire>false</IsOnFire>
		<IsInvincible>false</IsInvincible>
		<IsBulletProof>false</IsBulletProof>
		<IsCollisionProof>true</IsCollisionProof>
		<IsExplosionProof>false</IsExplosionProof>
		<IsFireProof>false</IsFireProof>
		<IsMeleeProof>false</IsMeleeProof>
		<IsOnlyDamagedByPlayer>false</IsOnlyDamagedByPlayer>
		<PositionRotation>
			<X>2483.12109</X>
			<Y>3822.73755</Y>
			<Z>39.6635933</Z>
			<Pitch>5.90459061</Pitch>
			<Roll>-73.8074493</Roll>
			<Yaw>17.1099739</Yaw>
		</PositionRotation>
		<Attachment isAttached="true">
			<AttachedTo>395522</AttachedTo>
			<BoneIndex>0</BoneIndex>
			<X>0.0730000287</X>
			<Y>-0.495999813</Y>
			<Z>0.143000066</Z>
			<Pitch>-7.15255737e-07</Pitch>
			<Roll>-73.0000076</Roll>
			<Yaw>-90.0000076</Yaw>
		</Attachment>
	</Placement>
	<Placement>
		<ModelHash>0xb685e324</ModelHash>
		<Type>3</Type>
		<Dynamic>false</Dynamic>
		<FrozenPos>true</FrozenPos>
		<HashName>prop_cs_bar</HashName>
		<InitialHandle>401666</InitialHandle>
		<ObjectProperties>
			<TextureVariation>0</TextureVariation>
		</ObjectProperties>
		<OpacityLevel>255</OpacityLevel>
		<LodDistance>16960</LodDistance>
		<IsVisible>true</IsVisible>
		<MaxHealth>1000</MaxHealth>
		<Health>1000</Health>
		<HasGravity>true</HasGravity>
		<IsOnFire>false</IsOnFire>
		<IsInvincible>false</IsInvincible>
		<IsBulletProof>false</IsBulletProof>
		<IsCollisionProof>true</IsCollisionProof>
		<IsExplosionProof>false</IsExplosionProof>
		<IsFireProof>false</IsFireProof>
		<IsMeleeProof>false</IsMeleeProof>
		<IsOnlyDamagedByPlayer>false</IsOnlyDamagedByPlayer>
		<PositionRotation>
			<X>2483.03052</X>
			<Y>3823.08862</Y>
			<Z>39.866169</Z>
			<Pitch>-5.90459585</Pitch>
			<Roll>-16.1925583</Roll>
			<Yaw>-162.889999</Yaw>
		</PositionRotation>
		<Attachment isAttached="true">
			<AttachedTo>395522</AttachedTo>
			<BoneIndex>0</BoneIndex>
			<X>0.453999877</X>
			<Y>-0.515000105</Y>
			<Z>0.307000071</Z>
			<Pitch>-1.66893005e-06</Pitch>
			<Roll>-17.0000076</Roll>
			<Yaw>90.0000076</Yaw>
		</Attachment>
	</Placement>
	<Placement>
		<ModelHash>0xb685e324</ModelHash>
		<Type>3</Type>
		<Dynamic>false</Dynamic>
		<FrozenPos>true</FrozenPos>
		<HashName>prop_cs_bar</HashName>
		<InitialHandle>401922</InitialHandle>
		<ObjectProperties>
			<TextureVariation>0</TextureVariation>
		</ObjectProperties>
		<OpacityLevel>255</OpacityLevel>
		<LodDistance>16960</LodDistance>
		<IsVisible>true</IsVisible>
		<MaxHealth>1000</MaxHealth>
		<Health>1000</Health>
		<HasGravity>true</HasGravity>
		<IsOnFire>false</IsOnFire>
		<IsInvincible>false</IsInvincible>
		<IsBulletProof>false</IsBulletProof>
		<IsCollisionProof>true</IsCollisionProof>
		<IsExplosionProof>false</IsExplosionProof>
		<IsFireProof>false</IsFireProof>
		<IsMeleeProof>false</IsMeleeProof>
		<IsOnlyDamagedByPlayer>false</IsOnlyDamagedByPlayer>
		<PositionRotation>
			<X>2483.17236</X>
			<Y>3822.71875</Y>
			<Z>39.9061127</Z>
			<Pitch>-0.803159833</Pitch>
			<Roll>-95.9051743</Roll>
			<Yaw>107.026909</Yaw>
		</PositionRotation>
		<Attachment isAttached="true">
			<AttachedTo>395522</AttachedTo>
			<BoneIndex>0</BoneIndex>
			<X>0.0649999529</X>
			<Y>-0.543000102</Y>
			<Z>0.386999995</Z>
			<Pitch>0</Pitch>
			<Roll>-90.0000076</Roll>
			<Yaw>0</Yaw>
		</Attachment>
	</Placement>
	<Placement>
		<ModelHash>0x769bb6e7</ModelHash>
		<Type>3</Type>
		<Dynamic>false</Dynamic>
		<FrozenPos>true</FrozenPos>
		<HashName>v_res_pcspeaker</HashName>
		<InitialHandle>402178</InitialHandle>
		<ObjectProperties>
			<TextureVariation>0</TextureVariation>
		</ObjectProperties>
		<OpacityLevel>255</OpacityLevel>
		<LodDistance>16960</LodDistance>
		<IsVisible>true</IsVisible>
		<MaxHealth>1000</MaxHealth>
		<Health>1000</Health>
		<HasGravity>true</HasGravity>
		<IsOnFire>false</IsOnFire>
		<IsInvincible>false</IsInvincible>
		<IsBulletProof>false</IsBulletProof>
		<IsCollisionProof>true</IsCollisionProof>
		<IsExplosionProof>false</IsExplosionProof>
		<IsFireProof>false</IsFireProof>
		<IsMeleeProof>false</IsMeleeProof>
		<IsOnlyDamagedByPlayer>false</IsOnlyDamagedByPlayer>
		<PositionRotation>
			<X>2483.10938</X>
			<Y>3822.33423</Y>
			<Z>39.3929901</Z>
			<Pitch>-11.1324129</Pitch>
			<Roll>6.01824093</Roll>
			<Yaw>-71.723877</Yaw>
		</PositionRotation>
		<Attachment isAttached="true">
			<AttachedTo>395522</AttachedTo>
			<BoneIndex>0</BoneIndex>
			<X>-0.335000426</X>
			<Y>-0.363000572</Y>
			<Z>-0.0850000381</Z>
			<Pitch>-12.000001</Pitch>
			<Roll>0</Roll>
			<Yaw>-179.999985</Yaw>
		</Attachment>
	</Placement>
	<Placement>
		<ModelHash>0x769bb6e7</ModelHash>
		<Type>3</Type>
		<Dynamic>false</Dynamic>
		<FrozenPos>true</FrozenPos>
		<HashName>v_res_pcspeaker</HashName>
		<InitialHandle>402434</InitialHandle>
		<ObjectProperties>
			<TextureVariation>0</TextureVariation>
		</ObjectProperties>
		<OpacityLevel>255</OpacityLevel>
		<LodDistance>16960</LodDistance>
		<IsVisible>true</IsVisible>
		<MaxHealth>1000</MaxHealth>
		<Health>1000</Health>
		<HasGravity>true</HasGravity>
		<IsOnFire>false</IsOnFire>
		<IsInvincible>false</IsInvincible>
		<IsBulletProof>false</IsBulletProof>
		<IsCollisionProof>true</IsCollisionProof>
		<IsExplosionProof>false</IsExplosionProof>
		<IsFireProof>false</IsFireProof>
		<IsMeleeProof>false</IsMeleeProof>
		<IsOnlyDamagedByPlayer>false</IsOnlyDamagedByPlayer>
		<PositionRotation>
			<X>2482.91333</X>
			<Y>3822.97095</Y>
			<Z>39.4619141</Z>
			<Pitch>-11.1324129</Pitch>
			<Roll>6.01824093</Roll>
			<Yaw>-71.723877</Yaw>
		</PositionRotation>
		<Attachment isAttached="true">
			<AttachedTo>395522</AttachedTo>
			<BoneIndex>0</BoneIndex>
			<X>0.334999651</X>
			<Y>-0.363000572</Y>
			<Z>-0.0850000381</Z>
			<Pitch>-12.000001</Pitch>
			<Roll>0</Roll>
			<Yaw>-179.999985</Yaw>
		</Attachment>
	</Placement>
	<Placement>
		<ModelHash>0xba5c637d</ModelHash>
		<Type>3</Type>
		<Dynamic>false</Dynamic>
		<FrozenPos>true</FrozenPos>
		<HashName>ba_prop_battle_lights_wall_l_d</HashName>
		<InitialHandle>402690</InitialHandle>
		<ObjectProperties>
			<TextureVariation>0</TextureVariation>
		</ObjectProperties>
		<OpacityLevel>255</OpacityLevel>
		<LodDistance>16960</LodDistance>
		<IsVisible>true</IsVisible>
		<MaxHealth>1000</MaxHealth>
		<Health>1000</Health>
		<HasGravity>true</HasGravity>
		<IsOnFire>false</IsOnFire>
		<IsInvincible>false</IsInvincible>
		<IsBulletProof>false</IsBulletProof>
		<IsCollisionProof>true</IsCollisionProof>
		<IsExplosionProof>false</IsExplosionProof>
		<IsFireProof>false</IsFireProof>
		<IsMeleeProof>false</IsMeleeProof>
		<IsOnlyDamagedByPlayer>false</IsOnlyDamagedByPlayer>
		<PositionRotation>
			<X>2483.41235</X>
			<Y>3822.21802</Y>
			<Z>40.1523399</Z>
			<Pitch>-72.7915726</Pitch>
			<Roll>-20.3478718</Roll>
			<Yaw>87.6027908</Yaw>
		</PositionRotation>
		<Attachment isAttached="true">
			<AttachedTo>400130</AttachedTo>
			<BoneIndex>0</BoneIndex>
			<X>0.00200000033</X>
			<Y>0.00200000033</Y>
			<Z>0.396999747</Z>
			<Pitch>-90.0000076</Pitch>
			<Roll>0</Roll>
			<Yaw>-90.0000076</Yaw>
		</Attachment>
	</Placement>
	<Placement>
		<ModelHash>0xba5c637d</ModelHash>
		<Type>3</Type>
		<Dynamic>false</Dynamic>
		<FrozenPos>true</FrozenPos>
		<HashName>ba_prop_battle_lights_wall_l_d</HashName>
		<InitialHandle>402946</InitialHandle>
		<ObjectProperties>
			<TextureVariation>0</TextureVariation>
		</ObjectProperties>
		<OpacityLevel>255</OpacityLevel>
		<LodDistance>16960</LodDistance>
		<IsVisible>true</IsVisible>
		<MaxHealth>1000</MaxHealth>
		<Health>1000</Health>
		<HasGravity>true</HasGravity>
		<IsOnFire>false</IsOnFire>
		<IsInvincible>false</IsInvincible>
		<IsBulletProof>false</IsBulletProof>
		<IsCollisionProof>true</IsCollisionProof>
		<IsExplosionProof>false</IsExplosionProof>
		<IsFireProof>false</IsFireProof>
		<IsMeleeProof>false</IsMeleeProof>
		<IsOnlyDamagedByPlayer>false</IsOnlyDamagedByPlayer>
		<PositionRotation>
			<X>2483.14673</X>
			<Y>3823.0813</Y>
			<Z>40.2457466</Z>
			<Pitch>-72.7915726</Pitch>
			<Roll>-20.3478718</Roll>
			<Yaw>87.6027908</Yaw>
		</PositionRotation>
		<Attachment isAttached="true">
			<AttachedTo>401666</AttachedTo>
			<BoneIndex>0</BoneIndex>
			<X>0.00200000033</X>
			<Y>0.00200000033</Y>
			<Z>0.396999985</Z>
			<Pitch>-90.0000076</Pitch>
			<Roll>0</Roll>
			<Yaw>-90.0000076</Yaw>
		</Attachment>
	</Placement>
	<Placement>
		<ModelHash>0xf5c9c149</ModelHash>
		<Type>3</Type>
		<Dynamic>false</Dynamic>
		<FrozenPos>true</FrozenPos>
		<HashName>w_am_fire_exting</HashName>
		<InitialHandle>403202</InitialHandle>
		<ObjectProperties>
			<TextureVariation>0</TextureVariation>
		</ObjectProperties>
		<OpacityLevel>255</OpacityLevel>
		<LodDistance>16960</LodDistance>
		<IsVisible>true</IsVisible>
		<MaxHealth>1000</MaxHealth>
		<Health>1000</Health>
		<HasGravity>true</HasGravity>
		<IsOnFire>false</IsOnFire>
		<IsInvincible>false</IsInvincible>
		<IsBulletProof>false</IsBulletProof>
		<IsCollisionProof>true</IsCollisionProof>
		<IsExplosionProof>false</IsExplosionProof>
		<IsFireProof>false</IsFireProof>
		<IsMeleeProof>false</IsMeleeProof>
		<IsOnlyDamagedByPlayer>false</IsOnlyDamagedByPlayer>
		<PositionRotation>
			<X>2482.66382</X>
			<Y>3822.14697</Y>
			<Z>39.4566383</Z>
			<Pitch>-77.7621155</Pitch>
			<Roll>-119.289986</Roll>
			<Yaw>73.3518829</Yaw>
		</PositionRotation>
		<Attachment isAttached="true">
			<AttachedTo>395522</AttachedTo>
			<BoneIndex>-1</BoneIndex>
			<X>-0.375999659</X>
			<Y>0.117000058</Y>
			<Z>-0.0100002289</Z>
			<Pitch>-79.0000076</Pitch>
			<Roll>-90.0000076</Roll>
			<Yaw>-5.00000048</Yaw>
		</Attachment>
	</Placement>
	<Placement>
		<ModelHash>0x126ca09d</ModelHash>
		<Type>3</Type>
		<Dynamic>false</Dynamic>
		<FrozenPos>true</FrozenPos>
		<HashName>prop_oiltub_03</HashName>
		<InitialHandle>403458</InitialHandle>
		<ObjectProperties>
			<TextureVariation>0</TextureVariation>
		</ObjectProperties>
		<OpacityLevel>255</OpacityLevel>
		<LodDistance>16960</LodDistance>
		<IsVisible>true</IsVisible>
		<MaxHealth>1000</MaxHealth>
		<Health>1000</Health>
		<HasGravity>true</HasGravity>
		<IsOnFire>false</IsOnFire>
		<IsInvincible>false</IsInvincible>
		<IsBulletProof>false</IsBulletProof>
		<IsCollisionProof>true</IsCollisionProof>
		<IsExplosionProof>false</IsExplosionProof>
		<IsFireProof>false</IsFireProof>
		<IsMeleeProof>false</IsMeleeProof>
		<IsOnlyDamagedByPlayer>false</IsOnlyDamagedByPlayer>
		<PositionRotation>
			<X>2482.80493</X>
			<Y>3822.22217</Y>
			<Z>39.3865967</Z>
			<Pitch>-0.596952081</Pitch>
			<Roll>-5.9294858</Roll>
			<Yaw>105.037415</Yaw>
		</PositionRotation>
		<Attachment isAttached="true">
			<AttachedTo>395522</AttachedTo>
			<BoneIndex>0</BoneIndex>
			<X>-0.353000075</X>
			<Y>-0.0389999598</Y>
			<Z>-0.0850000232</Z>
			<Pitch>0</Pitch>
			<Roll>0</Roll>
			<Yaw>-2.00000024</Yaw>
		</Attachment>
	</Placement>
	<Placement>
		<ModelHash>0xfd8dc6e8</ModelHash>
		<Type>3</Type>
		<Dynamic>false</Dynamic>
		<FrozenPos>true</FrozenPos>
		<HashName>prop_cctv_cont_05</HashName>
		<InitialHandle>403714</InitialHandle>
		<ObjectProperties>
			<TextureVariation>0</TextureVariation>
		</ObjectProperties>
		<OpacityLevel>255</OpacityLevel>
		<LodDistance>16960</LodDistance>
		<IsVisible>true</IsVisible>
		<MaxHealth>1000</MaxHealth>
		<Health>1000</Health>
		<HasGravity>true</HasGravity>
		<IsOnFire>false</IsOnFire>
		<IsInvincible>false</IsInvincible>
		<IsBulletProof>false</IsBulletProof>
		<IsCollisionProof>true</IsCollisionProof>
		<IsExplosionProof>false</IsExplosionProof>
		<IsFireProof>false</IsFireProof>
		<IsMeleeProof>false</IsMeleeProof>
		<IsOnlyDamagedByPlayer>false</IsOnlyDamagedByPlayer>
		<PositionRotation>
			<X>2482.8418</X>
			<Y>3822.96094</Y>
			<Z>39.4972725</Z>
			<Pitch>5.9045887</Pitch>
			<Roll>179.19252</Roll>
			<Yaw>17.1099892</Yaw>
		</PositionRotation>
		<Attachment isAttached="true">
			<AttachedTo>395522</AttachedTo>
			<BoneIndex>0</BoneIndex>
			<X>0.350000024</X>
			<Y>-0.292000145</Y>
			<Z>-0.0500000045</Z>
			<Pitch>-5.7220459e-06</Pitch>
			<Roll>179.999985</Roll>
			<Yaw>-90</Yaw>
		</Attachment>
	</Placement>
	<Placement>
		<ModelHash>0xfd8dc6e8</ModelHash>
		<Type>3</Type>
		<Dynamic>false</Dynamic>
		<FrozenPos>true</FrozenPos>
		<HashName>prop_cctv_cont_05</HashName>
		<InitialHandle>403970</InitialHandle>
		<ObjectProperties>
			<TextureVariation>0</TextureVariation>
		</ObjectProperties>
		<OpacityLevel>255</OpacityLevel>
		<LodDistance>16960</LodDistance>
		<IsVisible>true</IsVisible>
		<MaxHealth>1000</MaxHealth>
		<Health>1000</Health>
		<HasGravity>true</HasGravity>
		<IsOnFire>false</IsOnFire>
		<IsInvincible>false</IsInvincible>
		<IsBulletProof>false</IsBulletProof>
		<IsCollisionProof>true</IsCollisionProof>
		<IsExplosionProof>false</IsExplosionProof>
		<IsFireProof>false</IsFireProof>
		<IsMeleeProof>false</IsMeleeProof>
		<IsOnlyDamagedByPlayer>false</IsOnlyDamagedByPlayer>
		<PositionRotation>
			<X>2483.04663</X>
			<Y>3822.29541</Y>
			<Z>39.4252625</Z>
			<Pitch>-5.90460014</Pitch>
			<Roll>-179.192566</Roll>
			<Yaw>-162.889999</Yaw>
		</PositionRotation>
		<Attachment isAttached="true">
			<AttachedTo>395522</AttachedTo>
			<BoneIndex>0</BoneIndex>
			<X>-0.349999994</X>
			<Y>-0.292000145</Y>
			<Z>-0.0500000045</Z>
			<Pitch>-5.7220459e-06</Pitch>
			<Roll>179.999985</Roll>
			<Yaw>90.0000076</Yaw>
		</Attachment>
	</Placement>
	<Placement>
		<ModelHash>0x6bada482</ModelHash>
		<Type>3</Type>
		<Dynamic>false</Dynamic>
		<FrozenPos>true</FrozenPos>
		<HashName>prop_target_bull_b</HashName>
		<InitialHandle>404226</InitialHandle>
		<ObjectProperties>
			<TextureVariation>0</TextureVariation>
		</ObjectProperties>
		<OpacityLevel>255</OpacityLevel>
		<LodDistance>16960</LodDistance>
		<IsVisible>true</IsVisible>
		<MaxHealth>1000</MaxHealth>
		<Health>1000</Health>
		<HasGravity>true</HasGravity>
		<IsOnFire>false</IsOnFire>
		<IsInvincible>false</IsInvincible>
		<IsBulletProof>false</IsBulletProof>
		<IsCollisionProof>true</IsCollisionProof>
		<IsExplosionProof>false</IsExplosionProof>
		<IsFireProof>false</IsFireProof>
		<IsMeleeProof>false</IsMeleeProof>
		<IsOnlyDamagedByPlayer>false</IsOnlyDamagedByPlayer>
		<PositionRotation>
			<X>2482.15161</X>
			<Y>3821.8811</Y>
			<Z>39.4479675</Z>
			<Pitch>5.90459394</Pitch>
			<Roll>-12.4892006</Roll>
			<Yaw>17.1099815</Yaw>
		</PositionRotation>
		<Attachment isAttached="true">
			<AttachedTo>395522</AttachedTo>
			<BoneIndex>1</BoneIndex>
			<X>-0.107000008</X>
			<Y>0</Y>
			<Z>0</Z>
			<Pitch>0</Pitch>
			<Roll>0</Roll>
			<Yaw>-90.0000076</Yaw>
		</Attachment>
	</Placement>
	<Placement>
		<ModelHash>0x6bada482</ModelHash>
		<Type>3</Type>
		<Dynamic>false</Dynamic>
		<FrozenPos>true</FrozenPos>
		<HashName>prop_target_bull_b</HashName>
		<InitialHandle>404482</InitialHandle>
		<ObjectProperties>
			<TextureVariation>0</TextureVariation>
		</ObjectProperties>
		<OpacityLevel>255</OpacityLevel>
		<LodDistance>16960</LodDistance>
		<IsVisible>true</IsVisible>
		<MaxHealth>1000</MaxHealth>
		<Health>1000</Health>
		<HasGravity>true</HasGravity>
		<IsOnFire>false</IsOnFire>
		<IsInvincible>false</IsInvincible>
		<IsBulletProof>false</IsBulletProof>
		<IsCollisionProof>true</IsCollisionProof>
		<IsExplosionProof>false</IsExplosionProof>
		<IsFireProof>false</IsFireProof>
		<IsMeleeProof>false</IsMeleeProof>
		<IsOnlyDamagedByPlayer>false</IsOnlyDamagedByPlayer>
		<PositionRotation>
			<X>2483.4585</X>
			<Y>3822.28931</Y>
			<Z>39.4679642</Z>
			<Pitch>5.90459394</Pitch>
			<Roll>-10.5024509</Roll>
			<Yaw>17.1099815</Yaw>
		</PositionRotation>
		<Attachment isAttached="true">
			<AttachedTo>395522</AttachedTo>
			<BoneIndex>7</BoneIndex>
			<X>-0.135000065</X>
			<Y>0</Y>
			<Z>0</Z>
			<Pitch>0</Pitch>
			<Roll>0</Roll>
			<Yaw>-90.0000076</Yaw>
		</Attachment>
	</Placement>
	<Placement>
		<ModelHash>0x6bada482</ModelHash>
		<Type>3</Type>
		<Dynamic>false</Dynamic>
		<FrozenPos>true</FrozenPos>
		<HashName>prop_target_bull_b</HashName>
		<InitialHandle>404738</InitialHandle>
		<ObjectProperties>
			<TextureVariation>0</TextureVariation>
		</ObjectProperties>
		<OpacityLevel>255</OpacityLevel>
		<LodDistance>16960</LodDistance>
		<IsVisible>true</IsVisible>
		<MaxHealth>1000</MaxHealth>
		<Health>1000</Health>
		<HasGravity>true</HasGravity>
		<IsOnFire>false</IsOnFire>
		<IsInvincible>false</IsInvincible>
		<IsBulletProof>false</IsBulletProof>
		<IsCollisionProof>true</IsCollisionProof>
		<IsExplosionProof>false</IsExplosionProof>
		<IsFireProof>false</IsFireProof>
		<IsMeleeProof>false</IsMeleeProof>
		<IsOnlyDamagedByPlayer>false</IsOnlyDamagedByPlayer>
		<PositionRotation>
			<X>2481.87109</X>
			<Y>3822.79297</Y>
			<Z>39.5466118</Z>
			<Pitch>-5.90459394</Pitch>
			<Roll>-166.910294</Roll>
			<Yaw>-162.889999</Yaw>
		</PositionRotation>
		<Attachment isAttached="true">
			<AttachedTo>395522</AttachedTo>
			<BoneIndex>6</BoneIndex>
			<X>-0.107000008</X>
			<Y>0</Y>
			<Z>0</Z>
			<Pitch>0</Pitch>
			<Roll>0</Roll>
			<Yaw>-90.0000076</Yaw>
		</Attachment>
	</Placement>
	<Placement>
		<ModelHash>0x6bada482</ModelHash>
		<Type>3</Type>
		<Dynamic>false</Dynamic>
		<FrozenPos>true</FrozenPos>
		<HashName>prop_target_bull_b</HashName>
		<InitialHandle>404994</InitialHandle>
		<ObjectProperties>
			<TextureVariation>0</TextureVariation>
		</ObjectProperties>
		<OpacityLevel>255</OpacityLevel>
		<LodDistance>16960</LodDistance>
		<IsVisible>true</IsVisible>
		<MaxHealth>1000</MaxHealth>
		<Health>1000</Health>
		<HasGravity>true</HasGravity>
		<IsOnFire>false</IsOnFire>
		<IsInvincible>false</IsInvincible>
		<IsBulletProof>false</IsBulletProof>
		<IsCollisionProof>true</IsCollisionProof>
		<IsExplosionProof>false</IsExplosionProof>
		<IsFireProof>false</IsFireProof>
		<IsMeleeProof>false</IsMeleeProof>
		<IsOnlyDamagedByPlayer>false</IsOnlyDamagedByPlayer>
		<PositionRotation>
			<X>2483.18237</X>
			<Y>3823.18628</Y>
			<Z>39.5649986</Z>
			<Pitch>-5.90459394</Pitch>
			<Roll>-167.971375</Roll>
			<Yaw>-162.889999</Yaw>
		</PositionRotation>
		<Attachment isAttached="true">
			<AttachedTo>395522</AttachedTo>
			<BoneIndex>9</BoneIndex>
			<X>-0.135000065</X>
			<Y>0</Y>
			<Z>0</Z>
			<Pitch>0</Pitch>
			<Roll>0</Roll>
			<Yaw>-90.0000076</Yaw>
		</Attachment>
	</Placement>
	<Placement>
		<ModelHash>0xd2044933</ModelHash>
		<Type>3</Type>
		<Dynamic>false</Dynamic>
		<FrozenPos>true</FrozenPos>
		<HashName>bkr_prop_coke_tube_03</HashName>
		<InitialHandle>405250</InitialHandle>
		<ObjectProperties>
			<TextureVariation>0</TextureVariation>
		</ObjectProperties>
		<OpacityLevel>255</OpacityLevel>
		<LodDistance>16960</LodDistance>
		<IsVisible>true</IsVisible>
		<MaxHealth>1000</MaxHealth>
		<Health>1000</Health>
		<HasGravity>true</HasGravity>
		<IsOnFire>false</IsOnFire>
		<IsInvincible>false</IsInvincible>
		<IsBulletProof>false</IsBulletProof>
		<IsCollisionProof>true</IsCollisionProof>
		<IsExplosionProof>false</IsExplosionProof>
		<IsFireProof>false</IsFireProof>
		<IsMeleeProof>false</IsMeleeProof>
		<IsOnlyDamagedByPlayer>false</IsOnlyDamagedByPlayer>
		<PositionRotation>
			<X>2482.64038</X>
			<Y>3822.14819</Y>
			<Z>39.3777428</Z>
			<Pitch>-0.803159952</Pitch>
			<Roll>-5.90517569</Roll>
			<Yaw>107.026909</Yaw>
		</PositionRotation>
		<Attachment isAttached="true">
			<AttachedTo>395522</AttachedTo>
			<BoneIndex>0</BoneIndex>
			<X>-0.375999898</X>
			<Y>0.140000045</Y>
			<Z>-0.0890000165</Z>
			<Pitch>0</Pitch>
			<Roll>0</Roll>
			<Yaw>0</Yaw>
		</Attachment>
	</Placement>
	<Placement>
		<ModelHash>0xa5740900</ModelHash>
		<Type>3</Type>
		<Dynamic>false</Dynamic>
		<FrozenPos>true</FrozenPos>
		<HashName>ng_proc_sodabot_01a</HashName>
		<InitialHandle>405506</InitialHandle>
		<ObjectProperties>
			<TextureVariation>0</TextureVariation>
		</ObjectProperties>
		<OpacityLevel>255</OpacityLevel>
		<LodDistance>16960</LodDistance>
		<IsVisible>true</IsVisible>
		<MaxHealth>1000</MaxHealth>
		<Health>1000</Health>
		<HasGravity>true</HasGravity>
		<IsOnFire>false</IsOnFire>
		<IsInvincible>false</IsInvincible>
		<IsBulletProof>false</IsBulletProof>
		<IsCollisionProof>true</IsCollisionProof>
		<IsExplosionProof>false</IsExplosionProof>
		<IsFireProof>false</IsFireProof>
		<IsMeleeProof>false</IsMeleeProof>
		<IsOnlyDamagedByPlayer>false</IsOnlyDamagedByPlayer>
		<PositionRotation>
			<X>2482.65015</X>
			<Y>3822.1499</Y>
			<Z>39.3898163</Z>
			<Pitch>-7.46965313</Pitch>
			<Roll>-5.45626354</Roll>
			<Yaw>123.475182</Yaw>
		</PositionRotation>
		<Attachment isAttached="true">
			<AttachedTo>405250</AttachedTo>
			<BoneIndex>0</BoneIndex>
			<X>0</X>
			<Y>-0.0100000016</Y>
			<Z>0.0120000001</Z>
			<Pitch>-5.00000048</Pitch>
			<Roll>0</Roll>
			<Yaw>17</Yaw>
		</Attachment>
	</Placement>
	<Placement>
		<ModelHash>0x991b6c74</ModelHash>
		<Type>3</Type>
		<Dynamic>false</Dynamic>
		<FrozenPos>true</FrozenPos>
		<HashName>prop_battery_02</HashName>
		<InitialHandle>405762</InitialHandle>
		<ObjectProperties>
			<TextureVariation>0</TextureVariation>
		</ObjectProperties>
		<OpacityLevel>255</OpacityLevel>
		<LodDistance>16960</LodDistance>
		<IsVisible>true</IsVisible>
		<MaxHealth>1000</MaxHealth>
		<Health>1000</Health>
		<HasGravity>true</HasGravity>
		<IsOnFire>false</IsOnFire>
		<IsInvincible>false</IsInvincible>
		<IsBulletProof>false</IsBulletProof>
		<IsCollisionProof>true</IsCollisionProof>
		<IsExplosionProof>false</IsExplosionProof>
		<IsFireProof>false</IsFireProof>
		<IsMeleeProof>false</IsMeleeProof>
		<IsOnlyDamagedByPlayer>false</IsOnlyDamagedByPlayer>
		<PositionRotation>
			<X>2482.38232</X>
			<Y>3822.82227</Y>
			<Z>39.560112</Z>
			<Pitch>6.09422398</Pitch>
			<Roll>0.807725072</Roll>
			<Yaw>-163.058838</Yaw>
		</PositionRotation>
		<Attachment isAttached="true">
			<AttachedTo>395522</AttachedTo>
			<BoneIndex>0</BoneIndex>
			<X>0.359000474</X>
			<Y>0.187000081</Y>
			<Z>0.0190000031</Z>
			<Pitch>12.000001</Pitch>
			<Roll>0</Roll>
			<Yaw>90</Yaw>
		</Attachment>
	</Placement>
	<Placement>
		<ModelHash>0xfd8dc6e8</ModelHash>
		<Type>3</Type>
		<Dynamic>false</Dynamic>
		<FrozenPos>true</FrozenPos>
		<HashName>prop_cctv_cont_05</HashName>
		<InitialHandle>406018</InitialHandle>
		<ObjectProperties>
			<TextureVariation>0</TextureVariation>
		</ObjectProperties>
		<OpacityLevel>255</OpacityLevel>
		<LodDistance>16960</LodDistance>
		<IsVisible>true</IsVisible>
		<MaxHealth>1000</MaxHealth>
		<Health>1000</Health>
		<HasGravity>true</HasGravity>
		<IsOnFire>false</IsOnFire>
		<IsInvincible>false</IsInvincible>
		<IsBulletProof>false</IsBulletProof>
		<IsCollisionProof>true</IsCollisionProof>
		<IsExplosionProof>false</IsExplosionProof>
		<IsFireProof>false</IsFireProof>
		<IsMeleeProof>false</IsMeleeProof>
		<IsOnlyDamagedByPlayer>false</IsOnlyDamagedByPlayer>
		<PositionRotation>
			<X>2482.39233</X>
			<Y>3822.80664</Y>
			<Z>39.4889679</Z>
			<Pitch>-5.90460062</Pitch>
			<Roll>-179.192566</Roll>
			<Yaw>-162.890015</Yaw>
		</PositionRotation>
		<Attachment isAttached="true">
			<AttachedTo>395522</AttachedTo>
			<BoneIndex>0</BoneIndex>
			<X>0.334000111</X>
			<Y>0.182999983</Y>
			<Z>-0.0500000045</Z>
			<Pitch>-5.7220459e-06</Pitch>
			<Roll>179.999985</Roll>
			<Yaw>90</Yaw>
		</Attachment>
	</Placement>
	<Placement>
		<ModelHash>0x430c20eb</ModelHash>
		<Type>3</Type>
		<Dynamic>false</Dynamic>
		<FrozenPos>true</FrozenPos>
		<HashName>v_ret_fh_ashtray</HashName>
		<InitialHandle>729610</InitialHandle>
		<ObjectProperties>
			<TextureVariation>0</TextureVariation>
		</ObjectProperties>
		<OpacityLevel>255</OpacityLevel>
		<LodDistance>16960</LodDistance>
		<IsVisible>true</IsVisible>
		<MaxHealth>1000</MaxHealth>
		<Health>1000</Health>
		<HasGravity>true</HasGravity>
		<IsOnFire>false</IsOnFire>
		<IsInvincible>false</IsInvincible>
		<IsBulletProof>false</IsBulletProof>
		<IsCollisionProof>true</IsCollisionProof>
		<IsExplosionProof>false</IsExplosionProof>
		<IsFireProof>false</IsFireProof>
		<IsMeleeProof>false</IsMeleeProof>
		<IsOnlyDamagedByPlayer>false</IsOnlyDamagedByPlayer>
		<PositionRotation>
			<X>2482.63232</X>
			<Y>3822.88721</Y>
			<Z>39.4861717</Z>
			<Pitch>-0.803159952</Pitch>
			<Roll>-5.90517569</Roll>
			<Yaw>107.026909</Yaw>
		</PositionRotation>
		<Attachment isAttached="true">
			<AttachedTo>395522</AttachedTo>
			<BoneIndex>0</BoneIndex>
			<X>0.339999944</X>
			<Y>-0.0700000077</Y>
			<Z>-0.0569999665</Z>
			<Pitch>0</Pitch>
			<Roll>0</Roll>
			<Yaw>0</Yaw>
		</Attachment>
	</Placement>
	<Placement>
		<ModelHash>0x09188c5a</ModelHash>
		<Type>3</Type>
		<Dynamic>false</Dynamic>
		<FrozenPos>true</FrozenPos>
		<HashName>ng_proc_ciglight01a</HashName>
		<InitialHandle>536334</InitialHandle>
		<ObjectProperties>
			<TextureVariation>0</TextureVariation>
		</ObjectProperties>
		<OpacityLevel>255</OpacityLevel>
		<LodDistance>16960</LodDistance>
		<IsVisible>true</IsVisible>
		<MaxHealth>1000</MaxHealth>
		<Health>1000</Health>
		<HasGravity>true</HasGravity>
		<IsOnFire>false</IsOnFire>
		<IsInvincible>false</IsInvincible>
		<IsBulletProof>false</IsBulletProof>
		<IsCollisionProof>true</IsCollisionProof>
		<IsExplosionProof>false</IsExplosionProof>
		<IsFireProof>false</IsFireProof>
		<IsMeleeProof>false</IsMeleeProof>
		<IsOnlyDamagedByPlayer>false</IsOnlyDamagedByPlayer>
		<PositionRotation>
			<X>2482.55225</X>
			<Y>3822.23047</Y>
			<Z>39.3977509</Z>
			<Pitch>-5.24787045</Pitch>
			<Roll>-2.82773972</Roll>
			<Yaw>160.938721</Yaw>
		</PositionRotation>
		<Attachment isAttached="true">
			<AttachedTo>395522</AttachedTo>
			<BoneIndex>-1</BoneIndex>
			<X>-0.27000007</X>
			<Y>0.200000077</Y>
			<Z>-0.0790001005</Z>
			<Pitch>0</Pitch>
			<Roll>0</Roll>
			<Yaw>54.0000038</Yaw>
		</Attachment>
	</Placement>
	<Placement>
		<ModelHash>0xe241037a</ModelHash>
		<Type>3</Type>
		<Dynamic>false</Dynamic>
		<FrozenPos>true</FrozenPos>
		<HashName>ng_proc_cigpak01b</HashName>
		<InitialHandle>602382</InitialHandle>
		<ObjectProperties>
			<TextureVariation>0</TextureVariation>
		</ObjectProperties>
		<OpacityLevel>255</OpacityLevel>
		<LodDistance>16960</LodDistance>
		<IsVisible>true</IsVisible>
		<MaxHealth>1000</MaxHealth>
		<Health>1000</Health>
		<HasGravity>true</HasGravity>
		<IsOnFire>false</IsOnFire>
		<IsInvincible>false</IsInvincible>
		<IsBulletProof>false</IsBulletProof>
		<IsCollisionProof>true</IsCollisionProof>
		<IsExplosionProof>false</IsExplosionProof>
		<IsFireProof>false</IsFireProof>
		<IsMeleeProof>false</IsMeleeProof>
		<IsOnlyDamagedByPlayer>false</IsOnlyDamagedByPlayer>
		<PositionRotation>
			<X>2482.5249</X>
			<Y>3822.14771</Y>
			<Z>39.3977203</Z>
			<Pitch>-2.44342756</Pitch>
			<Roll>-0.182793871</Roll>
			<Yaw>11.0510397</Yaw>
		</PositionRotation>
		<Attachment isAttached="true">
			<AttachedTo>418855</AttachedTo>
			<BoneIndex>0</BoneIndex>
			<X>0.0200000033</X>
			<Y>0</Y>
			<Z>0.0140000023</Z>
			<Pitch>-8.40000439</Pitch>
			<Roll>0</Roll>
			<Yaw>-80.0000076</Yaw>
		</Attachment>
	</Placement>
	<Placement>
		<ModelHash>0x591a1630</ModelHash>
		<Type>3</Type>
		<Dynamic>false</Dynamic>
		<FrozenPos>true</FrozenPos>
		<HashName>bkr_prop_fakeid_ruler_01a</HashName>
		<InitialHandle>244498</InitialHandle>
		<ObjectProperties>
			<TextureVariation>0</TextureVariation>
		</ObjectProperties>
		<OpacityLevel>255</OpacityLevel>
		<LodDistance>16960</LodDistance>
		<IsVisible>true</IsVisible>
		<MaxHealth>1000</MaxHealth>
		<Health>1000</Health>
		<HasGravity>true</HasGravity>
		<IsOnFire>false</IsOnFire>
		<IsInvincible>false</IsInvincible>
		<IsBulletProof>false</IsBulletProof>
		<IsCollisionProof>true</IsCollisionProof>
		<IsExplosionProof>false</IsExplosionProof>
		<IsFireProof>false</IsFireProof>
		<IsMeleeProof>false</IsMeleeProof>
		<IsOnlyDamagedByPlayer>false</IsOnlyDamagedByPlayer>
		<PositionRotation>
			<X>2482.70679</X>
			<Y>3822.07983</Y>
			<Z>39.4208527</Z>
			<Pitch>0.803162158</Pitch>
			<Roll>-84.0948181</Roll>
			<Yaw>-72.9730606</Yaw>
		</PositionRotation>
		<Attachment isAttached="true">
			<AttachedTo>395522</AttachedTo>
			<BoneIndex>0</BoneIndex>
			<X>-0.455999911</X>
			<Y>0.0960000306</Y>
			<Z>-0.0380000174</Z>
			<Pitch>0</Pitch>
			<Roll>-90.0000076</Roll>
			<Yaw>-179.999985</Yaw>
		</Attachment>
	</Placement>
	<Placement>
		<ModelHash>0x591a1630</ModelHash>
		<Type>3</Type>
		<Dynamic>false</Dynamic>
		<FrozenPos>true</FrozenPos>
		<HashName>bkr_prop_fakeid_ruler_01a</HashName>
		<InitialHandle>178964</InitialHandle>
		<ObjectProperties>
			<TextureVariation>0</TextureVariation>
		</ObjectProperties>
		<OpacityLevel>255</OpacityLevel>
		<LodDistance>16960</LodDistance>
		<IsVisible>true</IsVisible>
		<MaxHealth>1000</MaxHealth>
		<Health>1000</Health>
		<HasGravity>true</HasGravity>
		<IsOnFire>false</IsOnFire>
		<IsInvincible>false</IsInvincible>
		<IsBulletProof>false</IsBulletProof>
		<IsCollisionProof>true</IsCollisionProof>
		<IsExplosionProof>false</IsExplosionProof>
		<IsFireProof>false</IsFireProof>
		<IsMeleeProof>false</IsMeleeProof>
		<IsOnlyDamagedByPlayer>false</IsOnlyDamagedByPlayer>
		<PositionRotation>
			<X>2482.70752</X>
			<Y>3822.07593</Y>
			<Z>39.4596443</Z>
			<Pitch>0.803162158</Pitch>
			<Roll>-84.0948181</Roll>
			<Yaw>-72.9730606</Yaw>
		</PositionRotation>
		<Attachment isAttached="true">
			<AttachedTo>395522</AttachedTo>
			<BoneIndex>0</BoneIndex>
			<X>-0.455999911</X>
			<Y>0.0960000306</Y>
			<Z>0.000999988988</Z>
			<Pitch>0</Pitch>
			<Roll>-90.0000076</Roll>
			<Yaw>-179.999985</Yaw>
		</Attachment>
	</Placement>
	<Placement>
		<ModelHash>0x591a1630</ModelHash>
		<Type>3</Type>
		<Dynamic>false</Dynamic>
		<FrozenPos>true</FrozenPos>
		<HashName>bkr_prop_fakeid_ruler_01a</HashName>
		<InitialHandle>45591</InitialHandle>
		<ObjectProperties>
			<TextureVariation>0</TextureVariation>
		</ObjectProperties>
		<OpacityLevel>255</OpacityLevel>
		<LodDistance>16960</LodDistance>
		<IsVisible>true</IsVisible>
		<MaxHealth>1000</MaxHealth>
		<Health>1000</Health>
		<HasGravity>true</HasGravity>
		<IsOnFire>false</IsOnFire>
		<IsInvincible>false</IsInvincible>
		<IsBulletProof>false</IsBulletProof>
		<IsCollisionProof>true</IsCollisionProof>
		<IsExplosionProof>false</IsExplosionProof>
		<IsFireProof>false</IsFireProof>
		<IsMeleeProof>false</IsMeleeProof>
		<IsOnlyDamagedByPlayer>false</IsOnlyDamagedByPlayer>
		<PositionRotation>
			<X>2482.43994</X>
			<Y>3822.94678</Y>
			<Z>39.5146751</Z>
			<Pitch>-0.803161621</Pitch>
			<Roll>-95.9051666</Roll>
			<Yaw>107.026924</Yaw>
		</PositionRotation>
		<Attachment isAttached="true">
			<AttachedTo>395522</AttachedTo>
			<BoneIndex>0</BoneIndex>
			<X>0.455999911</X>
			<Y>0.0960000306</Y>
			<Z>-0.0380000174</Z>
			<Pitch>0</Pitch>
			<Roll>-90.0000076</Roll>
			<Yaw>1.71661377e-05</Yaw>
		</Attachment>
	</Placement>
	<Placement>
		<ModelHash>0x591a1630</ModelHash>
		<Type>3</Type>
		<Dynamic>false</Dynamic>
		<FrozenPos>true</FrozenPos>
		<HashName>bkr_prop_fakeid_ruler_01a</HashName>
		<InitialHandle>177943</InitialHandle>
		<ObjectProperties>
			<TextureVariation>0</TextureVariation>
		</ObjectProperties>
		<OpacityLevel>255</OpacityLevel>
		<LodDistance>16960</LodDistance>
		<IsVisible>true</IsVisible>
		<MaxHealth>1000</MaxHealth>
		<Health>1000</Health>
		<HasGravity>true</HasGravity>
		<IsOnFire>false</IsOnFire>
		<IsInvincible>false</IsInvincible>
		<IsBulletProof>false</IsBulletProof>
		<IsCollisionProof>true</IsCollisionProof>
		<IsExplosionProof>false</IsExplosionProof>
		<IsFireProof>false</IsFireProof>
		<IsMeleeProof>false</IsMeleeProof>
		<IsOnlyDamagedByPlayer>false</IsOnlyDamagedByPlayer>
		<PositionRotation>
			<X>2482.44067</X>
			<Y>3822.94287</Y>
			<Z>39.553463</Z>
			<Pitch>-0.803161621</Pitch>
			<Roll>-95.9051666</Roll>
			<Yaw>107.026924</Yaw>
		</PositionRotation>
		<Attachment isAttached="true">
			<AttachedTo>395522</AttachedTo>
			<BoneIndex>0</BoneIndex>
			<X>0.455999911</X>
			<Y>0.0960000306</Y>
			<Z>0.000999988988</Z>
			<Pitch>0</Pitch>
			<Roll>-90.0000076</Roll>
			<Yaw>1.71661377e-05</Yaw>
		</Attachment>
	</Placement>
	<Placement>
		<ModelHash>0xd42af531</ModelHash>
		<Type>3</Type>
		<Dynamic>false</Dynamic>
		<FrozenPos>true</FrozenPos>
		<HashName>vw_prop_casino_cards_02</HashName>
		<InitialHandle>125215</InitialHandle>
		<ObjectProperties>
			<TextureVariation>0</TextureVariation>
		</ObjectProperties>
		<OpacityLevel>255</OpacityLevel>
		<LodDistance>16960</LodDistance>
		<IsVisible>true</IsVisible>
		<MaxHealth>1000</MaxHealth>
		<Health>1000</Health>
		<HasGravity>true</HasGravity>
		<IsOnFire>false</IsOnFire>
		<IsInvincible>false</IsInvincible>
		<IsBulletProof>false</IsBulletProof>
		<IsCollisionProof>true</IsCollisionProof>
		<IsExplosionProof>false</IsExplosionProof>
		<IsFireProof>false</IsFireProof>
		<IsMeleeProof>false</IsMeleeProof>
		<IsOnlyDamagedByPlayer>false</IsOnlyDamagedByPlayer>
		<PositionRotation>
			<X>2482.46289</X>
			<Y>3822.06006</Y>
			<Z>39.4259415</Z>
			<Pitch>-5.90459585</Pitch>
			<Roll>90.8074417</Roll>
			<Yaw>-162.889999</Yaw>
		</PositionRotation>
		<Attachment isAttached="true">
			<AttachedTo>395522</AttachedTo>
			<BoneIndex>0</BoneIndex>
			<X>-0.403000027</X>
			<Y>0.335000187</Y>
			<Z>-0.0350000113</Z>
			<Pitch>0</Pitch>
			<Roll>90.0000076</Roll>
			<Yaw>90.0000076</Yaw>
		</Attachment>
	</Placement>
	<Placement>
		<ModelHash>0xd42af531</ModelHash>
		<Type>3</Type>
		<Dynamic>false</Dynamic>
		<FrozenPos>true</FrozenPos>
		<HashName>vw_prop_casino_cards_02</HashName>
		<InitialHandle>171297</InitialHandle>
		<ObjectProperties>
			<TextureVariation>0</TextureVariation>
		</ObjectProperties>
		<OpacityLevel>255</OpacityLevel>
		<LodDistance>16960</LodDistance>
		<IsVisible>true</IsVisible>
		<MaxHealth>1000</MaxHealth>
		<Health>1000</Health>
		<HasGravity>true</HasGravity>
		<IsOnFire>false</IsOnFire>
		<IsInvincible>false</IsInvincible>
		<IsBulletProof>false</IsBulletProof>
		<IsCollisionProof>true</IsCollisionProof>
		<IsExplosionProof>false</IsExplosionProof>
		<IsFireProof>false</IsFireProof>
		<IsMeleeProof>false</IsMeleeProof>
		<IsOnlyDamagedByPlayer>false</IsOnlyDamagedByPlayer>
		<PositionRotation>
			<X>2482.43652</X>
			<Y>3822.14551</Y>
			<Z>39.4351997</Z>
			<Pitch>-5.90459585</Pitch>
			<Roll>90.8074417</Roll>
			<Yaw>-162.889999</Yaw>
		</PositionRotation>
		<Attachment isAttached="true">
			<AttachedTo>395522</AttachedTo>
			<BoneIndex>0</BoneIndex>
			<X>-0.313000113</X>
			<Y>0.335000187</Y>
			<Z>-0.0350000113</Z>
			<Pitch>0</Pitch>
			<Roll>90.0000076</Roll>
			<Yaw>90.0000076</Yaw>
		</Attachment>
	</Placement>
	<Placement>
		<ModelHash>0xd42af531</ModelHash>
		<Type>3</Type>
		<Dynamic>false</Dynamic>
		<FrozenPos>true</FrozenPos>
		<HashName>vw_prop_casino_cards_02</HashName>
		<InitialHandle>271139</InitialHandle>
		<ObjectProperties>
			<TextureVariation>0</TextureVariation>
		</ObjectProperties>
		<OpacityLevel>255</OpacityLevel>
		<LodDistance>16960</LodDistance>
		<IsVisible>true</IsVisible>
		<MaxHealth>1000</MaxHealth>
		<Health>1000</Health>
		<HasGravity>true</HasGravity>
		<IsOnFire>false</IsOnFire>
		<IsInvincible>false</IsInvincible>
		<IsBulletProof>false</IsBulletProof>
		<IsCollisionProof>true</IsCollisionProof>
		<IsExplosionProof>false</IsExplosionProof>
		<IsFireProof>false</IsFireProof>
		<IsMeleeProof>false</IsMeleeProof>
		<IsOnlyDamagedByPlayer>false</IsOnlyDamagedByPlayer>
		<PositionRotation>
			<X>2482.25952</X>
			<Y>3822.84229</Y>
			<Z>39.6029587</Z>
			<Pitch>-83.8527222</Pitch>
			<Roll>7.52153444</Roll>
			<Yaw>-155.494308</Yaw>
		</PositionRotation>
		<Attachment isAttached="true">
			<AttachedTo>405762</AttachedTo>
			<BoneIndex>0</BoneIndex>
			<X>0.111000016</X>
			<Y>-0.0500000045</Y>
			<Z>0.0500000045</Z>
			<Pitch>-90.0000076</Pitch>
			<Roll>0</Roll>
			<Yaw>0</Yaw>
		</Attachment>
	</Placement>
	<Placement>
		<ModelHash>0xd42af531</ModelHash>
		<Type>3</Type>
		<Dynamic>false</Dynamic>
		<FrozenPos>true</FrozenPos>
		<HashName>vw_prop_casino_cards_02</HashName>
		<InitialHandle>640548</InitialHandle>
		<ObjectProperties>
			<TextureVariation>0</TextureVariation>
		</ObjectProperties>
		<OpacityLevel>255</OpacityLevel>
		<LodDistance>16960</LodDistance>
		<IsVisible>true</IsVisible>
		<MaxHealth>1000</MaxHealth>
		<Health>1000</Health>
		<HasGravity>true</HasGravity>
		<IsOnFire>false</IsOnFire>
		<IsInvincible>false</IsInvincible>
		<IsBulletProof>false</IsBulletProof>
		<IsCollisionProof>true</IsCollisionProof>
		<IsExplosionProof>false</IsExplosionProof>
		<IsFireProof>false</IsFireProof>
		<IsMeleeProof>false</IsMeleeProof>
		<IsOnlyDamagedByPlayer>false</IsOnlyDamagedByPlayer>
		<PositionRotation>
			<X>2482.26318</X>
			<Y>3822.83398</Y>
			<Z>39.5194435</Z>
			<Pitch>-83.8527222</Pitch>
			<Roll>7.52153444</Roll>
			<Yaw>-155.494308</Yaw>
		</PositionRotation>
		<Attachment isAttached="true">
			<AttachedTo>405762</AttachedTo>
			<BoneIndex>0</BoneIndex>
			<X>0.111000016</X>
			<Y>-0.0500000045</Y>
			<Z>-0.0340000093</Z>
			<Pitch>-90.0000076</Pitch>
			<Roll>0</Roll>
			<Yaw>0</Yaw>
		</Attachment>
	</Placement>
	<Placement>
		<ModelHash>0xd42af531</ModelHash>
		<Type>3</Type>
		<Dynamic>false</Dynamic>
		<FrozenPos>true</FrozenPos>
		<HashName>vw_prop_casino_cards_02</HashName>
		<InitialHandle>481316</InitialHandle>
		<ObjectProperties>
			<TextureVariation>0</TextureVariation>
		</ObjectProperties>
		<OpacityLevel>255</OpacityLevel>
		<LodDistance>16960</LodDistance>
		<IsVisible>true</IsVisible>
		<MaxHealth>1000</MaxHealth>
		<Health>1000</Health>
		<HasGravity>true</HasGravity>
		<IsOnFire>false</IsOnFire>
		<IsInvincible>false</IsInvincible>
		<IsBulletProof>false</IsBulletProof>
		<IsCollisionProof>true</IsCollisionProof>
		<IsExplosionProof>false</IsExplosionProof>
		<IsFireProof>false</IsFireProof>
		<IsMeleeProof>false</IsMeleeProof>
		<IsOnlyDamagedByPlayer>false</IsOnlyDamagedByPlayer>
		<PositionRotation>
			<X>2482.47168</X>
			<Y>3822.90723</Y>
			<Z>39.6060715</Z>
			<Pitch>-83.8527222</Pitch>
			<Roll>7.52153444</Roll>
			<Yaw>-155.494308</Yaw>
		</PositionRotation>
		<Attachment isAttached="true">
			<AttachedTo>405762</AttachedTo>
			<BoneIndex>0</BoneIndex>
			<X>-0.111000031</X>
			<Y>-0.0500000045</Y>
			<Z>0.0500000045</Z>
			<Pitch>-90.0000076</Pitch>
			<Roll>0</Roll>
			<Yaw>0</Yaw>
		</Attachment>
	</Placement>
	<Placement>
		<ModelHash>0xd42af531</ModelHash>
		<Type>3</Type>
		<Dynamic>false</Dynamic>
		<FrozenPos>true</FrozenPos>
		<HashName>vw_prop_casino_cards_02</HashName>
		<InitialHandle>473637</InitialHandle>
		<ObjectProperties>
			<TextureVariation>0</TextureVariation>
		</ObjectProperties>
		<OpacityLevel>255</OpacityLevel>
		<LodDistance>16960</LodDistance>
		<IsVisible>true</IsVisible>
		<MaxHealth>1000</MaxHealth>
		<Health>1000</Health>
		<HasGravity>true</HasGravity>
		<IsOnFire>false</IsOnFire>
		<IsInvincible>false</IsInvincible>
		<IsBulletProof>false</IsBulletProof>
		<IsCollisionProof>true</IsCollisionProof>
		<IsExplosionProof>false</IsExplosionProof>
		<IsFireProof>false</IsFireProof>
		<IsMeleeProof>false</IsMeleeProof>
		<IsOnlyDamagedByPlayer>false</IsOnlyDamagedByPlayer>
		<PositionRotation>
			<X>2482.47559</X>
			<Y>3822.89893</Y>
			<Z>39.5225563</Z>
			<Pitch>-83.8527222</Pitch>
			<Roll>7.52153444</Roll>
			<Yaw>-155.494308</Yaw>
		</PositionRotation>
		<Attachment isAttached="true">
			<AttachedTo>405762</AttachedTo>
			<BoneIndex>0</BoneIndex>
			<X>-0.111000046</X>
			<Y>-0.0500000045</Y>
			<Z>-0.0340000093</Z>
			<Pitch>-90.0000076</Pitch>
			<Roll>0</Roll>
			<Yaw>0</Yaw>
		</Attachment>
	</Placement>
	<Placement>
		<ModelHash>0xdca1f82c</ModelHash>
		<Type>3</Type>
		<Dynamic>false</Dynamic>
		<FrozenPos>true</FrozenPos>
		<HashName>ng_proc_cigpak01a</HashName>
		<InitialHandle>418855</InitialHandle>
		<ObjectProperties>
			<TextureVariation>0</TextureVariation>
		</ObjectProperties>
		<OpacityLevel>255</OpacityLevel>
		<LodDistance>16960</LodDistance>
		<IsVisible>true</IsVisible>
		<MaxHealth>1000</MaxHealth>
		<Health>1000</Health>
		<HasGravity>true</HasGravity>
		<IsOnFire>false</IsOnFire>
		<IsInvincible>false</IsInvincible>
		<IsBulletProof>false</IsBulletProof>
		<IsCollisionProof>true</IsCollisionProof>
		<IsExplosionProof>false</IsExplosionProof>
		<IsFireProof>false</IsFireProof>
		<IsMeleeProof>false</IsMeleeProof>
		<IsOnlyDamagedByPlayer>false</IsOnlyDamagedByPlayer>
		<PositionRotation>
			<X>2482.5249</X>
			<Y>3822.12915</Y>
			<Z>39.3817406</Z>
			<Pitch>0.852657676</Pitch>
			<Roll>-5.8982563</Roll>
			<Yaw>91.1122589</Yaw>
		</PositionRotation>
		<Attachment isAttached="true">
			<AttachedTo>395522</AttachedTo>
			<BoneIndex>0</BoneIndex>
			<X>-0.359999985</X>
			<Y>0.256000251</Y>
			<Z>-0.0850001127</Z>
			<Pitch>0</Pitch>
			<Roll>0</Roll>
			<Yaw>-16.0000019</Yaw>
		</Attachment>
	</Placement>
</SpoonerPlacements>
