<?xml version="1.0" encoding="ISO-8859-1"?>
<Vehicle>
	<ModelHash>0xd83c13ce</ModelHash>
	<VehicleProperties>
		<Colours>
			<Primary>57</Primary>
			<Secondary>0</Secondary>
			<Pearl>48</Pearl>
			<Rim>156</Rim>
			<Mod1_a>6</Mod1_a>
			<Mod1_b>-1</Mod1_b>
			<Mod1_c>-1</Mod1_c>
			<Mod2_a>1</Mod2_a>
			<Mod2_b>7</Mod2_b>
			<IsPrimaryColourCustom>false</IsPrimaryColourCustom>
			<IsSecondaryColourCustom>false</IsSecondaryColourCustom>
			<tyreSmoke_R>255</tyreSmoke_R>
			<tyreSmoke_G>255</tyreSmoke_G>
			<tyreSmoke_B>255</tyreSmoke_B>
			<LrInterior>0</LrInterior>
			<LrDashboard>0</LrDashboard>
		</Colours>
		<Livery>-1</Livery>
		<NumberPlateText>420BLAZE</NumberPlateText>
		<NumberPlateIndex>2</NumberPlateIndex>
		<WheelType>1</WheelType>
		<WindowTint>0</WindowTint>
		<BulletProofTyres>false</BulletProofTyres>
		<DirtLevel>4.14872742</DirtLevel>
		<PaintFade>0.215686291</PaintFade>
		<RoofState>0</RoofState>
		<Neons>
			<Left>true</Left>
			<Right>true</Right>
			<Front>true</Front>
			<Back>true</Back>
			<R>94</R>
			<G>255</G>
			<B>1</B>
		</Neons>
		<ModExtras>
			<_1>false</_1>
			<_10>false</_10>
			<_11>true</_11>
		</ModExtras>
		<Mods>
			<_0>-1,0</_0>
			<_1>-1,0</_1>
			<_2>-1,0</_2>
			<_3>-1,0</_3>
			<_4>-1,0</_4>
			<_5>-1,0</_5>
			<_6>-1,0</_6>
			<_7>-1,0</_7>
			<_8>-1,0</_8>
			<_9>-1,0</_9>
			<_10>0,0</_10>
			<_11>-1,0</_11>
			<_12>-1,0</_12>
			<_13>-1,0</_13>
			<_14>-1,0</_14>
			<_15>-1,0</_15>
			<_16>-1,0</_16>
			<_17>false</_17>
			<_18>false</_18>
			<_19>false</_19>
			<_20>false</_20>
			<_21>false</_21>
			<_22>false</_22>
			<_23>-1,0</_23>
			<_24>-1,0</_24>
			<_25>-1,0</_25>
			<_26>-1,0</_26>
			<_27>-1,0</_27>
			<_28>-1,0</_28>
			<_29>-1,0</_29>
			<_30>-1,0</_30>
			<_31>-1,0</_31>
			<_32>-1,0</_32>
			<_33>-1,0</_33>
			<_34>-1,0</_34>
			<_35>-1,0</_35>
			<_36>-1,0</_36>
			<_37>-1,0</_37>
			<_38>-1,0</_38>
			<_39>-1,0</_39>
			<_40>-1,0</_40>
			<_41>-1,0</_41>
			<_42>-1,0</_42>
			<_43>-1,0</_43>
			<_44>-1,0</_44>
			<_45>-1,0</_45>
			<_46>-1,0</_46>
			<_47>-1,0</_47>
			<_48>-1,0</_48>
		</Mods>
		<DoorsOpen>
			<BackLeftDoor>false</BackLeftDoor>
			<BackRightDoor>false</BackRightDoor>
			<FrontLeftDoor>false</FrontLeftDoor>
			<FrontRightDoor>false</FrontRightDoor>
			<Hood>false</Hood>
			<Trunk>false</Trunk>
			<Trunk2>false</Trunk2>
		</DoorsOpen>
		<DoorsBroken>
			<BackLeftDoor>false</BackLeftDoor>
			<BackRightDoor>false</BackRightDoor>
			<FrontLeftDoor>false</FrontLeftDoor>
			<FrontRightDoor>false</FrontRightDoor>
			<Hood>false</Hood>
			<Trunk>false</Trunk>
			<Trunk2>false</Trunk2>
		</DoorsBroken>
	</VehicleProperties>
	<OpacityLevel>255</OpacityLevel>
	<LodDistance>16960</LodDistance>
	<IsVisible>true</IsVisible>
	<IsOnFire>false</IsOnFire>
	<IsInvincible>false</IsInvincible>
	<IsBulletProof>false</IsBulletProof>
	<IsExplosionProof>false</IsExplosionProof>
	<IsFireProof>false</IsFireProof>
	<IsMeleeProof>false</IsMeleeProof>
	<IsOnlyDamagedByPlayer>false</IsOnlyDamagedByPlayer>
	<SpoonerAttachments SetAttachmentsPersistentAndAddToSpoonerDatabase="true">
		<Attachment>
			<ModelHash>0x3a12a4ba</ModelHash>
			<Type>3</Type>
			<Dynamic>false</Dynamic>
			<HashName>prop_protest_table_01</HashName>
			<InitialHandle>483079</InitialHandle>
			<OpacityLevel>255</OpacityLevel>
			<LodDistance>16960</LodDistance>
			<IsVisible>true</IsVisible>
			<Health>1000</Health>
			<IsOnFire>false</IsOnFire>
			<IsInvincible>false</IsInvincible>
			<IsBulletProof>false</IsBulletProof>
			<IsCollisionProof>false</IsCollisionProof>
			<IsExplosionProof>false</IsExplosionProof>
			<IsFireProof>false</IsFireProof>
			<IsMeleeProof>false</IsMeleeProof>
			<IsOnlyDamagedByPlayer>false</IsOnlyDamagedByPlayer>
			<PositionRotation>
				<X>-907.026306</X>
				<Y>-1528.43384</Y>
				<Z>4.96250439</Z>
				<Pitch>-0.013143111</Pitch>
				<Roll>0.575876355</Roll>
				<Yaw>-158.58223</Yaw>
			</PositionRotation>
			<Attachment isAttached="true">
				<AttachedTo>VEHICLE</AttachedTo>
				<BoneIndex>0</BoneIndex>
				<X>-0.439999908</X>
				<Y>-1.02000022</Y>
				<Z>0.800000012</Z>
				<Pitch>0</Pitch>
				<Roll>0</Roll>
				<Yaw>-90.0000076</Yaw>
			</Attachment>
		</Attachment>
		<Attachment>
			<ModelHash>0x3a12a4ba</ModelHash>
			<Type>3</Type>
			<Dynamic>false</Dynamic>
			<HashName>prop_protest_table_01</HashName>
			<InitialHandle>75784</InitialHandle>
			<OpacityLevel>255</OpacityLevel>
			<LodDistance>16960</LodDistance>
			<IsVisible>true</IsVisible>
			<Health>1000</Health>
			<IsOnFire>false</IsOnFire>
			<IsInvincible>false</IsInvincible>
			<IsBulletProof>false</IsBulletProof>
			<IsCollisionProof>false</IsCollisionProof>
			<IsExplosionProof>false</IsExplosionProof>
			<IsFireProof>false</IsFireProof>
			<IsMeleeProof>false</IsMeleeProof>
			<IsOnlyDamagedByPlayer>false</IsOnlyDamagedByPlayer>
			<PositionRotation>
				<X>-906.704956</X>
				<Y>-1529.25305</Y>
				<Z>4.96230221</Z>
				<Pitch>0.013143111</Pitch>
				<Roll>-0.575876355</Roll>
				<Yaw>21.4177551</Yaw>
			</PositionRotation>
			<Attachment isAttached="true">
				<AttachedTo>VEHICLE</AttachedTo>
				<BoneIndex>0</BoneIndex>
				<X>0.440000027</X>
				<Y>-1.0200001</Y>
				<Z>0.799999595</Z>
				<Pitch>0</Pitch>
				<Roll>0</Roll>
				<Yaw>90.0000076</Yaw>
			</Attachment>
		</Attachment>
		<Attachment>
			<ModelHash>0xdf007c62</ModelHash>
			<Type>3</Type>
			<Dynamic>false</Dynamic>
			<HashName>hei_prop_heist_weed_pallet</HashName>
			<InitialHandle>482823</InitialHandle>
			<OpacityLevel>255</OpacityLevel>
			<LodDistance>16960</LodDistance>
			<IsVisible>true</IsVisible>
			<Health>1000</Health>
			<IsOnFire>false</IsOnFire>
			<IsInvincible>false</IsInvincible>
			<IsBulletProof>false</IsBulletProof>
			<IsCollisionProof>false</IsCollisionProof>
			<IsExplosionProof>false</IsExplosionProof>
			<IsFireProof>false</IsFireProof>
			<IsMeleeProof>false</IsMeleeProof>
			<IsOnlyDamagedByPlayer>false</IsOnlyDamagedByPlayer>
			<PositionRotation>
				<X>-906.942688</X>
				<Y>-1528.87378</Y>
				<Z>5.24158478</Z>
				<Pitch>0.013143111</Pitch>
				<Roll>-0.575876355</Roll>
				<Yaw>21.4177551</Yaw>
			</PositionRotation>
			<Attachment isAttached="true">
				<AttachedTo>VEHICLE</AttachedTo>
				<BoneIndex>0</BoneIndex>
				<X>0</X>
				<Y>-1.10000014</Y>
				<Z>1.07999933</Z>
				<Pitch>0</Pitch>
				<Roll>0</Roll>
				<Yaw>90.0000076</Yaw>
			</Attachment>
		</Attachment>
		<Attachment>
			<ModelHash>0x6738be12</ModelHash>
			<Type>3</Type>
			<Dynamic>false</Dynamic>
			<HashName>prop_disp_cabinet_002</HashName>
			<InitialHandle>35848</InitialHandle>
			<OpacityLevel>255</OpacityLevel>
			<LodDistance>16960</LodDistance>
			<IsVisible>true</IsVisible>
			<Health>1000</Health>
			<IsOnFire>false</IsOnFire>
			<IsInvincible>false</IsInvincible>
			<IsBulletProof>false</IsBulletProof>
			<IsCollisionProof>false</IsCollisionProof>
			<IsExplosionProof>false</IsExplosionProof>
			<IsFireProof>false</IsFireProof>
			<IsMeleeProof>false</IsMeleeProof>
			<IsOnlyDamagedByPlayer>false</IsOnlyDamagedByPlayer>
			<PositionRotation>
				<X>-907.766846</X>
				<Y>-1529.46545</Y>
				<Z>4.57161093</Z>
				<Pitch>0.575876474</Pitch>
				<Roll>0.0131438132</Roll>
				<Yaw>-68.5823746</Yaw>
			</PositionRotation>
			<Attachment isAttached="true">
				<AttachedTo>VEHICLE</AttachedTo>
				<BoneIndex>0</BoneIndex>
				<X>0.250000089</X>
				<Y>-2.08999848</Y>
				<Z>0.419999957</Z>
				<Pitch>0</Pitch>
				<Roll>0</Roll>
				<Yaw>0</Yaw>
			</Attachment>
		</Attachment>
		<Attachment>
			<ModelHash>0xed665e27</ModelHash>
			<Type>3</Type>
			<Dynamic>false</Dynamic>
			<HashName>hei_p_post_heist_weed_stash</HashName>
			<InitialHandle>492039</InitialHandle>
			<OpacityLevel>255</OpacityLevel>
			<LodDistance>16960</LodDistance>
			<IsVisible>true</IsVisible>
			<Health>1000</Health>
			<IsOnFire>false</IsOnFire>
			<IsInvincible>false</IsInvincible>
			<IsBulletProof>false</IsBulletProof>
			<IsCollisionProof>false</IsCollisionProof>
			<IsExplosionProof>false</IsExplosionProof>
			<IsFireProof>false</IsFireProof>
			<IsMeleeProof>false</IsMeleeProof>
			<IsOnlyDamagedByPlayer>false</IsOnlyDamagedByPlayer>
			<PositionRotation>
				<X>-905.903687</X>
				<Y>-1534.28796</Y>
				<Z>4.02013111</Z>
				<Pitch>0.380230993</Pitch>
				<Roll>-0.432704985</Roll>
				<Yaw>-18.580862</Yaw>
			</PositionRotation>
			<Attachment isAttached="true">
				<AttachedTo>VEHICLE</AttachedTo>
				<BoneIndex>0</BoneIndex>
				<X>5.42000008</X>
				<Y>-2.12200403</Y>
				<Z>-0.13000001</Z>
				<Pitch>0</Pitch>
				<Roll>0</Roll>
				<Yaw>50.0000076</Yaw>
			</Attachment>
		</Attachment>
		<Attachment>
			<ModelHash>0xf0a61994</ModelHash>
			<Type>3</Type>
			<Dynamic>false</Dynamic>
			<HashName>prop_bong_01</HashName>
			<InitialHandle>500231</InitialHandle>
			<OpacityLevel>255</OpacityLevel>
			<LodDistance>16960</LodDistance>
			<IsVisible>true</IsVisible>
			<Health>1000</Health>
			<IsOnFire>false</IsOnFire>
			<IsInvincible>false</IsInvincible>
			<IsBulletProof>false</IsBulletProof>
			<IsCollisionProof>false</IsCollisionProof>
			<IsExplosionProof>false</IsExplosionProof>
			<IsFireProof>false</IsFireProof>
			<IsMeleeProof>false</IsMeleeProof>
			<IsOnlyDamagedByPlayer>false</IsOnlyDamagedByPlayer>
			<PositionRotation>
				<X>-907.778198</X>
				<Y>-1529.27661</Y>
				<Z>4.73224735</Z>
				<Pitch>0.575876474</Pitch>
				<Roll>0.0131438132</Roll>
				<Yaw>-68.5823746</Yaw>
			</PositionRotation>
			<Attachment isAttached="true">
				<AttachedTo>VEHICLE</AttachedTo>
				<BoneIndex>0</BoneIndex>
				<X>0.0700000077</X>
				<Y>-2.02999902</Y>
				<Z>0.580000103</Z>
				<Pitch>0</Pitch>
				<Roll>0</Roll>
				<Yaw>0</Yaw>
			</Attachment>
		</Attachment>
		<Attachment>
			<ModelHash>0x093eba87</ModelHash>
			<Type>3</Type>
			<Dynamic>false</Dynamic>
			<HashName>hei_prop_drug_statue_01</HashName>
			<InitialHandle>6920</InitialHandle>
			<OpacityLevel>255</OpacityLevel>
			<LodDistance>16960</LodDistance>
			<IsVisible>true</IsVisible>
			<Health>1000</Health>
			<IsOnFire>false</IsOnFire>
			<IsInvincible>false</IsInvincible>
			<IsBulletProof>false</IsBulletProof>
			<IsCollisionProof>false</IsCollisionProof>
			<IsExplosionProof>false</IsExplosionProof>
			<IsFireProof>false</IsFireProof>
			<IsMeleeProof>false</IsMeleeProof>
			<IsOnlyDamagedByPlayer>false</IsOnlyDamagedByPlayer>
			<PositionRotation>
				<X>-907.898071</X>
				<Y>-1529.40955</Y>
				<Z>4.74162006</Z>
				<Pitch>0.575876474</Pitch>
				<Roll>0.0131438132</Roll>
				<Yaw>-68.5823746</Yaw>
			</PositionRotation>
			<Attachment isAttached="true">
				<AttachedTo>VEHICLE</AttachedTo>
				<BoneIndex>0</BoneIndex>
				<X>0.150000036</X>
				<Y>-2.19000006</Y>
				<Z>0.590999782</Z>
				<Pitch>0</Pitch>
				<Roll>0</Roll>
				<Yaw>0</Yaw>
			</Attachment>
		</Attachment>
		<Attachment>
			<ModelHash>0x9ed58c86</ModelHash>
			<Type>3</Type>
			<Dynamic>false</Dynamic>
			<HashName>p_cs_joint_01</HashName>
			<InitialHandle>465671</InitialHandle>
			<OpacityLevel>255</OpacityLevel>
			<LodDistance>16960</LodDistance>
			<IsVisible>true</IsVisible>
			<Health>1000</Health>
			<IsOnFire>false</IsOnFire>
			<IsInvincible>false</IsInvincible>
			<IsBulletProof>false</IsBulletProof>
			<IsCollisionProof>false</IsCollisionProof>
			<IsExplosionProof>false</IsExplosionProof>
			<IsFireProof>false</IsFireProof>
			<IsMeleeProof>false</IsMeleeProof>
			<IsOnlyDamagedByPlayer>false</IsOnlyDamagedByPlayer>
			<PositionRotation>
				<X>-908.071655</X>
				<Y>-1529.10156</Y>
				<Z>4.66020203</Z>
				<Pitch>0.449592441</Pitch>
				<Roll>-0.360105217</Roll>
				<Yaw>-28.5809002</Yaw>
			</PositionRotation>
			<Attachment isAttached="true">
				<AttachedTo>VEHICLE</AttachedTo>
				<BoneIndex>0</BoneIndex>
				<X>-0.200000033</X>
				<Y>-2.2400012</Y>
				<Z>0.510000169</Z>
				<Pitch>0</Pitch>
				<Roll>0</Roll>
				<Yaw>40</Yaw>
			</Attachment>
		</Attachment>
		<Attachment>
			<ModelHash>0xc6b85c33</ModelHash>
			<Type>3</Type>
			<Dynamic>false</Dynamic>
			<HashName>p_cs_joint_02</HashName>
			<InitialHandle>437765</InitialHandle>
			<OpacityLevel>255</OpacityLevel>
			<LodDistance>16960</LodDistance>
			<IsVisible>true</IsVisible>
			<Health>1000</Health>
			<IsOnFire>false</IsOnFire>
			<IsInvincible>false</IsInvincible>
			<IsBulletProof>false</IsBulletProof>
			<IsCollisionProof>false</IsCollisionProof>
			<IsExplosionProof>false</IsExplosionProof>
			<IsFireProof>false</IsFireProof>
			<IsMeleeProof>false</IsMeleeProof>
			<IsOnlyDamagedByPlayer>false</IsOnlyDamagedByPlayer>
			<PositionRotation>
				<X>-908.139771</X>
				<Y>-1529.01013</Y>
				<Z>4.65992594</Z>
				<Pitch>0.184607744</Pitch>
				<Roll>0.545644045</Roll>
				<Yaw>-138.583191</Yaw>
			</PositionRotation>
			<Attachment isAttached="true">
				<AttachedTo>VEHICLE</AttachedTo>
				<BoneIndex>0</BoneIndex>
				<X>-0.310000002</X>
				<Y>-2.26999998</Y>
				<Z>0.510000169</Z>
				<Pitch>0</Pitch>
				<Roll>0</Roll>
				<Yaw>-70.0000076</Yaw>
			</Attachment>
		</Attachment>
		<Attachment>
			<ModelHash>0xe6cb661e</ModelHash>
			<Type>3</Type>
			<Dynamic>false</Dynamic>
			<HashName>prop_cs_dildo_01</HashName>
			<InitialHandle>461575</InitialHandle>
			<OpacityLevel>255</OpacityLevel>
			<LodDistance>16960</LodDistance>
			<IsVisible>true</IsVisible>
			<Health>1000</Health>
			<IsOnFire>false</IsOnFire>
			<IsInvincible>false</IsInvincible>
			<IsBulletProof>false</IsBulletProof>
			<IsCollisionProof>false</IsCollisionProof>
			<IsExplosionProof>false</IsExplosionProof>
			<IsFireProof>false</IsFireProof>
			<IsMeleeProof>false</IsMeleeProof>
			<IsOnlyDamagedByPlayer>false</IsOnlyDamagedByPlayer>
			<PositionRotation>
				<X>-907.79425</X>
				<Y>-1529.64807</Y>
				<Z>4.79065895</Z>
				<Pitch>0.575876474</Pitch>
				<Roll>0.0131438132</Roll>
				<Yaw>-68.5823746</Yaw>
			</PositionRotation>
			<Attachment isAttached="true">
				<AttachedTo>VEHICLE</AttachedTo>
				<BoneIndex>0</BoneIndex>
				<X>0.409999937</X>
				<Y>-2.18000007</Y>
				<Z>0.640000165</Z>
				<Pitch>0</Pitch>
				<Roll>0</Roll>
				<Yaw>0</Yaw>
			</Attachment>
		</Attachment>
		<Attachment>
			<ModelHash>0xca6d8185</ModelHash>
			<Type>3</Type>
			<Dynamic>false</Dynamic>
			<HashName>prop_metalfoodjar_01</HashName>
			<InitialHandle>133127</InitialHandle>
			<OpacityLevel>255</OpacityLevel>
			<LodDistance>16960</LodDistance>
			<IsVisible>true</IsVisible>
			<Health>1000</Health>
			<IsOnFire>false</IsOnFire>
			<IsInvincible>false</IsInvincible>
			<IsBulletProof>false</IsBulletProof>
			<IsCollisionProof>false</IsCollisionProof>
			<IsExplosionProof>false</IsExplosionProof>
			<IsFireProof>false</IsFireProof>
			<IsMeleeProof>false</IsMeleeProof>
			<IsOnlyDamagedByPlayer>false</IsOnlyDamagedByPlayer>
			<PositionRotation>
				<X>-907.921265</X>
				<Y>-1528.82776</Y>
				<Z>4.66266012</Z>
				<Pitch>0.575876474</Pitch>
				<Roll>0.0131438132</Roll>
				<Yaw>-68.5823746</Yaw>
			</PositionRotation>
			<Attachment isAttached="true">
				<AttachedTo>VEHICLE</AttachedTo>
				<BoneIndex>0</BoneIndex>
				<X>-0.400000066</X>
				<Y>-2.00000024</Y>
				<Z>0.51000005</Z>
				<Pitch>0</Pitch>
				<Roll>0</Roll>
				<Yaw>0</Yaw>
			</Attachment>
		</Attachment>
		<Attachment>
			<ModelHash>0xedc48f9f</ModelHash>
			<Type>3</Type>
			<Dynamic>false</Dynamic>
			<HashName>prop_weed_02</HashName>
			<InitialHandle>468743</InitialHandle>
			<OpacityLevel>255</OpacityLevel>
			<LodDistance>16960</LodDistance>
			<IsVisible>true</IsVisible>
			<Health>1000</Health>
			<IsOnFire>false</IsOnFire>
			<IsInvincible>false</IsInvincible>
			<IsBulletProof>false</IsBulletProof>
			<IsCollisionProof>false</IsCollisionProof>
			<IsExplosionProof>false</IsExplosionProof>
			<IsFireProof>false</IsFireProof>
			<IsMeleeProof>false</IsMeleeProof>
			<IsOnlyDamagedByPlayer>false</IsOnlyDamagedByPlayer>
			<PositionRotation>
				<X>-907.911072</X>
				<Y>-1528.80237</Y>
				<Z>4.7828598</Z>
				<Pitch>-0.264257193</Pitch>
				<Roll>0.51183629</Roll>
				<Yaw>175.418884</Yaw>
			</PositionRotation>
			<Attachment isAttached="true">
				<AttachedTo>VEHICLE</AttachedTo>
				<BoneIndex>0</BoneIndex>
				<X>-0.420000046</X>
				<Y>-1.98000026</Y>
				<Z>0.630000174</Z>
				<Pitch>0</Pitch>
				<Roll>0</Roll>
				<Yaw>244.000015</Yaw>
			</Attachment>
		</Attachment>
		<Attachment>
			<ModelHash>0x3b5f7e01</ModelHash>
			<Type>3</Type>
			<Dynamic>false</Dynamic>
			<HashName>prop_ashtray_01</HashName>
			<InitialHandle>41224</InitialHandle>
			<OpacityLevel>255</OpacityLevel>
			<LodDistance>16960</LodDistance>
			<IsVisible>true</IsVisible>
			<Health>1000</Health>
			<IsOnFire>false</IsOnFire>
			<IsInvincible>false</IsInvincible>
			<IsBulletProof>false</IsBulletProof>
			<IsCollisionProof>false</IsCollisionProof>
			<IsExplosionProof>false</IsExplosionProof>
			<IsFireProof>false</IsFireProof>
			<IsMeleeProof>false</IsMeleeProof>
			<IsOnlyDamagedByPlayer>false</IsOnlyDamagedByPlayer>
			<PositionRotation>
				<X>-908.006348</X>
				<Y>-1529.02234</Y>
				<Z>4.68111706</Z>
				<Pitch>0.575876474</Pitch>
				<Roll>0.0131438132</Roll>
				<Yaw>-68.5823746</Yaw>
			</PositionRotation>
			<Attachment isAttached="true">
				<AttachedTo>VEHICLE</AttachedTo>
				<BoneIndex>0</BoneIndex>
				<X>-0.250000089</X>
				<Y>-2.1500001</Y>
				<Z>0.530000031</Z>
				<Pitch>0</Pitch>
				<Roll>0</Roll>
				<Yaw>0</Yaw>
			</Attachment>
		</Attachment>
		<Attachment>
			<ModelHash>0xd7776962</ModelHash>
			<Type>3</Type>
			<Dynamic>false</Dynamic>
			<HashName>p_cs_lighter_01</HashName>
			<InitialHandle>452359</InitialHandle>
			<OpacityLevel>255</OpacityLevel>
			<LodDistance>16960</LodDistance>
			<IsVisible>true</IsVisible>
			<Health>1000</Health>
			<IsOnFire>false</IsOnFire>
			<IsInvincible>false</IsInvincible>
			<IsBulletProof>false</IsBulletProof>
			<IsCollisionProof>false</IsCollisionProof>
			<IsExplosionProof>false</IsExplosionProof>
			<IsFireProof>false</IsFireProof>
			<IsMeleeProof>false</IsMeleeProof>
			<IsOnlyDamagedByPlayer>false</IsOnlyDamagedByPlayer>
			<PositionRotation>
				<X>-908.16333</X>
				<Y>-1528.92273</Y>
				<Z>4.66004705</Z>
				<Pitch>-89.424263</Pitch>
				<Roll>-53.6923294</Roll>
				<Yaw>-67.2746429</Yaw>
			</PositionRotation>
			<Attachment isAttached="true">
				<AttachedTo>VEHICLE</AttachedTo>
				<BoneIndex>1</BoneIndex>
				<X>-0.400000066</X>
				<Y>-2.26000071</Y>
				<Z>0.510000169</Z>
				<Pitch>-90</Pitch>
				<Roll>0</Roll>
				<Yaw>55.0000038</Yaw>
			</Attachment>
		</Attachment>
		<Attachment>
			<ModelHash>0x2fd800b7</ModelHash>
			<Type>1</Type>
			<Dynamic>true</Dynamic>
			<HashName>Fish</HashName>
			<InitialHandle>369925</InitialHandle>
			<PedProperties>
				<IsStill>true</IsStill>
				<CurrentWeapon>0xf9fbaebe</CurrentWeapon>
				<PedProps>
					<_0>-1,-1</_0>
					<_1>-1,-1</_1>
					<_2>-1,-1</_2>
					<_3>-1,-1</_3>
					<_4>-1,-1</_4>
					<_5>-1,-1</_5>
					<_6>-1,-1</_6>
					<_7>-1,-1</_7>
					<_8>-1,-1</_8>
					<_9>-1,-1</_9>
				</PedProps>
				<PedComps>
					<_0>1,2</_0>
					<_1>0,0</_1>
					<_2>0,0</_2>
					<_3>0,0</_3>
					<_4>0,0</_4>
					<_5>0,0</_5>
					<_6>0,0</_6>
					<_7>0,0</_7>
					<_8>0,0</_8>
					<_9>0,0</_9>
					<_10>0,0</_10>
					<_11>0,0</_11>
				</PedComps>
				<RelationshipGroupAltered>false</RelationshipGroupAltered>
				<RelationshipGroup>0xfade4843</RelationshipGroup>
				<ScenarioActive>false</ScenarioActive>
				<AnimActive>false</AnimActive>
				<PtfxLopAsset>scr_familyscenem</PtfxLopAsset>
				<PtfxLopEffect>scr_meth_pipe_smoke</PtfxLopEffect>
			</PedProperties>
			<OpacityLevel>255</OpacityLevel>
			<LodDistance>16960</LodDistance>
			<IsVisible>false</IsVisible>
			<Health>0</Health>
			<IsOnFire>false</IsOnFire>
			<IsInvincible>true</IsInvincible>
			<IsBulletProof>false</IsBulletProof>
			<IsCollisionProof>true</IsCollisionProof>
			<IsExplosionProof>false</IsExplosionProof>
			<IsFireProof>false</IsFireProof>
			<IsMeleeProof>false</IsMeleeProof>
			<IsOnlyDamagedByPlayer>false</IsOnlyDamagedByPlayer>
			<PositionRotation>
				<X>-905.825867</X>
				<Y>-1527.83411</Y>
				<Z>5.31598282</Z>
				<Pitch>0.0131432172</Pitch>
				<Roll>-0.575876415</Roll>
				<Yaw>21.4177456</Yaw>
			</PositionRotation>
			<Attachment isAttached="true">
				<AttachedTo>VEHICLE</AttachedTo>
				<BoneIndex>0</BoneIndex>
				<X>-0.560001016</X>
				<Y>0.319999963</Y>
				<Z>1.1400001</Z>
				<Pitch>0</Pitch>
				<Roll>0</Roll>
				<Yaw>89.9999924</Yaw>
			</Attachment>
		</Attachment>
		<Attachment>
			<ModelHash>0x2fd800b7</ModelHash>
			<Type>1</Type>
			<Dynamic>true</Dynamic>
			<HashName>Fish</HashName>
			<InitialHandle>173066</InitialHandle>
			<PedProperties>
				<IsStill>true</IsStill>
				<CurrentWeapon>0x00000000</CurrentWeapon>
				<PedProps>
					<_0>-1,-1</_0>
					<_1>-1,-1</_1>
					<_2>-1,-1</_2>
					<_3>-1,-1</_3>
					<_4>-1,-1</_4>
					<_5>-1,-1</_5>
					<_6>-1,-1</_6>
					<_7>-1,-1</_7>
					<_8>-1,-1</_8>
					<_9>-1,-1</_9>
				</PedProps>
				<PedComps>
					<_0>1,2</_0>
					<_1>0,0</_1>
					<_2>0,0</_2>
					<_3>0,0</_3>
					<_4>0,0</_4>
					<_5>0,0</_5>
					<_6>0,0</_6>
					<_7>0,0</_7>
					<_8>0,0</_8>
					<_9>0,0</_9>
					<_10>0,0</_10>
					<_11>0,0</_11>
				</PedComps>
				<RelationshipGroupAltered>false</RelationshipGroupAltered>
				<RelationshipGroup>0xfade4843</RelationshipGroup>
				<ScenarioActive>false</ScenarioActive>
				<AnimActive>false</AnimActive>
				<PtfxLopAsset>scr_familyscenem</PtfxLopAsset>
				<PtfxLopEffect>scr_meth_pipe_smoke</PtfxLopEffect>
			</PedProperties>
			<OpacityLevel>255</OpacityLevel>
			<LodDistance>16960</LodDistance>
			<IsVisible>false</IsVisible>
			<Health>0</Health>
			<IsOnFire>false</IsOnFire>
			<IsInvincible>true</IsInvincible>
			<IsBulletProof>false</IsBulletProof>
			<IsCollisionProof>true</IsCollisionProof>
			<IsExplosionProof>false</IsExplosionProof>
			<IsFireProof>false</IsFireProof>
			<IsMeleeProof>false</IsMeleeProof>
			<IsOnlyDamagedByPlayer>false</IsOnlyDamagedByPlayer>
			<PositionRotation>
				<X>-905.41687</X>
				<Y>-1528.87683</Y>
				<Z>5.31572533</Z>
				<Pitch>-0.0131433373</Pitch>
				<Roll>0.575876415</Roll>
				<Yaw>-158.58226</Yaw>
			</PositionRotation>
			<Attachment isAttached="true">
				<AttachedTo>VEHICLE</AttachedTo>
				<BoneIndex>0</BoneIndex>
				<X>0.559999764</X>
				<Y>0.319999963</Y>
				<Z>1.13999927</Z>
				<Pitch>0</Pitch>
				<Roll>0</Roll>
				<Yaw>-90.0000229</Yaw>
			</Attachment>
		</Attachment>
	</SpoonerAttachments>
</Vehicle>
