<?xml version="1.0" encoding="ISO-8859-1"?>
<OutfitPedData>
	<ModelHash>0x9c9effd8</ModelHash>
	<Type>1</Type>
	<Dynamic>true</Dynamic>
	<HashName>0x9c9effd8</HashName>
	<InitialHandle>70146</InitialHandle>
	<PedProperties>
		<IsStill>false</IsStill>
		<CanRagdoll>true</CanRagdoll>
		<HasShortHeight>false</HasShortHeight>
		<CurrentWeapon>0xa2719263</CurrentWeapon>
		<PedProps>
			<_0>62,1</_0>
			<_1>-1,-1</_1>
			<_2>-1,-1</_2>
			<_3>-1,-1</_3>
			<_4>-1,-1</_4>
			<_5>-1,-1</_5>
			<_6>-1,-1</_6>
			<_7>-1,-1</_7>
			<_8>-1,-1</_8>
			<_9>-1,-1</_9>
		</PedProps>
		<PedComps>
			<_0>0,0</_0>
			<_1>0,0</_1>
			<_2>-1,-1</_2>
			<_3>117,1</_3>
			<_4>61,1</_4>
			<_5>0,0</_5>
			<_6>24,0</_6>
			<_7>0,0</_7>
			<_8>2,0</_8>
			<_9>0,0</_9>
			<_10>0,0</_10>
			<_11>54,3</_11>
		</PedComps>
		<HeadFeatures WasInArray="false">
			<ShapeAndSkinTone>
				<ShapeFatherId>32872</ShapeFatherId>
				<ShapeMotherId>32880</ShapeMotherId>
				<ShapeOverrideId>0</ShapeOverrideId>
				<ToneFatherId>-481429840</ToneFatherId>
				<ToneMotherId>1</ToneMotherId>
				<ToneOverrideId>879813280</ToneOverrideId>
				<ShapeVal>1.40129846e-045</ShapeVal>
				<ToneVal>9.80908925e-044</ToneVal>
				<OverrideVal>4.59177481e-041</OverrideVal>
				<IsP>-563185851</IsP>
			</ShapeAndSkinTone>
		</HeadFeatures>
		<TattooLogoDecals />
		<RelationshipGroupAltered>false</RelationshipGroupAltered>
		<RelationshipGroup>0x6f0783f5</RelationshipGroup>
		<ScenarioActive>false</ScenarioActive>
		<AnimActive>false</AnimActive>
	</PedProperties>
	<OpacityLevel>255</OpacityLevel>
	<LodDistance>240</LodDistance>
	<IsVisible>true</IsVisible>
	<MaxHealth>175</MaxHealth>
	<Health>175</Health>
	<IsOnFire>false</IsOnFire>
	<IsInvincible>true</IsInvincible>
	<IsBulletProof>true</IsBulletProof>
	<IsCollisionProof>true</IsCollisionProof>
	<IsExplosionProof>true</IsExplosionProof>
	<IsFireProof>false</IsFireProof>
	<IsMeleeProof>true</IsMeleeProof>
	<IsOnlyDamagedByPlayer>false</IsOnlyDamagedByPlayer>
	<PositionRotation>
		<X>1717.2522</X>
		<Y>3257.21387</Y>
		<Z>41.1239128</Z>
		<Pitch>0</Pitch>
		<Roll>-0</Roll>
		<Yaw>97.0657578</Yaw>
	</PositionRotation>
	<Attachment isAttached="false" />
	<SpoonerAttachments SetAttachmentsPersistentAndAddToSpoonerDatabase="false" />
</OutfitPedData>
